tipo,clave,ingles_ss_4.10.2,espanol_propuesto,espanol_thord_4.10.1
nueva,IASI_Badge_Reward_Collection_T1_Desc,You've been awarded: Salvation Glacier Livery and Delphi RS-20 Radar,Has recibido: Pintura Salvation Glacier y radar Delphi RS-20,
nueva,IASI_Badge_Reward_Collection_T1_Title,RSI Disc. Collection Tier 1 Reward,Recompensa RSI Disc. Colección Nivel 1,
nueva,IASI_Badge_Reward_Collection_T2_Desc,You've been awarded: Mantis PHB and TSB Flight Blades,Has recibido: Flight Blades PHB y TSB del Mantis,
nueva,IASI_Badge_Reward_Collection_T2_Title,RSI Disc. Collection Tier 2 Reward,Recompensa RSI Disc. Colección Nivel 2,
nueva,IASI_Badge_Reward_Collection_T3_Desc,You've been awarded: Delphi RS-30 Radar,Has recibido: radar Delphi RS-30,
nueva,IASI_Badge_Reward_Collection_T3_Title,RSI Disc. Collection Tier 3 Reward,Recompensa RSI Disc. Colección Nivel 3,
nueva,IASI_Badge_Reward_Collection_T4_Desc,"You've been awarded: Cambio-II ""Glacier"" SRT","Has recibido: Cambio-II ""Glacier"" SRT",
nueva,IASI_Badge_Reward_Collection_T4_Title,RSI Disc. Collection Tier 4 Reward,Recompensa RSI Disc. Colección Nivel 4,
nueva,IASI_Badge_Reward_Defense_T1_Desc,You've been awarded: Scorpius Echo Livery and Sovereign IP-20 Power Plant,Has recibido: Pintura Scorpius Echo y planta de energía Sovereign IP-20,
nueva,IASI_Badge_Reward_Defense_T1_Title,RSI Disc. Defense Tier 1 Reward,Recompensa RSI Disc. Defensa Nivel 1,
nueva,IASI_Badge_Reward_Defense_T2_Desc,You've been awarded: Meteor PHB and TSB Flight Blades,Has recibido: Flight Blades PHB y TSB del Meteor,
nueva,IASI_Badge_Reward_Defense_T2_Title,RSI Disc. Defense Tier 2 Reward,Recompensa RSI Disc. Defensa Nivel 2,
nueva,IASI_Badge_Reward_Defense_T3_Desc,You've been awarded: Sovereign IP-30 Power Plant,Has recibido: planta de energía Sovereign IP-30,
nueva,IASI_Badge_Reward_Defense_T3_Title,RSI Disc. Defense Tier 3 Reward,Recompensa RSI Disc. Defensa Nivel 3,
nueva,IASI_Badge_Reward_Defense_T4_Desc,"You've been awarded: P8-SC ""Echo"" SMG","Has recibido: Subfusil P8-SC ""Echo""",
nueva,IASI_Badge_Reward_Defense_T4_Title,RSI Disc. Defense Tier 4 Reward,Recompensa RSI Disc. Defensa Nivel 4,
nueva,IASI_Badge_Reward_Personal_T1_Desc,"You've been awarded: BriskAir IC-10 Cooler, Delphi RS-10 Radar, and Sovereign IP-10 Power Plant","Has recibido: enfriador BriskAir IC-10, radar Delphi RS-10 y planta de energía Sovereign IP-10",
nueva,IASI_Badge_Reward_Personal_T1_Title,RSI Disc. Personal Tier 1 Reward,Recompensa RSI Disc. Personal Nivel 1,
nueva,IASI_Badge_Reward_Personal_T2_Desc,You've been awarded: Ursa Starwalker Livery,Has recibido: Pintura Ursa Starwalker,
nueva,IASI_Badge_Reward_Personal_T2_Title,RSI Disc. Personal Tier 2 Reward,Recompensa RSI Disc. Personal Nivel 2,
nueva,IASI_Badge_Reward_Personal_T3_Desc,"You've been awarded: Aurora Mk II Starwalker Livery, Aurora Mk II PHB and TSB Flight Blades","Has recibido: Pintura Aurora Mk II Starwalker, Flight Blades PHB y TSB del Aurora Mk II",
nueva,IASI_Badge_Reward_Personal_T3_Title,RSI Disc. Personal Tier 3 Reward,Recompensa RSI Disc. Personal Nivel 3,
nueva,IASI_Badge_Reward_Personal_T4_Desc,"You've been awarded: Helios Power Plant (Sizes 1-3), Constellation Starwalker Livery, Constellation Andromeda PHB and TSB Flight Blades","Has recibido: planta de energía Helios (tamaños 1-3), Pintura Constellation Starwalker, Flight Blades PHB y TSB del Constellation Andromeda",
nueva,IASI_Badge_Reward_Personal_T4_Title,RSI Disc. Personal Tier 4 Reward,Recompensa RSI Disc. Personal Nivel 4,
nueva,IASI_Badge_Reward_Transport_T1_Desc,You've been awarded: Zeus Keelback Livery and BriskAir IC-20 Cooler,Has recibido: Pintura Zeus Keelback y enfriador BriskAir IC-20,
nueva,IASI_Badge_Reward_Transport_T1_Title,RSI Disc. Transport Tier 1 Reward,Recompensa RSI Disc. Transporte Nivel 1,
nueva,IASI_Badge_Reward_Transport_T2_Desc,You've been awarded: Zeus Mk II PHB and TSB Flight Blades,Has recibido: Flight Blades PHB y TSB del Zeus Mk II,
nueva,IASI_Badge_Reward_Transport_T2_Title,RSI Disc. Transport Tier 2 Reward,Recompensa RSI Disc. Transporte Nivel 2,
nueva,IASI_Badge_Reward_Transport_T3_Desc,You've been awarded: BriskAir IC-30 Cooler,Has recibido: enfriador BriskAir IC-30,
nueva,IASI_Badge_Reward_Transport_T3_Title,RSI Disc. Transport Tier 3 Reward,Recompensa RSI Disc. Transporte Nivel 3,
nueva,IASI_Badge_Reward_Transport_T4_Desc,"You've been awarded: MaxLift-II ""Keelback"" Tractor Beam","Has recibido: Rayo tractor MaxLift-II ""Keelback""",
nueva,IASI_Badge_Reward_Transport_T4_Title,RSI Disc. Transport Tier 4 Reward,Recompensa RSI Disc. Transporte Nivel 4,
nueva,"IASI_RecoverPackage_item,P",RSI Package,Paquete de RSI,
nueva,Iasi_Location_Desc,This platform is designed to celebrate the storied history of Humanity's journey through the stars alongside a range of brand new RSI ships.,"Esta plataforma está diseñada para celebrar la histórica trayectoria del viaje de la Humanidad a través de las estrellas, junto a una gama de naves RSI totalmente nuevas.",
nueva,Iasi_Location_Name,RSI Event Platform,Plataforma de eventos de RSI,
nueva,Item_DescRADR_IASI_S01,"Item Type: Radar\nManufacturer: RSI\nSize: 1\nGrade: B\nClass: Military\n\nMaintaining the exceptional standards of RSI components, the Delphi provides accurate and reliable readings of nearby emissions.","Tipo de artículo: Radar\nFabricante: RSI\nTamaño: 1\nGrado: B\nClase: Militar\n\nManteniendo los excepcionales estándares de los componentes de RSI, el Delphi proporciona lecturas precisas y fiables de las emisiones cercanas.",
nueva,Item_DescRADR_IASI_S02,"Item Type: Radar\nManufacturer: RSI\nSize: 2\nGrade: B\nClass: Military\n\nMaintaining the exceptional standards of RSI components, the Delphi provides accurate and reliable readings of nearby emissions.","Tipo de artículo: Radar\nFabricante: RSI\nTamaño: 2\nGrado: B\nClase: Militar\n\nManteniendo los excepcionales estándares de los componentes de RSI, el Delphi proporciona lecturas precisas y fiables de las emisiones cercanas.",
nueva,Item_DescRADR_IASI_S03,"Item Type: Radar\nManufacturer: RSI\nSize: 3\nGrade: B\nClass: Military\n\nMaintaining the exceptional standards of RSI components, the Delphi provides accurate and reliable readings of nearby emissions.","Tipo de artículo: Radar\nFabricante: RSI\nTamaño: 3\nGrado: B\nClase: Militar\n\nManteniendo los excepcionales estándares de los componentes de RSI, el Delphi proporciona lecturas precisas y fiables de las emisiones cercanas.",
nueva,Item_NameRADR_IASI_S01,Mil/1/B Delphi RS-10,Delphi RS-10 [Militar|S1|B|Radar],
nueva,Item_NameRADR_IASI_S02,Mil/2/B Delphi RS-20,Delphi RS-20 [Militar|S2|B|Radar],
nueva,Item_NameRADR_IASI_S03,Mil/3/B Delphi RS-30,Delphi RS-30 [Militar|S3|B|Radar],
nueva,TheCollector_Recipes_Desc_GMNI_LMG,"Warriors should feel strong, yes? What makes you feel more very strong than looking amazing? Wikelo will make your gun look like different gun. Bring me item on list and I give to you. Bye.\n\n<EM4>Reputation Awarded:</EM4> 10\n\n<EM4>Potential Blueprints</EM4>\n- F55 ""Shadowflux"" LMG\n","Guerreros deben sentirse fuertes, ¿sí? ¿Qué te hace sentir más muy fuerte que verte increíble? Wikelo hará que tu arma parezca arma diferente. Trae cosas de la lista y yo te doy. Adiós.\n\n<EM4>Reputación otorgada:</EM4> 10\n\n<EM4>Blueprints potenciales</EM4>\n- LMG F55 ""Shadowflux""\n",
nueva,TheCollector_Recipes_Desc_GreyHeavyCombat,"When fight, you want armor that solid. Keep gun from helpful organ you need to live, yes, but should be impressive too. Wikelo make version of Monolith armor that do both.\n\nYou want? Bring me things I need for new project and I will give. Show you how to make too. More happy.\n\n<EM4>Reputation Awarded:</EM4> 10\n<EM4>Multiple Blueprint Pools</EM4>\n<EM4>Pool 1</EM4>\n- Monolith Armor Arms Shadowflux\n\n<EM4>Pool 2</EM4>\n- Monolith Backpack Shadowflux\n\n<EM4>Pool 3</EM4>\n- Monolith Armor Core Shadowflux\n\n<EM4>Pool 4</EM4>\n- Monolith Helmet Shadowflux\n\n<EM4>Pool 5</EM4>\n- Monolith Armor Legs Shadowflux\n","Cuando pelear, quieres armadura que sólida. Mantiene arma lejos de órgano útil que necesitas para vivir, sí, pero también debe impresionar. Wikelo hace versión de armadura Monolith que hace las dos cosas.\n\n¿Quieres? Trae cosas que necesito para proyecto nuevo y yo doy. También enseño cómo hacer. Más feliz.\n\n<EM4>Reputación otorgada:</EM4> 10\n<EM4>Múltiples grupos de blueprints</EM4>\n<EM4>Grupo 1</EM4>\n- Monolith Shadowflux (Brazos)\n\n<EM4>Grupo 2</EM4>\n- Monolith Shadowflux (Mochila)\n\n<EM4>Grupo 3</EM4>\n- Monolith Shadowflux (Coraza)\n\n<EM4>Grupo 4</EM4>\n- Monolith Shadowflux (Casco)\n\n<EM4>Grupo 5</EM4>\n- Monolith Shadowflux (Piernas)\n",
nueva,TheCollector_Recipes_Title_GMNI_LMG,Big Style LMG <EM4>[10 Rep] [BP]</EM4>,LMG Big Style <EM4>[10 Rep] [BP]</EM4>,
nueva,TheCollector_Recipes_Title_GreyHeavyCombat,Monolith Armor Very Smooth <EM4>[10 Rep] [BP]</EM4>,Armadura Monolith Very Smooth <EM4>[10 Rep] [BP]</EM4>,
nueva,"bounty_fps_boss_obj_HUD,P",Hostiles Remaining: ,Hostiles restantes: ,
nueva,hmd_OptionsGameplayZoomStrength,[Experimental] VR - Gameplay Zoom Strength,VR - Intensidad del zoom en el juego (Experimental),
nueva,"iasi_BasicBox_ResourceGathering_Desc,P","Calling all RSI Enthusiasts!\n\nAs a part of the RSI Discovery Month, we've scattered promotional Constellation model boxes in landing zones all across the 'verse. If you're lucky enough to get your hands on one of these, deliver it to the plinth at an <EM4>RSI Event Platform</EM4> for a fantastic reward.\n\nWhile you're there, be sure to check out the ships on display and most importantly: enjoy yourself!\n\nFly safe out there!\n\nChristoph Roester\nRSI Community Outreach Manager\n---\nRoberts Space Industries\nDelivering the Stars since 2075","¡Atención, entusiastas de RSI!\n\nComo parte del Mes del Descubrimiento de RSI, hemos repartido cajas promocionales de modelos de Constellation por las zonas de aterrizaje de todo el 'verso. Si tienes la suerte de hacerte con una, entrégala en el pedestal de una <EM4>Plataforma de eventos de RSI</EM4> a cambio de una fantástica recompensa.\n\nMientras estés allí, no dejes de echar un vistazo a las naves expuestas y, sobre todo: ¡disfruta!\n\n¡Vuela seguro!\n\nChristoph Roester\nResponsable de Relaciones con la Comunidad de RSI\n---\nRoberts Space Industries\nEntregando las estrellas desde 2075",
nueva,"iasi_BasicBox_ResourceGathering_Title,P",RSI Disc. Month: Scavenger Hunt,RSI Disc. del mes: Búsqueda del tesoro,
nueva,"iasi_Delivery_2H_Desc,P",FOR IMMEDIATE ASSIGNMENT\n\n**CONTRACT DETAILS** \nRECOMMENDED EXPERIENCE LEVEL – ENTRY\n\nPICKUP LOCATION – Courier to collect RSI supplies from <EM4>~mission(Location|Target|Address)</EM4>.\n\nDROPOFF LOCATION – Deliver supplies to the <EM4>RSI Event Platform</EM4>.\n\nTHREAT LEVEL – Highly unlikely.\n\nTRAVEL –  All transportation needs should be arranged by courier.\n\nBy accepting this contract you agree to take full responsibility for the safety of the assigned packages.\n\n~mission(Contractor|SignOff)\n\n<EM4>Scenario Progress Points Total 417 | Transport 417</EM4>,"ASIGNACIÓN INMEDIATA\n\n**DETALLES DEL CONTRATO** \nNIVEL DE EXPERIENCIA RECOMENDADO – PRINCIPIANTE\n\nLUGAR DE RECOGIDA – Mensajero para recoger suministros de RSI en <EM4>~mission(Location|Target|Address)</EM4>.\n\nLUGAR DE ENTREGA – Entregar los suministros en la <EM4>Plataforma de eventos de RSI</EM4>.\n\nNIVEL DE AMENAZA – Muy improbable.\n\nVIAJE –  El mensajero debe encargarse de todas las necesidades de transporte.\n\nAl aceptar este contrato, te comprometes a asumir toda la responsabilidad por la seguridad de los paquetes asignados.\n\n~mission(Contractor|SignOff)\n\n<EM4>Puntos de progreso del escenario Total 417 | Transporte 417</EM4>",
nueva,"iasi_Delivery_2H_Title,P",RSI Disc. Month: Courier Run (Exp. E),RSI Disc. del mes: Ruta de mensajería (Exp. E),
nueva,"iasi_EliminateAll_M_Desc,P","Greetings,\n\nUnfortunately, I've just received word that one of RSI's Discovery Month host locations has been attacked by a group of outlaws. Fortunately, the criminals in question left a rather messy trail of evidence behind allowing us to easily track down their location.\n\nWe need a contractor to head to <EM4>~mission(Location|Address)</EM4> and deal with the criminals on site before they can strike again. \n\nArm yourself appropriately and be wary.\n\nBest of luck,\nAdrienne Du-Buisson\nLogistics Officer\nNorthrock Service Group\n\n<EM4>Scenario Progress Points Total 167 | Defense 167</EM4>","Saludos:\n\nPor desgracia, acabo de recibir noticias de que uno de los lugares anfitriones del Mes del Descubrimiento de RSI ha sido atacado por un grupo de forajidos. Por suerte, los criminales en cuestión dejaron un rastro bastante desordenado de pruebas que nos permite localizar fácilmente su ubicación.\n\nNecesitamos un contratista que se dirija a <EM4>~mission(Location|Address)</EM4> y se ocupe de los criminales que están allí antes de que puedan volver a atacar. \n\nÁrmate adecuadamente y ten cuidado.\n\nMucha suerte,\nAdrienne Du-Buisson\nOficial de logística\nNorthrock Service Group\n\n<EM4>Puntos de progreso del escenario Total 167 | Defensa 167</EM4>",
nueva,"iasi_EliminateAll_M_Title,P",RSI Disc. Month: Clear Hostiles from Site,RSI Disc. del mes: Despejar hostiles del lugar,
nueva,"iasi_EliminateBoss_H_Desc,P","Greetings,\n\nNorthrock has been hard at work to identify some of the key players in the recent attacks on RSI's Discovery Month event. As a result, we have located a high ranking member of a local outlaw gang named <EM4>~mission(TargetName)</EM4>.\n\nWe've triangulated their last known location was <EM4>~mission(Location|Address)</EM4>, where we believe they are preparing their next attack. Intel suggest they're a cautious individual that may require drawing out by eliminating their comrades first. Bringing a team of skilled operators is heavily advised.\n\nBest of luck,\nAdrienne Du-Buisson\nLogistics Officer\nNorthrock Service Group\n\n<EM4>Scenario Progress Points Total 313 | Defense 313</EM4>","Saludos:\n\nNorthrock ha trabajado duro para identificar a algunos de los principales implicados en los recientes ataques al evento del Mes del Descubrimiento de RSI. Como resultado, hemos localizado a un miembro de alto rango de una banda de forajidos local llamado <EM4>~mission(TargetName)</EM4>.\n\nHemos triangulado que su última ubicación conocida era <EM4>~mission(Location|Address)</EM4>, donde creemos que están preparando su próximo ataque. La información sugiere que es un individuo cauteloso al que quizá haya que hacer salir eliminando primero a sus camaradas. Se aconseja encarecidamente llevar un equipo de operadores cualificados.\n\nMucha suerte,\nAdrienne Du-Buisson\nOficial de logística\nNorthrock Service Group\n\n<EM4>Puntos de progreso del escenario Total 313 | Defensa 313</EM4>",
nueva,"iasi_EliminateBoss_H_Title,P",RSI Disc. Month: Take Out Gang Leader,RSI Disc. del mes: Eliminar al líder de la banda,
nueva,"iasi_EliminateSpecific_E_Desc,P","Greetings,\n\nA high value criminal named <EM4>~mission(TargetName)</EM4> has recently been spotted for the first time in several months and we've been hired to intercept them. With a long history of ship theft and homicide, it seems far too coincidental for them to just suddenly make a reappearance considering the  number of high value ships on display at the current RSI Discovery Month event locations. \n\nOur analysts have reported their last known location was <EM4>~mission(Location|Address)</EM4>. We are seeking a contractor to track them down and eliminate them.\n\nPayment and additional work to follow upon your success.\n\nBest of luck,\nAdrienne Du-Buisson\nLogistics Officer\nNorthrock Service Group\n\n<EM4>Scenario Progress Points Total 125 | Defense 125</EM4>","Saludos:\n\nUn criminal de alto valor llamado <EM4>~mission(TargetName)</EM4> ha sido avistado recientemente por primera vez en varios meses y nos han contratado para interceptarlo. Con un largo historial de robo de naves y homicidio, parece demasiado casual que reaparezca de repente teniendo en cuenta la cantidad de naves de alto valor expuestas en las sedes actuales del evento del Mes del Descubrimiento de RSI. \n\nNuestros analistas informan de que su última ubicación conocida era <EM4>~mission(Location|Address)</EM4>. Buscamos un contratista que lo localice y lo elimine.\n\nEl pago y trabajo adicional llegarán una vez que tengas éxito.\n\nMucha suerte,\nAdrienne Du-Buisson\nOficial de logística\nNorthrock Service Group\n\n<EM4>Puntos de progreso del escenario Total 125 | Defensa 125</EM4>",
nueva,"iasi_EliminateSpecific_E_Title,P",RSI Disc. Month: Eliminate Known Outlaw,RSI Disc. del mes: Eliminar a un forajido conocido,
nueva,"iasi_GoldBox_Delivery_Desc,P","Calling all RSI Enthusiasts!\n\nAre you interested in participating in a special, long distance relay race?\n\nWe're looking for eager pilots to collect a Gold Constellation model box from one of our special event platforms and deliver it to another. Then another participant will pick it up and continue the relay!\n\nGood luck and have fun out there!\n\nChristoph Roester\nRSI Community Outreach Manager\n---\nRoberts Space Industries\nDelivering the Stars since 2075\n\n<EM4>Scenario Progress Points Total 250 | Transport 250</EM4>","¡Atención, entusiastas de RSI!\n\n¿Te interesa participar en una carrera de relevos especial de larga distancia?\n\nBuscamos pilotos entusiastas que recojan una caja dorada de un modelo de Constellation en una de nuestras plataformas de eventos especiales y la entreguen en otra. ¡Después otro participante la recogerá y continuará el relevo!\n\n¡Buena suerte y diviértete!\n\nChristoph Roester\nResponsable de Relaciones con la Comunidad de RSI\n---\nRoberts Space Industries\nEntregando las estrellas desde 2075\n\n<EM4>Puntos de progreso del escenario Total 250 | Transporte 250</EM4>",
nueva,"iasi_GoldBox_Delivery_Desc_0,P","Calling all RSI Enthusiasts!\n\nA core value of Robert Space Industries is exploration and adventure - and in keeping with that - we are thrilled to provide all pilots with the chance to test fly the new <EM4>RSI Constellation Mk V</EM4>!\n\nAll you have to do is collect the Golden Constellation box from the plinth at one of our special event locations and deliver it to another <EM4>RSI Event Platform</EM4>. Once you've done that, you'll be able to enjoy the test flight period. It’s as simple as that!\n\nThe Constellation Mk V is one of RSI's most versatile ships to date. Featuring four S5 weapons, two remote turrets, and 240 SCU of cargo storage, this ship caters for all kinds of adventures.\n\nWe hope you enjoy this opportunity to experience the future of spaceflight first hand and that it will be just the first of many more adventures to come.\n\nEnjoy your journey,\n\nChristoph Roester\nRSI Community Outreach Manager\n---\nRoberts Space Industries\nDelivering the Stars since 2075\n\n<EM4>Scenario Progress Points Total 250 | Transport 250</EM4>","¡Atención, entusiastas de RSI!\n\nUn valor fundamental de Robert Space Industries es la exploración y la aventura y, en consonancia con ello, ¡estamos encantados de ofrecer a todos los pilotos la oportunidad de probar en vuelo la nueva <EM4>RSI Constellation Mk V</EM4>!\n\nLo único que tienes que hacer es recoger la caja dorada de Constellation del pedestal de una de nuestras ubicaciones de eventos especiales y entregarla en otra <EM4>Plataforma de eventos de RSI</EM4>. Una vez hecho, podrás disfrutar del periodo de vuelo de prueba. ¡Así de sencillo!\n\nLa Constellation Mk V es una de las naves más versátiles de RSI hasta la fecha. Con cuatro armas S5, dos torretas remotas y 240 SCU de capacidad de carga, esta nave se adapta a todo tipo de aventuras.\n\nEsperamos que disfrutes de esta oportunidad de experimentar de primera mano el futuro del vuelo espacial y que sea solo la primera de muchas aventuras por venir.\n\nDisfruta del viaje,\n\nChristoph Roester\nResponsable de Relaciones con la Comunidad de RSI\n---\nRoberts Space Industries\nEntregando las estrellas desde 2075\n\n<EM4>Puntos de progreso del escenario Total 250 | Transporte 250</EM4>",
nueva,"iasi_GoldBox_Delivery_Title,P",RSI Disc. Month: Relay Race,RSI Disc. del mes: Carrera de relevos,
nueva,"iasi_GoldBox_Delivery_Title_0,P",RSI Disc. Month: Constellation Rental Offer,RSI Disc. del mes: Oferta de alquiler de Constellation,
nueva,"iasi_Hauling_Small_Desc,P","Hi,\n\nNot often we get to work with RSI, so pretty honored they offered this job to us.\n\nGot some party supplies that need delivering from <EM4>~mission(Location|Target|Address)</EM4> to their new pop-up event at <EM4>~mission(Destination|Target|Address)</EM4>.\n\nYour ship will need to be able to carry <EM4>~mission(MissionMaxSCUSize) cargo containers</EM4> and a <EM4>handheld tractor beam</EM4> would be highly recommended to move the boxes.\n\nThanks,\nConni Ling\nShipment Coordinator\nLing Family Hauling\n\nLing Family Hauling knows it’s a dangerous and unpredictable universe and has established several protocols to protect both you and our client’s cargo. To ensure you aren’t punished for circumstances outside of your control, total payment will be prorated to the percentage of cargo successfully delivered. A delivery timer will be set for each haul. Any cargo that remains undelivered upon its expiration will be flagged as stolen and treated as such. All pick-ups and deliveries must be autoloaded or done at a freight elevator.\n\n<EM4>Scenario Progress Points Total 354 | Transport 354</EM4>","Hola:\n\nNo es frecuente que trabajemos con RSI, así que nos honra bastante que nos hayan ofrecido este trabajo.\n\nTenemos unos suministros para una fiesta que hay que entregar desde <EM4>~mission(Location|Target|Address)</EM4> hasta su nuevo evento emergente en <EM4>~mission(Destination|Target|Address)</EM4>.\n\nTu nave tendrá que poder transportar <EM4>~mission(MissionMaxSCUSize) contenedores de carga</EM4> y se recomienda encarecidamente un <EM4>haz de tractor portátil</EM4> para mover las cajas.\n\nGracias,\nConni Ling\nCoordinadora de Envíos\nLing Family Hauling\n\nLing Family Hauling sabe que el universo es peligroso e impredecible y ha establecido varios protocolos para proteger tanto a ti como la carga de nuestro cliente. Para garantizar que no te penalicen por circunstancias fuera de tu control, el pago total se prorrateará según el porcentaje de carga entregada con éxito. Se fijará un temporizador de entrega para cada transporte. Cualquier carga que siga sin entregarse al expirar se marcará como robada y se tratará como tal. Todas las recogidas y entregas deben hacerse con carga automática o en un ascensor de carga.\n\n<EM4>Puntos de progreso del escenario Total 354 | Transporte 354</EM4>",
nueva,"iasi_Hauling_Small_Title,P",RSI Disc. Month: Ling Small Haul,RSI Disc. del mes: Pequeño transporte de Ling,
nueva,"iasi_Hauling_Supply_2_Desc,P","Hiya,\n\nWe've been given a really important task by RSI to deliver some crucial goods for their Discovery Month event and I need our best contractors on this one.\n\nWe have a ton of supplies moved from <EM4>~mission(Location|Address)</EM4> to <EM4>~mission(Destination|Address)</EM4>. \n\nIf you think you're up to the task, go ahead and accept this contract, get a ship that can carry <EM4>~mission(MissionMaxSCUSize)</EM4>, and grab your <EM4>handheld tractor beam</EM4>. All pick ups and drop offs are done by freight elevators.\n\nGood luck and safe travels!\n\nElla Tieno\nJr. Logistics Coordinator\nCovalex Shipping\n'Anything you need, anywhere you need it.'\n\n<EM4>Scenario Progress Points Total 625 | Transport 625</EM4>","Hola:\n\nRSI nos ha encargado una tarea muy importante: entregar unas mercancías cruciales para su evento del Mes del Descubrimiento, y necesito a nuestros mejores contratistas para esto.\n\nTenemos un montón de suministros que mover desde <EM4>~mission(Location|Address)</EM4> hasta <EM4>~mission(Destination|Address)</EM4>. \n\nSi crees que estás a la altura, acepta este contrato, consigue una nave que pueda transportar <EM4>~mission(MissionMaxSCUSize)</EM4> y coge tu <EM4>haz de tractor portátil</EM4>. Todas las recogidas y entregas se hacen mediante ascensores de carga.\n\n¡Buena suerte y buen viaje!\n\nElla Tieno\nCoordinadora de Logística Jr.\nCovalex Shipping\n'Todo lo que necesites, donde lo necesites.'\n\n<EM4>Puntos de progreso del escenario Total 625 | Transporte 625</EM4>",
nueva,"iasi_Hauling_Supply_2_Title,P",RSI Disc. Month: Important Supply Haul,RSI Disc. del mes: Transporte de suministros importante,
nueva,"iasi_Hauling_Supply_Desc,P","Hey,\n\nNot sure what kind of party the folks at RSI are throwing but based on the size of this haul it's looking like a big one.\n\nYour pick up is at <EM4>~mission(Location|Target|Address)</EM4> and drop off will be <EM4>~mission(Destination|Target|Address)</EM4>.\n\nMake sure you have a ship that can carry <EM4>~mission(MissionMaxSCUSize) cargo containers</EM4> and a <EM4>handheld tractor beam</EM4>.\n\nThanks,\nConni Ling\nShipment Coordinator\nLing Family Hauling\n\nLing Family Hauling knows it’s a dangerous and unpredictable universe and has established several protocols to protect both you and our client’s cargo. To ensure you aren’t punished for circumstances outside of your control, total payment will be prorated to the percentage of cargo successfully delivered. A delivery timer will be set for each haul. Any cargo that remains undelivered upon its expiration will be flagged as stolen and treated as such. All pick-ups and deliveries must be autoloaded or done at a freight elevator.\n\n<EM4>Scenario Progress Points Total 417 | Transport 417</EM4>","Eh:\n\nNo sé qué tipo de fiesta estará montando la gente de RSI, pero por el tamaño de este transporte parece que será una grande.\n\nTu recogida es en <EM4>~mission(Location|Target|Address)</EM4> y la entrega será en <EM4>~mission(Destination|Target|Address)</EM4>.\n\nAsegúrate de tener una nave que pueda transportar <EM4>~mission(MissionMaxSCUSize) contenedores de carga</EM4> y un <EM4>haz de tractor portátil</EM4>.\n\nGracias,\nConni Ling\nCoordinadora de Envíos\nLing Family Hauling\n\nLing Family Hauling sabe que el universo es peligroso e impredecible y ha establecido varios protocolos para proteger tanto a ti como la carga de nuestro cliente. Para garantizar que no te penalicen por circunstancias fuera de tu control, el pago total se prorrateará según el porcentaje de carga entregada con éxito. Se fijará un temporizador de entrega para cada transporte. Cualquier carga que siga sin entregarse al expirar se marcará como robada y se tratará como tal. Todas las recogidas y entregas deben hacerse con carga automática o en un ascensor de carga.\n\n<EM4>Puntos de progreso del escenario Total 417 | Transporte 417</EM4>",
nueva,"iasi_Hauling_Supply_Title,P",RSI Disc. Month: Ling Supply Delivery,RSI Disc. del mes: Entrega de suministros de Ling,
nueva,iasi_Journal_Collection,Collection,Recolección,
nueva,iasi_Journal_Defense,Defense,Defensa,
nueva,iasi_Journal_Desc,"Welcome to RSI Discovery Month! An annual celebration where RSI honors the discoveries its pilots have made over the years and allows for generations of pilots, young and old, to discover the next great ships from RSI. And thanks to your participation, the event has been a huge success. For a list of your specific contributions, see below:","¡Bienvenido al Mes del Descubrimiento de RSI! Una celebración anual en la que RSI rinde homenaje a los descubrimientos que sus pilotos han realizado a lo largo de los años y permite que generaciones de pilotos, jóvenes y veteranos, descubran las próximas grandes naves de RSI. Y gracias a tu participación, el evento ha sido un enorme éxito. Para ver una lista de tus contribuciones concretas, consulta lo siguiente: ",
nueva,iasi_Journal_PlayerTotal,Your total:,Tu total:,
nueva,iasi_Journal_Title,RSI Discovery Event,Evento Descubrimiento de RSI,
nueva,iasi_Journal_Transport,Transport,Transporte,
nueva,"iasi_Patrol_E_Desc,P","Got what should be a routine contract for someone looking to cut their teeth on some patrol work.\n\nWe're been hired to secure the space around RSI's Discovery Month event. The job is mainly a deterrent against any opportunistic outlaws in the area, but that doesn't mean you should let your guard down. If your scanners pick up anything strange don't hesitate to act.\n\nOnce you've accepted, head to the first <EM4>patrol point</EM4>. After you've scanned the area, I'll update you on where to head next.\n\nBest of luck,\n\nEugene Walton\nDispatcher, Foxwell Enforcement\n'Security, Your Way'\n\nFoxwell Enforcement is a bonded security specialist licensed to operate throughout the UEE. We are always looking for new operators to join our family. If you or anyone you know is interested, please reach out to one of our contract representatives.\n\n<EM4>Scenario Progress Points Total 250 | Defense 250</EM4>","Tengo lo que debería ser un contrato rutinario para alguien que quiera foguearse en trabajos de patrulla.\n\nNos han contratado para asegurar el espacio alrededor del evento del Mes del Descubrimiento de RSI. El trabajo es principalmente disuasorio frente a cualquier forajido oportunista de la zona, pero eso no significa que debas bajar la guardia. Si tus escáneres detectan algo extraño, no dudes en actuar.\n\nUna vez aceptado, dirígete al primer <EM4>punto de patrulla</EM4>. Cuando hayas escaneado la zona, te indicaré adónde ir a continuación.\n\nMucha suerte,\n\nEugene Walton\nOperador, Foxwell Enforcement\n'Seguridad, a tu manera'\n\nFoxwell Enforcement es un especialista en seguridad afianzado con licencia para operar en toda la UEE. Siempre buscamos nuevos operadores que se unan a nuestra familia. Si tú o alguien que conoces está interesado, contacta con uno de nuestros representantes de contratos.\n\n<EM4>Puntos de progreso del escenario Total 250 | Defensa 250</EM4>",
nueva,"iasi_Patrol_E_title,P",RSI Disc. Month: Yellow Lvl. - Patrol System,RSI Disc. del mes: Nivel amarillo - Patrullar el sistema,
nueva,"iasi_Patrol_H_Desc,P","The RSI Discovery Month event has been attracting the wrong kind of attention it seems. RSI's is worried there's a potential attack brewing and has contracted us to patrol the area.\n\nHead over to the <EM4>patrol point</EM4> on your HUD to begin your sweep. Once you've scanned all the areas and dealt with any potential threats, we'll ping the client to make sure they're happy, then we can send you your creds.\n\nBased on some of the patrols conducted so far, I would strongly recommend bringing some <EM4>wingmen</EM4> to watch your back.\n\nBe careful out there,\n\nEugene Walton\nDispatcher, Foxwell Enforcement\n'Security, Your Way'\n\nFoxwell Enforcement is a bonded security specialist licensed to operate throughout the UEE. We are always looking for new operators to join our family. If you or anyone you know is interested, please reach out to one of our contract representatives.\n\n<EM4>Scenario Progress Points Total 417 | Defense 417</EM4>","Parece que el evento del Mes del Descubrimiento de RSI está atrayendo la atención equivocada. RSI teme que se esté gestando un posible ataque y nos ha contratado para patrullar la zona.\n\nDirígete al <EM4>punto de patrulla</EM4> que aparece en tu HUD para comenzar el barrido. Cuando hayas escaneado todas las zonas y te hayas ocupado de cualquier posible amenaza, avisaremos al cliente para asegurarnos de que está satisfecho y luego podremos enviarte tus créditos.\n\nPor algunas de las patrullas realizadas hasta ahora, te recomiendo encarecidamente que lleves algunos <EM4>compañeros de ala</EM4> que te cubran las espaldas.\n\nTen cuidado ahí fuera,\n\nEugene Walton\nOperador, Foxwell Enforcement\n'Seguridad, a tu manera'\n\nFoxwell Enforcement es un especialista en seguridad afianzado con licencia para operar en toda la UEE. Siempre buscamos nuevos operadores que se unan a nuestra familia. Si tú o alguien que conoces está interesado, contacta con uno de nuestros representantes de contratos.\n\n<EM4>Puntos de progreso del escenario Total 417 | Defensa 417</EM4>",
nueva,"iasi_Patrol_H_title,P",RSI Disc. Month: Orange Lvl. - Neutralize Threats,RSI Disc. del mes: Nivel naranja - Neutralizar amenazas,
nueva,"iasi_Patrol_M_Desc,P","RSI are hosting a Discovery Month event and are contracting security services to provide some additional protection. There's gonna be a lot of high value items at each of these locations, so we need people doing regular patrols to make sure it goes off without a hitch.\n\nStart by flying out to the <EM4>patrol point</EM4> on your HUD. Got a few places for you to scan before we can report back to the client that everything's safe.\n\nGood luck,\n\nEugene Walton\nDispatcher, Foxwell Enforcement\n'Security, Your Way'\n\nFoxwell Enforcement is a bonded security specialist licensed to operate throughout the UEE. We are always looking for new operators to join our family. If you or anyone you know is interested, please reach out to one of our contract representatives.\n\n<EM4>Scenario Progress Points Total 333 | Defense 333</EM4>","RSI está organizando un evento del Mes del Descubrimiento y contrata servicios de seguridad para ofrecer protección adicional. Habrá muchos objetos de alto valor en cada una de estas ubicaciones, así que necesitamos gente que haga patrullas regulares para asegurarse de que todo salga sin contratiempos.\n\nEmpieza volando hasta el <EM4>punto de patrulla</EM4> que aparece en tu HUD. Tienes unos cuantos lugares que escanear antes de que podamos informar al cliente de que todo está seguro.\n\nBuena suerte,\n\nEugene Walton\nOperador, Foxwell Enforcement\n'Seguridad, a tu manera'\n\nFoxwell Enforcement es un especialista en seguridad afianzado con licencia para operar en toda la UEE. Siempre buscamos nuevos operadores que se unan a nuestra familia. Si tú o alguien que conoces está interesado, contacta con uno de nuestros representantes de contratos.\n\n<EM4>Puntos de progreso del escenario Total 333 | Defensa 333</EM4>",
nueva,"iasi_Patrol_M_title,P",RSI Disc. Month: Orange Lvl. - Conduct Security Sweep,RSI Disc. del mes: Nivel naranja - Realizar un barrido de seguridad,
nueva,iasi_RecoverItem_E_Desc_001,"ATTENTION ALL FTL COURIERS\nFOR IMMEDIATE ASSIGNMENT\n\n**CONTRACT DETAILS** \nRECOMMENDED EXPERIENCE LEVEL – ENTRY\n\nPICKUP LOCATION – In need of a Courier to retrieve lost package from a derelict RSI ship located at <EM4>~mission(Location|Address)</EM4>.\n\nDROPOFF LOCATION – After recovery, deliver to the <EM4>RSI Event Platform</EM4>. \n\nTHREAT LEVEL – <EM4>Light engagements</EM4> are possible.\n\nTRAVEL – All transportation needs should be arranged by courier. \n\n~mission(Contractor|SignOff)\n\n<EM4>Scenario Progress Points Total 313 | Transport 313</EM4>","ATENCIÓN A TODOS LOS MENSAJEROS DE FTL\nASIGNACIÓN INMEDIATA\n\n**DETALLES DEL CONTRATO** \nNIVEL DE EXPERIENCIA RECOMENDADO – PRINCIPIANTE\n\nLUGAR DE RECOGIDA – Se necesita un mensajero para recuperar un paquete perdido de una nave de RSI abandonada ubicada en <EM4>~mission(Location|Address)</EM4>.\n\nLUGAR DE ENTREGA – Tras la recuperación, entregar en la <EM4>Plataforma de eventos de RSI</EM4>. \n\nNIVEL DE AMENAZA – Son posibles <EM4>enfrentamientos leves</EM4>.\n\nVIAJE – El mensajero debe encargarse de todas las necesidades de transporte. \n\n~mission(Contractor|SignOff)\n\n<EM4>Puntos de progreso del escenario Total 313 | Transporte 313</EM4>",
nueva,iasi_RecoverItem_E_Title_001,RSI Disc. Month: Package Recovery (Exp. E),RSI Disc. del mes: Recuperación de paquete (Exp. E),
nueva,iasi_RecoverItem_FPS_E_Desc_001,"Greetings,\n\nA courier en route to a RSI Discovery Event location has been intercepted by a group of outlaws and had their ship destroyed. Luckily, the pilot was able to eject in time, and perhaps most fortunately for the client, the package appears to still be intact.\n\nWe've tracked the package to <EM4>~mission(Location|Target|Address)</EM4>. We require a skilled contractor to enter the location, recover the package, and dispatch any hostiles that might inhibit the success of this operation.\n\nOnce recovered, the package is to be delivered to <EM4>~mission(Destination|Target|Address)</EM4>.\n\nBest of luck,\nAdrienne Du-Buisson\nLogistics Officer\nNorthrock Service Group\n\n<EM4>Scenario Progress Points Total 313 | Transport 313</EM4>","Saludos:\n\nUn mensajero que se dirigía a una sede del evento Descubrimiento de RSI ha sido interceptado por un grupo de forajidos y le han destruido la nave. Por suerte, el piloto pudo eyectarse a tiempo y, quizá lo más afortunado para el cliente, el paquete parece seguir intacto.\n\nHemos rastreado el paquete hasta <EM4>~mission(Location|Target|Address)</EM4>. Necesitamos un contratista cualificado que entre en el lugar, recupere el paquete y elimine a cualquier hostil que pueda comprometer el éxito de esta operación.\n\nUna vez recuperado, el paquete debe entregarse en <EM4>~mission(Destination|Target|Address)</EM4>.\n\nMucha suerte,\nAdrienne Du-Buisson\nOficial de logística\nNorthrock Service Group\n\n<EM4>Puntos de progreso del escenario Total 313 | Transporte 313</EM4>",
nueva,iasi_RecoverItem_FPS_E_Title_001,RSI Disc. Month: Recover Package from Site,RSI Disc. del mes: Recuperar paquete del lugar,
nueva,iasi_RecoverItem_FPS_H_Desc_001,"Greetings,\n\nRequesting a contractor with strong combat experience for a challenging package retrieval operation.\n\nA courier contracted by RSI has unfortunately been eliminated by a group of known outlaws in the system. The speed and execution of this attack suggests this was not by happenstance, and instead a coordinated and targeted attack with the intention of stealing whatever valuables are within that package.\n\nRSI had the good sense to install a tracker in the package, leading us to believe the outlaws who stole it are located at <EM4>~mission(Location|Target|Address)</EM4>. Information regarding their hideout is sparse, but we would strongly advise bringing back up and arming yourself appropriately.\n\nIn the interest of minimizing disruption to the RSI Discovery Event, it has been requested that you deliver the package directly to <EM4>~mission(Destination|Target|Address)</EM4>.\n\nBest of luck,\nAdrienne Du-Buisson\nLogistics Officer\nNorthrock Service Group\n\n<EM4>Scenario Progress Points Total 333 | Transport 333</EM4>","Saludos:\n\nSe solicita un contratista con gran experiencia en combate para una difícil operación de recuperación de un paquete.\n\nUn mensajero contratado por RSI ha sido eliminado por un grupo de forajidos conocidos en el sistema. La rapidez y ejecución de este ataque sugieren que no fue casual, sino un ataque coordinado y dirigido con la intención de robar lo que sea de valor que contenga ese paquete.\n\nRSI tuvo el buen juicio de instalar un rastreador en el paquete, lo que nos lleva a creer que los forajidos que lo robaron se encuentran en <EM4>~mission(Location|Target|Address)</EM4>. La información sobre su escondite es escasa, pero te aconsejamos encarecidamente que lleves refuerzos y te armes adecuadamente.\n\nCon el fin de minimizar las interrupciones en el evento Descubrimiento de RSI, se ha solicitado que entregues el paquete directamente en <EM4>~mission(Destination|Target|Address)</EM4>.\n\nMucha suerte,\nAdrienne Du-Buisson\nOficial de logística\nNorthrock Service Group\n\n<EM4>Puntos de progreso del escenario Total 333 | Transporte 333</EM4>",
nueva,iasi_RecoverItem_FPS_H_Title_001,RSI Disc. Month: High Value Package Retrieval Op,RSI Disc. del mes: Operación de recuperación de paquete de alto valor,
nueva,iasi_RecoverItem_FPS_M_Desc_001,"Greetings,\n\nOutlaws have conducted a targeted attack on a courier that was due to deliver a crucial package to one of the RSI Discovery Event locations. Contact has since been lost with the pilot, but the tracker still appears to be functional. It is crucial that we act now whilst the trail is still warm.\n\nScanners are suggesting the package is located somewhere at <EM4>~mission(Location|Target|Address)</EM4>. Whilst we have no intel on the situation on the ground, what we do know is that you should expect resistance. Ensure you are well prepared and prioritize the retrieval of the package.\n\nAfter you have successfully extracted the package, deliver it to <EM4>~mission(Destination|Target|Address)</EM4>.\n\nBest of luck,\nAdrienne Du-Buisson\nLogistics Officer\nNorthrock Service Group\n\n<EM4>Scenario Progress Points Total 313 | Transport 313</EM4>","Saludos:\n\nUnos forajidos han llevado a cabo un ataque dirigido contra un mensajero que debía entregar un paquete crucial en una de las sedes del evento Descubrimiento de RSI. Desde entonces se ha perdido el contacto con el piloto, pero el rastreador sigue pareciendo operativo. Es crucial que actuemos ahora, mientras el rastro aún está caliente.\n\nLos escáneres indican que el paquete se encuentra en algún punto de <EM4>~mission(Location|Target|Address)</EM4>. Aunque no tenemos información sobre la situación sobre el terreno, lo que sí sabemos es que debes esperar resistencia. Asegúrate de ir bien preparado y prioriza la recuperación del paquete.\n\nUna vez que hayas extraído el paquete con éxito, entrégalo en <EM4>~mission(Destination|Target|Address)</EM4>.\n\nMucha suerte,\nAdrienne Du-Buisson\nOficial de logística\nNorthrock Service Group\n\n<EM4>Puntos de progreso del escenario Total 313 | Transporte 313</EM4>",
nueva,iasi_RecoverItem_FPS_M_Title_001,RSI Disc. Month: Recover Package from Hijackers,RSI Disc. del mes: Recuperar paquete de unos secuestradores,
nueva,iasi_RecoverItem_H_Desc_001,"ATTENTION ALL FTL COURIERS\nFOR IMMEDIATE ASSIGNMENT\n\n**CONTRACT DETAILS** \nRECOMMENDED EXPERIENCE LEVEL – SEASONED\n\nPICKUP LOCATION – Package has been left undelivered at <EM4>~mission(Location|Address)</EM4>, search the abandoned RSI ship to find it.\n\nDROPOFF LOCATION – Take to the <EM4>RSI Event Platform</EM4> to complete the delivery.\n\nTHREAT LEVEL – <EM4>High chance of engagement with hostiles.</EM4> Caution is advised.\n\nTRAVEL – All transportation needs should be arranged by courier. \n\n~mission(Contractor|SignOff)\n\n<EM4>Scenario Progress Points Total 313 | Transport 313</EM4>",ATENCIÓN A TODOS LOS MENSAJEROS DE FTL\nASIGNACIÓN INMEDIATA\n\n**DETALLES DEL CONTRATO** \nNIVEL DE EXPERIENCIA RECOMENDADO – CURTIDO\n\nLUGAR DE RECOGIDA – Se ha dejado un paquete sin entregar en <EM4>~mission(Location|Address)</EM4>; registra la nave abandonada de RSI para encontrarlo.\n\nLUGAR DE ENTREGA – Llevarlo a la <EM4>Plataforma de eventos de RSI</EM4> para completar la entrega.\n\nNIVEL DE AMENAZA – <EM4>Alta probabilidad de enfrentamiento con hostiles.</EM4> Se aconseja precaución.\n\nVIAJE – El mensajero debe encargarse de todas las necesidades de transporte. \n\n~mission(Contractor|SignOff)\n\n<EM4>Puntos de progreso del escenario Total 313 | Transporte 313</EM4>,
nueva,iasi_RecoverItem_H_Title_001,RSI Disc. Month: Package Recovery (Exp. S),RSI Disc. del mes: Recuperación de paquete (Exp. S),
nueva,iasi_RecoverItem_M_Desc_001,ATTENTION ALL FTL COURIERS\nFOR IMMEDIATE ASSIGNMENT\n\n**CONTRACT DETAILS** \nRECOMMENDED EXPERIENCE LEVEL – JUNIOR\n\nPICKUP LOCATION –  Outlaws intercepted a delivery at <EM4>~mission(Location|Address)</EM4> and we're in need of a courier to collect the package from the remains of the RSI ship.\n\nDROPOFF LOCATION – Bring the package to the <EM4>RSI Event Platform</EM4> to finish the delivery.\n\nTHREAT LEVEL – <EM4>Hostiles may still be in the area.</EM4> Caution is urged.\n\nTRAVEL –  All transportation needs should be arranged by courier. \n\n~mission(Contractor|SignOff)\n\n<EM4>Scenario Progress Points Total 313 | Transport 313</EM4>,ATENCIÓN A TODOS LOS MENSAJEROS DE FTL\nASIGNACIÓN INMEDIATA\n\n**DETALLES DEL CONTRATO** \nNIVEL DE EXPERIENCIA RECOMENDADO – JUNIOR\n\nLUGAR DE RECOGIDA –  Unos forajidos interceptaron una entrega en <EM4>~mission(Location|Address)</EM4> y necesitamos un mensajero que recoja el paquete de los restos de la nave de RSI.\n\nLUGAR DE ENTREGA – Llevar el paquete a la <EM4>Plataforma de eventos de RSI</EM4> para terminar la entrega.\n\nNIVEL DE AMENAZA – <EM4>Puede que aún haya hostiles en la zona.</EM4> Se insta a la precaución.\n\nVIAJE –  El mensajero debe encargarse de todas las necesidades de transporte. \n\n~mission(Contractor|SignOff)\n\n<EM4>Puntos de progreso del escenario Total 313 | Transporte 313</EM4>,
nueva,iasi_RecoverItem_M_Title_001,RSI Disc. Month: Package Recovery (Exp. JR),RSI Disc. del mes: Recuperación de paquete (Exp. JR),
nueva,iasi_Refueling_E_Desc_001,"Hey!\n\nIf you're top notch refueller, this job might just interest you.\n\nPicked up a beacon at <EM4>~mission(Location|Address)</EM4> from a client who's flying a <EM4>~mission(Ship)</EM4> and needs <EM4>~mission(FuelType)</EM4> to help them out of a pinch. Looks like they were heading to that fancy new RSI Discovery location and forgot to refuel along the way. If I had a cred for every time I did that - well, let's just say I wouldn't be working here anymore!\n\nThe client vessel will pay you at the rate of ~mission(RefuelRequest), and as a United Wayfarers Club contractor, you will also qualify for the UWC service fee listed above upon completion.\n\nCan't imagine you'll run into any trouble, but that's exactly the kind of thing people say in those old vids right before they do. So keep an eye out for danger. \n\nHappy trails,\n\nDina Deloit\nDispatch Hub\nUnited Wayfarers Club\n""""We’ve got your back""""\n\n<EM4>Scenario Progress Points Total 104 | Transport 104</EM4>","¡Eh!\n\nSi eres un repostador de primera, este trabajo podría interesarte.\n\nHe recogido una baliza en <EM4>~mission(Location|Address)</EM4> de un cliente que vuela en una <EM4>~mission(Ship)</EM4> y necesita <EM4>~mission(FuelType)</EM4> para salir de un apuro. Parece que se dirigían a esa elegante nueva sede del evento Descubrimiento de RSI y se olvidaron de repostar por el camino. Si tuviera un crédito por cada vez que me ha pasado eso, bueno, digamos que ya no estaría trabajando aquí.\n\nEl vehículo cliente te pagará a razón de ~mission(RefuelRequest) y, como contratista de United Wayfarers Club, también tendrás derecho a la tarifa de servicio de UWC indicada arriba una vez completado el trabajo.\n\nNo creo que vayas a tener ningún problema, pero eso es justo lo que dice la gente en esos vídeos antiguos justo antes de que lo tengan. Así que mantén los ojos abiertos ante cualquier peligro. \n\nBuen viaje,\n\nDina Deloit\nCentro de despacho\nUnited Wayfarers Club\n""""Te cubrimos las espaldas""""\n\n<EM4>Puntos de progreso del escenario Total 104 | Transporte 104</EM4>",
nueva,iasi_Refueling_E_Title_001,RSI Disc. Month: Refuel Request (~mission(Ship)),RSI Disc. del mes: Solicitud de repostaje (~mission(Ship)),
nueva,iasi_Refueling_H_Desc_001,"Hey there,\n\nGot another beacon if you've got the time. The folks at RSI have just been in touch to say that due to a """"communication issue between staff members"""" their engine has run dry, and they need to moving again pronto. The <EM4>~mission(Ship)</EM4> is located over at <EM4>~mission(Location|Address)</EM4> and will need topping up with <EM4>~mission(FuelType)</EM4>.\n\nThe client vessel will pay you at the rate of ~mission(RefuelRequest), and as a United Wayfarers Club contractor, you will also qualify for the UWC service fee listed above upon completion.\n\nOf all the places for them to run dry, they couldn't have picked a worse one. I don't want to make you nervous or anything, but I'd recommend bringing a buddy with you to watch your back.\n\nYou take care of each other out there, okay? Make sure you come back in one piece.\n\nHappy trails,\n\nDina Deloit\nDispatch Hub\nUnited Wayfarers Club\n""""We’ve got your back""""\n\n<EM4>Scenario Progress Points Total 271 | Transport 271</EM4>","Hola de nuevo:\n\nTengo otra baliza, si dispones de tiempo. La gente de RSI acaba de ponerse en contacto para decir que, debido a un """"problema de comunicación entre miembros del personal"""", se han quedado sin combustible y necesitan volver a moverse cuanto antes. La <EM4>~mission(Ship)</EM4> está en <EM4>~mission(Location|Address)</EM4> y habrá que rellenarla con <EM4>~mission(FuelType)</EM4>.\n\nEl vehículo cliente te pagará a razón de ~mission(RefuelRequest) y, como contratista de United Wayfarers Club, también tendrás derecho a la tarifa de servicio de UWC indicada arriba una vez completado el trabajo.\n\nDe todos los lugares donde podían quedarse sin combustible, no podían haber elegido uno peor. No quiero ponerte nervioso ni nada, pero te recomiendo que lleves a un compañero que te cubra las espaldas.\n\nCuidaos el uno al otro ahí fuera, ¿vale? Asegúrate de volver de una pieza.\n\nBuen viaje,\n\nDina Deloit\nCentro de despacho\nUnited Wayfarers Club\n""""Te cubrimos las espaldas""""\n\n<EM4>Puntos de progreso del escenario Total 271 | Transporte 271</EM4>",
nueva,iasi_Refueling_H_Title_001,RSI Disc. Month: Critical Refuel Request (~mission(Ship)),RSI Disc. del mes: Solicitud de repostaje crítica (~mission(Ship)),
nueva,iasi_Refueling_M_Desc_001,"Hey again,\n\nFound a beacon from one of those new <EM4>~mission(Ship)</EM4> ships out in <EM4>~mission(Location|Address)</EM4> that needs refueling. Just got off comms with them and they said they ran into some trouble with some local outlaws and had to make a sharp exit so weren't able to fill up on <EM4>~mission(FuelType)<EM4> before heading out.\n\nThe client vessel will pay you at the rate of ~mission(RefuelRequest), and as a United Wayfarers Club contractor, you will also qualify for the UWC service fee listed above upon completion.\n\nHoping we can get out to those nice folks before anything bad happens to them, been hearing a lot of nasty rumors about those parts recently. Watch your back and make sure you get home safely. \n\nHappy trails,\n\nDina Deloit\nDispatch Hub\nUnited Wayfarers Club\n""""We’ve got your back""""\n\n<EM4>Scenario Progress Points Total 104 | Transport 104</EM4>","Hola otra vez:\n\nHe encontrado una baliza de una de esas nuevas naves <EM4>~mission(Ship)</EM4> en <EM4>~mission(Location|Address)</EM4> que necesita repostar. Acabo de hablar con ellos por comunicaciones y dicen que tuvieron problemas con unos forajidos locales y tuvieron que salir a toda prisa, así que no pudieron llenar el depósito de <EM4>~mission(FuelType)<EM4> antes de partir.\n\nEl vehículo cliente te pagará a razón de ~mission(RefuelRequest) y, como contratista de United Wayfarers Club, también tendrás derecho a la tarifa de servicio de UWC indicada arriba una vez completado el trabajo.\n\nEspero que podamos llegar hasta esa buena gente antes de que les pase algo malo; últimamente he oído muchos rumores desagradables sobre esas zonas. Cuídate las espaldas y asegúrate de volver a casa sano y salvo. \n\nBuen viaje,\n\nDina Deloit\nCentro de despacho\nUnited Wayfarers Club\n""""Te cubrimos las espaldas""""\n\n<EM4>Puntos de progreso del escenario Total 104 | Transporte 104</EM4>",
nueva,iasi_Refueling_M_Title_001,RSI Disc. Month: Urgent Refuel Request (~mission(Ship)),RSI Disc. del mes: Solicitud de repostaje urgente (~mission(Ship)),
nueva,iasi_ResourceGathering_Mining_Desc,"CONTRACT: Purchase Order\nLOCATION: N/A\n\nTERMS*:\nWith the recent unveiling of their new ships, RSI wishes to increase their production capacity but ran into problems thanks to a recent empire-wide supply-chain issue. As such, they have contracted with Shubin Interstellar to fulfill a purchase order for <EM4>refined beryl</EM4>.\n\nUsing a self-provided <EM4>mining ship</EM4>, harvest the beryl and <EM4>process it a refinery center</EM4> of your choice before delivering it to <EM4>~mission(Destination|Target|Address)</EM4>. Please note, any materials delivered in excess will not be returned.\n\n\n<EM4>Scenario Progress Points Total 669 | Collection 669</EM4>","CONTRATO: Orden de compra\nUBICACIÓN: N/D\n\nCONDICIONES*:\nCon la reciente presentación de sus nuevas naves, RSI desea aumentar su capacidad de producción, pero ha tenido problemas debido a un reciente problema en la cadena de suministro de todo el imperio. Por ello, ha contratado a Shubin Interstellar para cumplir una orden de compra de <EM4>berilo refinado</EM4>.\n\nUsando una <EM4>nave minera</EM4> propia, extrae el berilo, <EM4>procésalo en un centro de refinado</EM4> de tu elección y luego entrégalo en <EM4>~mission(Destination|Target|Address)</EM4>. Ten en cuenta que no se devolverá ningún material entregado en exceso.\n\n\n<EM4>Puntos de progreso del escenario Total 669 | Recolección 669</EM4>",
nueva,iasi_ResourceGathering_Mining_E_Desc,"CONTRACT: Purchase Order\nLOCATION: N/A\n\nTERMS*:\nWith the recent unveiling of their new ships, RSI wishes to increase their production capacity but ran into problems thanks to a recent empire-wide supply-chain issue. As such, they have contracted with Shubin Interstellar to fulfill a purchase order for <EM4>refined iron</EM4>.\n\nUsing a self-provided <EM4>mining ship</EM4>, harvest the iron and <EM4>process it a refinery center</EM4> of your choice before delivering it to <EM4>~mission(Destination|Target|Address)</EM4>. Please note, any materials delivered in excess will not be returned.\n\nFor advice on where to find the required materials, consult <EM4>Mining Fundamentals #2: Where to Mine</EM4> in your mobiGlas Journal. While you're there, feel free to read the first part <EM4>Mining Fundamentals #1: Basic Overview</EM4> if you want a refresher on how to get the materials.\n\n\n<EM4>Scenario Progress Points Total 408 | Collection 408</EM4>","CONTRATO: Orden de compra\nUBICACIÓN: N/D\n\nCONDICIONES*:\nCon la reciente presentación de sus nuevas naves, RSI desea aumentar su capacidad de producción, pero ha tenido problemas debido a un reciente problema en la cadena de suministro de todo el imperio. Por ello, ha contratado a Shubin Interstellar para cumplir una orden de compra de <EM4>hierro refinado</EM4>.\n\nUsando una <EM4>nave minera</EM4> propia, extrae el hierro, <EM4>procésalo en un centro de refinado</EM4> de tu elección y luego entrégalo en <EM4>~mission(Destination|Target|Address)</EM4>. Ten en cuenta que no se devolverá ningún material entregado en exceso.\n\nPara consejos sobre dónde encontrar los materiales necesarios, consulta <EM4>Fundamentos de minería n.º 2: Dónde minar</EM4> en tu diario del mobiGlas. Ya que estás ahí, no dudes en leer la primera parte, <EM4>Fundamentos de minería n.º 1: Resumen básico</EM4>, si quieres repasar cómo conseguir los materiales.\n\n\n<EM4>Puntos de progreso del escenario Total 408 | Recolección 408</EM4>",
nueva,iasi_ResourceGathering_Mining_E_Title,RSI Disc. Month: Procure Refined Iron,RSI Disc. del mes: Obtener hierro refinado,
nueva,iasi_ResourceGathering_Mining_H_Desc,"CONTRACT: Purchase Order\nLOCATION: N/A\n\nTERMS*:\nWith the recent unveiling of their new ships, RSI wishes to increase their production capacity but ran into problems thanks to a recent empire-wide supply-chain issue. As such, they have contracted with Shubin Interstellar to fulfill a purchase order for <EM4>refined quantainium</EM4>.\n\nUsing a self-provided <EM4>mining ship</EM4>, harvest the quantainium and <EM4>process it a refinery center</EM4> of your choice before delivering it to <EM4>~mission(Destination|Target|Address)</EM4>. Please note, any materials delivered in excess will not be returned.\n\n\n<EM4>Scenario Progress Points Total 1,142 | Collection 1,142 (Split)</EM4>","CONTRATO: Orden de compra\nUBICACIÓN: N/D\n\nCONDICIONES*:\nCon la reciente presentación de sus nuevas naves, RSI desea aumentar su capacidad de producción, pero ha tenido problemas debido a un reciente problema en la cadena de suministro de todo el imperio. Por ello, ha contratado a Shubin Interstellar para cumplir una orden de compra de <EM4>quantainium refinado</EM4>.\n\nUsando una <EM4>nave minera</EM4> propia, extrae el quantainium, <EM4>procésalo en un centro de refinado</EM4> de tu elección y luego entrégalo en <EM4>~mission(Destination|Target|Address)</EM4>. Ten en cuenta que no se devolverá ningún material entregado en exceso.\n\n\n<EM4>Puntos de progreso del escenario Total 1,142 | Recolección 1,142 (Dividido)</EM4>",
nueva,iasi_ResourceGathering_Mining_H_Title,RSI Disc. Month: Procure Refined Quantainium,RSI Disc. del mes: Obtener quantainium refinado,
nueva,iasi_ResourceGathering_Mining_Title,RSI Disc. Month: Procure Refined Beryl,RSI Disc. del mes: Obtener berilo refinado,
nueva,"iasi_Salvage_ResourceGathering_L_Desc,P","Adagio Holdings\nA Proud Equal Opportunity Employer\n\n> About the job <\nRSI have informed us that there has been an increase in owners exchanging their ships in order to upgrade to the latest Constellation Mk V Centaurus and are looking for our help in salvaging the retired crafts. The exchange program only accepts Construction Materials (Salvage), so RSI have informed us that the contractor may keep any RMC they collect. \n\nIf accepted, you will travel to <EM4>~mission(Location|Address)</EM4> and gather unrefined Construction Materials from the ship located there. Then, once acquired, deliver the materials to the freight elevator located at <EM4>~mission(Destination|Address)</EM4>. Please be mindful that any extra materials delivered will not be returned.\n\nFor advice on salvaging, consult <EM4>A Salvager's Guide to Material Collection</EM4> in your mobiGlas journal. Check the requirements below to ensure you bring the right equipment.\n\n> Requirements <\n     - A large-sized salvage ship (Aegis Reclaimer)\n     - A handheld tractor beam\n\n> Disclaimer <\nContractors are responsible for ensuring that they are collecting materials from vehicles that are considered fair salvage under the pursuant UEE laws. Adagio Holdings is in no way liable for any crimes or misdemeanors committed by contractors and will offer no compensation or reparation for any persons affected by these actions.\n\n<EM4>Scenario Progress Points Total 486 | Collection 486 (Split)</EM4>","Adagio Holdings\nUn orgulloso empleador que ofrece igualdad de oportunidades\n\n> Sobre el trabajo <\nRSI nos ha informado de que ha aumentado el número de propietarios que cambian sus naves para pasar a la última Constellation Mk V Centaurus y busca nuestra ayuda para recuperar las naves retiradas. El programa de canje solo acepta Materiales de Construcción (Recuperación), así que RSI nos ha indicado que el contratista puede quedarse con cualquier RMC que recolecte. \n\nSi aceptas, viajarás a <EM4>~mission(Location|Address)</EM4> y recolectarás Materiales de Construcción sin refinar de la nave que se encuentra allí. Una vez conseguidos, entrega los materiales en el ascensor de carga situado en <EM4>~mission(Destination|Address)</EM4>. Ten en cuenta que no se devolverá ningún material extra entregado.\n\nPara consejos sobre recuperación, consulta <EM4>Guía del recuperador para la recolección de materiales</EM4> en tu diario del mobiGlas. Comprueba los requisitos siguientes para asegurarte de llevar el equipo adecuado.\n\n> Requisitos <\n     - Una nave de recuperación de gran tamaño (Aegis Reclaimer)\n     - Un haz de tractor portátil\n\n> Descargo de responsabilidad <\nLos contratistas son responsables de asegurarse de que recogen materiales de vehículos que se consideren recuperación legítima según las leyes de la UEE aplicables. Adagio Holdings no se hace responsable en modo alguno de los delitos o faltas cometidos por los contratistas y no ofrecerá compensación ni reparación a las personas afectadas por dichas acciones.\n\n<EM4>Puntos de progreso del escenario Total 486 | Recolección 486 (Dividido)</EM4>",
nueva,"iasi_Salvage_ResourceGathering_L_Title,P",RSI Disc. Month: UCM Order (L),RSI Disc. del mes: Pedido de UCM (L),
nueva,"iasi_Salvage_ResourceGathering_M_Desc,P","Adagio Holdings\nA Proud Equal Opportunity Employer\n\n> About the job <\nRSI have dedicated themselves to use even more recycled materials as a part of their Sustainable 'Verse pledge, and are offering to responsibly dispose of former customer's retired ships. Because they are only in need of the unrefined Construction Materials (Pieces) right now, any RMC obtained may be kept by the contractor.\n\nThey're looking for a contractor to travel to <EM4>~mission(Location|Address)</EM4> and salvage unrefined Construction Materials from the vessel waiting there.  Once acquired, deliver the materials to the freight elevator located at <EM4>~mission(Destination|Address)</EM4>. Please be mindful that any extra materials delivered will not be returned.\n\nFor advice on salvaging, consult <EM4>A Salvager's Guide to Material Collection</EM4> in your mobiGlas journal. Before accepting this contract be sure to check the requirements below to make sure you are able to complete the work.\n\n> Requirements <\n     - A medium-sized salvage ship (Argo MOTH)\n     - A handheld tractor beam\n\n> Disclaimer <\nContractors are responsible for ensuring that they are collecting materials from vehicles that are considered fair salvage under the pursuant UEE laws. Adagio Holdings is in no way liable for any crimes or misdemeanors committed by contractors and will offer no compensation or reparation for any persons affected by these actions.\n\n<EM4>Scenario Progress Points Total 255 | Collection 255 (Split)</EM4>","Adagio Holdings\nUn orgulloso empleador que ofrece igualdad de oportunidades\n\n> Sobre el trabajo <\nRSI se ha comprometido a usar aún más materiales reciclados como parte de su promesa de 'Verso Sostenible' y ofrece deshacerse de forma responsable de las naves retiradas de antiguos clientes. Como ahora solo necesitan Materiales de Construcción (Fragmentos) sin refinar, el contratista puede quedarse con cualquier RMC que obtenga.\n\nBuscan un contratista que viaje a <EM4>~mission(Location|Address)</EM4> y recupere Materiales de Construcción sin refinar de la nave que espera allí.  Una vez conseguidos, entrega los materiales en el ascensor de carga situado en <EM4>~mission(Destination|Address)</EM4>. Ten en cuenta que no se devolverá ningún material extra entregado.\n\nPara consejos sobre recuperación, consulta <EM4>Guía del recuperador para la recolección de materiales</EM4> en tu diario del mobiGlas. Antes de aceptar este contrato, asegúrate de comprobar los requisitos siguientes para saber si puedes completar el trabajo.\n\n> Requisitos <\n     - Una nave de recuperación de tamaño medio (Argo MOTH)\n     - Un haz de tractor portátil\n\n> Descargo de responsabilidad <\nLos contratistas son responsables de asegurarse de que recogen materiales de vehículos que se consideren recuperación legítima según las leyes de la UEE aplicables. Adagio Holdings no se hace responsable en modo alguno de los delitos o faltas cometidos por los contratistas y no ofrecerá compensación ni reparación a las personas afectadas por dichas acciones.\n\n<EM4>Puntos de progreso del escenario Total 255 | Recolección 255 (Dividido)</EM4>",
nueva,"iasi_Salvage_ResourceGathering_M_Title,P",RSI Disc. Month: UCM Order (M),RSI Disc. del mes: Pedido de UCM (M),
nueva,"iasi_Salvage_ResourceGathering_S_Desc,P","Adagio Holdings\nA Proud Equal Opportunity Employer\n\n> About the job <\nWe have received several special work orders from RSI who wish to support loyal customers by offering them a discount on their next purchase in exchange for recycling their previous ship. We are in need of the Construction Materials (Rubble) for another order we're working on, but anything else you salvage, like RMC, is yours to keep. \n\nThe disused RSI ship is located <EM4>~mission(Location|Address)</EM4> and is ready and waiting. Once salvaged, deliver the materials to the freight elevator located at <EM4>~mission(Destination|Address)</EM4>. Please be mindful that any extra materials delivered will not be returned.\n\nFor advice on salvaging, consult <EM4>A Salvager's Guide to Material Collection</EM4> in your mobiGlas journal. Before accepting this contract be sure to check the equipment requirements below.\n\n> Requirements <\n     - A small-sized salvage ship (RSI Salvation, Drake Vulture, MISC Fortune)\n     - A handheld tractor beam\n\n> Disclaimer <\nContractors are responsible for ensuring that they are collecting materials from vehicles that are considered fair salvage under the pursuant UEE laws. Adagio Holdings is in no way liable for any crimes or misdemeanors committed by contractors and will offer no compensation or reparation for any persons affected by these actions.\n\n<EM4>Scenario Progress Points Total 183 | Collection 183</EM4>","Adagio Holdings\nUn orgulloso empleador que ofrece igualdad de oportunidades\n\n> Sobre el trabajo <\nHemos recibido varias órdenes de trabajo especiales de RSI, que desea apoyar a sus clientes leales ofreciéndoles un descuento en su próxima compra a cambio de reciclar su nave anterior. Necesitamos Materiales de Construcción (Escombros) para otro pedido en el que estamos trabajando, pero cualquier otra cosa que recuperes, como RMC, es tuya. \n\nLa nave RSI en desuso se encuentra <EM4>~mission(Location|Address)</EM4> y está lista y esperando. Una vez recuperada, entrega los materiales en el ascensor de carga situado en <EM4>~mission(Destination|Address)</EM4>. Ten en cuenta que no se devolverá ningún material extra entregado.\n\nPara consejos sobre recuperación, consulta <EM4>Guía del recuperador para la recolección de materiales</EM4> en tu diario del mobiGlas. Antes de aceptar este contrato, asegúrate de comprobar los requisitos de equipo siguientes.\n\n> Requisitos <\n     - Una nave de recuperación pequeña (RSI Salvation, Drake Vulture, MISC Fortune)\n     - Un haz de tractor portátil\n\n> Descargo de responsabilidad <\nLos contratistas son responsables de asegurarse de que recogen materiales de vehículos que se consideren recuperación legítima según las leyes de la UEE aplicables. Adagio Holdings no se hace responsable en modo alguno de los delitos o faltas cometidos por los contratistas y no ofrecerá compensación ni reparación a las personas afectadas por dichas acciones.\n\n<EM4>Puntos de progreso del escenario Total 183 | Recolección 183</EM4>",
nueva,"iasi_Salvage_ResourceGathering_S_Title,P",RSI Disc. Month: UCM Order (S),RSI Disc. del mes: Pedido de UCM (S),
nueva,"iasi_ShipWaves_E_Desc,P",IASI - ShipWaveAttack - Easy,IASI - Ataque de oleadas de naves - Fácil,
nueva,"iasi_ShipWaves_E_title,P",IASI - ShipWaveAttack - Easy,IASI - Ataque de oleadas de naves - Fácil,
nueva,"iasi_ShipWaves_H_Desc,P",IASI - ShipWaveAttack - Hard,IASI - Ataque de oleadas de naves - Difícil,
nueva,"iasi_ShipWaves_H_title,P",IASI - ShipWaveAttack - Hard,IASI - Ataque de oleadas de naves - Difícil,
nueva,"iasi_ShipWaves_M_Desc,P",IASI - ShipWaveAttack - Medium,IASI - Ataque de oleadas de naves - Medio,
nueva,"iasi_ShipWaves_M_title,P",IASI - ShipWaveAttack - Medium,IASI - Ataque de oleadas de naves - Medio,
nueva,"iasi_SupportAttackedShip_E_Desc,P","We were just contacted by RSI who are in urgent need of combat support for one of the ships that are supporting their Discovery Month event.\n\nOur tracker is saying they're still over at <EM4>~mission(Location|Address)</EM4>, but god knows how long they'll last for. If you can make it in time, we'd really appreciate it.\n\nGood luck,\n\nEugene Walton\nDispatcher, Foxwell Enforcement\n'Security, Your Way'\n\nFoxwell Enforcement is a bonded security specialist licensed to operate throughout the UEE. We are always looking for new operators to join our family. If you or anyone you know is interested, please reach out to one of our contract representatives.\n\n<EM4>Scenario Progress Points Total 146 | Defense 146</EM4>","Acaba de contactarnos RSI, que necesita urgentemente apoyo de combate para una de las naves que dan soporte a su evento del Mes del Descubrimiento.\n\nNuestro rastreador indica que siguen en <EM4>~mission(Location|Address)</EM4>, pero Dios sabe cuánto aguantarán. Si consigues llegar a tiempo, te lo agradeceremos mucho.\n\nBuena suerte,\n\nEugene Walton\nOperador, Foxwell Enforcement\n'Seguridad, a tu manera'\n\nFoxwell Enforcement es un especialista en seguridad afianzado con licencia para operar en toda la UEE. Siempre buscamos nuevos operadores que se unan a nuestra familia. Si tú o alguien que conoces está interesado, contacta con uno de nuestros representantes de contratos.\n\n<EM4>Puntos de progreso del escenario Total 146 | Defensa 146</EM4>",
nueva,"iasi_SupportAttackedShip_E_title,P",RSI Disc. Month: Yellow Lvl. - Support Ship,RSI Disc. del mes: Nivel amarillo - Apoyar nave,
nueva,"iasi_SupportAttackedShip_H_Desc,P","In search of a contractor to help us out of a tight spot.\n\nWe were hired by RSI to escort their ship to the Discovery event that's going on, but the moment the group dropped out of quantum, outlaws took out the escort. All we know is that their last known location was <EM4>~mission(Location|Address)</EM4>, but that's about it.\n\nNot for the faint of heart this one, so bring <EM4>back up</EM4> and don't skimp on weapons. You'll need to cover them long enough so they can quantum to safety.\n\nGood luck out there,\n\nEugene Walton\nDispatcher, Foxwell Enforcement\n'Security, Your Way'\n\nFoxwell Enforcement is a bonded security specialist licensed to operate throughout the UEE. We are always looking for new operators to join our family. If you or anyone you know is interested, please reach out to one of our contract representatives.\n\n<EM4>Scenario Progress Points Total 417 | Defense 417</EM4>","Buscamos un contratista que nos ayude a salir de un apuro.\n\nRSI nos contrató para escoltar su nave hasta el evento Descubrimiento que se está celebrando, pero en cuanto el grupo salió del quantum, unos forajidos eliminaron a la escolta. Lo único que sabemos es que su última ubicación conocida era <EM4>~mission(Location|Address)</EM4>, y poco más.\n\nEste trabajo no es apto para cardíacos, así que lleva <EM4>refuerzos</EM4> y no escatimes en armamento. Tendrás que cubrirlos el tiempo suficiente para que puedan saltar a un lugar seguro con el quantum.\n\nBuena suerte ahí fuera,\n\nEugene Walton\nOperador, Foxwell Enforcement\n'Seguridad, a tu manera'\n\nFoxwell Enforcement es un especialista en seguridad afianzado con licencia para operar en toda la UEE. Siempre buscamos nuevos operadores que se unan a nuestra familia. Si tú o alguien que conoces está interesado, contacta con uno de nuestros representantes de contratos.\n\n<EM4>Puntos de progreso del escenario Total 417 | Defensa 417</EM4>",
nueva,"iasi_SupportAttackedShip_H_title,P",RSI Disc. Month: Orange Lvl. - RSI Ship Under Attack,RSI Disc. del mes: Nivel naranja - Nave de RSI bajo ataque,
nueva,"iasi_SupportAttackedShip_M_Desc,P","Foxwell needs a contractor to help save an RSI ship from a group of outlaws. They hired us to protect a ship for their Discovery event and the whole thing is turning into a mess. The original escorts we sent are not responding to comms and we need someone to take control of this situation ASAP.\n\nWe have reports of multiple hostiles at their current location, <EM4>~mission(Location|Address)</EM4>, and there's likely to be more on their way.\n\nGood luck out there,\n\nEugene Walton\nDispatcher, Foxwell Enforcement\n'Security, Your Way'\n\nFoxwell Enforcement is a bonded security specialist licensed to operate throughout the UEE. We are always looking for new operators to join our family. If you or anyone you know is interested, please reach out to one of our contract representatives.\n\n<EM4>Scenario Progress Points Total 208 | Defense 208</EM4>","Foxwell necesita un contratista que ayude a salvar una nave de RSI de un grupo de forajidos. Nos contrataron para proteger una nave de su evento Descubrimiento y todo se está convirtiendo en un desastre. Las escoltas originales que enviamos no responden a las comunicaciones y necesitamos que alguien tome el control de esta situación cuanto antes.\n\nTenemos informes de varios hostiles en su ubicación actual, <EM4>~mission(Location|Address)</EM4>, y es probable que vengan más de camino.\n\nBuena suerte ahí fuera,\n\nEugene Walton\nOperador, Foxwell Enforcement\n'Seguridad, a tu manera'\n\nFoxwell Enforcement es un especialista en seguridad afianzado con licencia para operar en toda la UEE. Siempre buscamos nuevos operadores que se unan a nuestra familia. Si tú o alguien que conoces está interesado, contacta con uno de nuestros representantes de contratos.\n\n<EM4>Puntos de progreso del escenario Total 208 | Defensa 208</EM4>",
nueva,"iasi_SupportAttackedShip_M_title,P",RSI Disc. Month: Orange Lvl. - Defend Ship,RSI Disc. del mes: Nivel naranja - Defender nave,
nueva,iasi_basicbox_desc,"A collector's edition box for Takuetsu's Constellation Mk IV Andromeda Model, featuring an image of the iconic ship on the front along with details about the model.","Una caja de edición de coleccionista del modelo Constellation Mk IV Andromeda de Takuetsu, con una imagen de la icónica nave en el frente junto con detalles sobre el modelo.",
nueva,iasi_basicbox_name,Constellation Mk IV Andr. Box,Caja Constellation Mk IV Andr.,
nueva,iasi_bgoldbox_desc,"A collector's edition box for Takuetsu's Constellation Mk V Centaurus Model, featuring an image of the iconic ship on the front along with details about the model. Part of an exclusive limited run, this box features a gold finish giving the packaging an ornamental appearance.","Una caja de edición de coleccionista del modelo Constellation Mk V Centaurus de Takuetsu, con una imagen de la icónica nave en el frente junto con detalles sobre el modelo. Parte de una exclusiva tirada limitada, esta caja tiene un acabado dorado que da al embalaje un aspecto ornamental.",
nueva,iasi_bgoldbox_name,Constellation Mk V Cntr. Gold Box,Caja dorada Constellation Mk V Cntr.,
nueva,"iasi_faction_name,P",Roberts Space Industries,Roberts Space Industries,
nueva,"iasi_journal_header,P",[Visiting IASI],[Visitando IASI],
nueva,itemPort_port_DeskFlair01,Desk Flair 1,Adorno de escritorio 1,
nueva,itemPort_port_DeskFlair02,Desk Flair 2,Adorno de escritorio 2,
nueva,itemPort_port_DeskFlair03,Desk Flair 3,Adorno de escritorio 3,
nueva,itemPort_port_DeskFlair04,Desk Flair 4,Adorno de escritorio 4,
nueva,itemPort_port_ShelfFlair01,Shelf Flair 1,Adorno de estantería 1,
nueva,itemPort_port_ShelfFlair02,Shelf Flair 2,Adorno de estantería 2,
nueva,itemPort_port_ShelfFlair03,Shelf Flair 3,Adorno de estantería 3,
nueva,itemPort_port_ShelfFlair04,Shelf Flair 4,Adorno de estantería 4,
nueva,itemPort_port_ShelfFlair05,Shelf Flair 5,Adorno de estantería 5,
nueva,itemPort_port_ShelfFlair06,Shelf Flair 6,Adorno de estantería 6,
nueva,itemPort_port_ShelfFlair07,Shelf Flair 7,Adorno de estantería 7,
nueva,itemPort_port_ShelfFlair08,Shelf Flair 8,Adorno de estantería 8,
nueva,"item_DescAurora_Paint_Blue_Blue_Grey,P",Switch the appearance of your Aurora with this bold livery in electric blue with gray accents. ,Cambia el aspecto de tu Aurora con esta audaz pintura azul eléctrico con acentos grises. ,
nueva,item_DescAurora_mk2_Paint_Black_Black_Orange,"With its dark base accented with eye-catching orange highlights, the Starwalker livery is ready for your next grand adventure across the galaxy.","Con su base oscura acentuada con llamativos detalles naranjas, la pintura Starwalker está lista para tu próxima gran aventura por la galaxia.",
nueva,item_DescCOOL_IASI_S01,"Item Type: Cooler\nManufacturer: RSI\nSize: 1\nGrade: B\nClass: Military\n\nBuilt to the high levels of quality associated with RSI, the BriskAir is a high performance cooler that keeps your systems running at optimal temperatures.","Tipo de artículo: Enfriador\nFabricante: RSI\nTamaño: 1\nGrado: B\nClase: Militar\n\nFabricado con los altos niveles de calidad asociados a RSI, el BriskAir es un enfriador de alto rendimiento que mantiene tus sistemas funcionando a temperaturas óptimas.",
nueva,item_DescCOOL_IASI_S02,"Item Type: Cooler\nManufacturer: RSI\nSize: 2\nGrade: B\nClass: Military\n\nBuilt to the high levels of quality associated with RSI, the BriskAir is a high performance cooler that keeps your systems running at optimal temperatures.","Tipo de artículo: Enfriador\nFabricante: RSI\nTamaño: 2\nGrado: B\nClase: Militar\n\nFabricado con los altos niveles de calidad asociados a RSI, el BriskAir es un enfriador de alto rendimiento que mantiene tus sistemas funcionando a temperaturas óptimas.",
nueva,item_DescCOOL_IASI_S03,"Item Type: Cooler\nManufacturer: RSI\nSize: 3\nGrade: B\nClass: Military\n\nBuilt to the high levels of quality associated with RSI, the BriskAir is a high performance cooler that keeps your systems running at optimal temperatures.","Tipo de artículo: Enfriador\nFabricante: RSI\nTamaño: 3\nGrado: B\nClase: Militar\n\nFabricado con los altos niveles de calidad asociados a RSI, el BriskAir es un enfriador de alto rendimiento que mantiene tus sistemas funcionando a temperaturas óptimas.",
nueva,item_DescConstellation_Paint_Black_Black_Orange,"With its dark base accented with eye-catching orange highlights, the Starwalker livery is ready for your next grand adventure across the galaxy.","Con su base oscura acentuada con llamativos detalles naranjas, la pintura Starwalker está lista para tu próxima gran aventura por la galaxia.",
nueva,item_DescConstellation_Paint_Emerald_Green_White_Black,"If fortune favors the bold, then be sure you look the part. This ""lucky"" finish features an eye-catching emerald color.","Si la fortuna favorece a los audaces, asegúrate de lucir el papel. Este acabado «de la suerte» presenta un llamativo color esmeralda.",
nueva,item_DescConstellationmk5_Paint_Black_Black_Orange,"With its dark base accented with eye-catching orange highlights, the Starwalker livery is ready for your next grand adventure across the galaxy.","Con su base oscura acentuada con llamativos detalles naranjas, la pintura Starwalker está lista para tu próxima gran aventura por la galaxia.",
nueva,"item_DescConstellationmk5_Paint_Black_Gray_Purple,P",Keep your cool with the Blackthorn livery - complete with striking silver plating that melts into the deep indigo along the top of the ship.,"Mantén la calma con la pintura Blackthorn, con llamativas placas plateadas que se funden con el índigo profundo en la parte superior de la nave.",
nueva,"item_DescConstellationmk5_Paint_Blue_Black_Yellow,P",The Convergence livery keeps your ship subtle without losing any of its charm with the deep blue base coat and subtle yellow pops of color.,"La pintura Convergence mantiene tu nave discreta sin perder nada de su encanto, con una capa base azul profundo y sutiles toques de color amarillo.",
nueva,"item_DescConstellationmk5_Paint_Blue_Orange_Blue,P","You'll be standing out from the rest with the Magnitude livery, featuring striking blue plating over a black base coat and complemented by orange accents.","Destacarás entre el resto con la pintura Magnitude, que presenta llamativas placas azules sobre una capa base negra y se complementa con acentos naranjas.",
nueva,"item_DescConstellationmk5_Paint_Red_Gray_Yellow,P",The Heritage livery features bold red plating highlighted with yellow trimmings on a black base coat.,La pintura Heritage presenta audaces placas rojas resaltadas con ribetes amarillos sobre una capa base negra.,
nueva,"item_DescConstellationmk5_Paint_White_Orange_Gray,P","When it comes to making a statement, the Patrician livery has you covered. Featuring stark white and gray with contrasting orange highlights, your enemies will be admiring your ship for as long as it takes to shoot them down.","A la hora de causar impresión, la pintura Patrician te lo pone fácil. Con un blanco y gris nítidos y detalles naranjas en contraste, tus enemigos admirarán tu nave durante el tiempo que tardes en derribarlos.",
nueva,item_DescEclipse_Paint_Red_Red_Red,"Complete with bright red veins and highlights along the surface of the ship's black wings, you can pay homage to horror with this Desmodus livery.","Con venas y reflejos rojo brillante a lo largo de la superficie de las alas negras de la nave, puedes rendir homenaje al terror con esta pintura Desmodus.",
nueva,item_DescGMNI_rifle_ballistic_01_store01,"Manufacturer: Gemini\nItem Type: Assault Rifle\nClass: Ballistic\n\nMagazine Size: 30\nRate Of Fire: 300 rpm / 900 rpm\nEffective Range: 50 m\n\nAttachments: Optics (S2), Barrel (S2), Underbarrel (S2)\n\nWith the S71, Gemini designed an ergonomic assault rifle ideal for mid-range engagements. Chambered with a smaller caliber round than other weapons in its class, the S71 has become popular among private military professionals for its sleek aesthetics and precise accuracy.\n\nMake a statement with the exclusive Infrared edition which pairs an intense ruby with light gray undertones.","Fabricante: Gemini\nTipo de artículo: Rifle de asalto\nClase: Balístico\n\nTamaño del cargador: 30\nCadencia de fuego: 300 rpm / 900 rpm\nAlcance efectivo: 50 m\n\nAccesorios: Óptica (S2), Cañón (S2), Bajo el cañón (S2)\n\nCon el S71, Gemini diseñó un rifle de asalto ergonómico ideal para enfrentamientos a media distancia. Con munición de menor calibre que otras armas de su clase, el S71 se ha hecho popular entre los profesionales militares privados por su estética elegante y su gran precisión.\n\nCausa sensación con la exclusiva edición Infrared, que combina un rubí intenso con matices gris claro.",
nueva,item_DescGalaxy_Paint_Black_Black_Orange,"With its dark base accented with eye-catching orange highlights, the Starwalker livery is ready for your next grand adventure across the galaxy.","Con su base oscura acentuada con llamativos detalles naranjas, la pintura Starwalker está lista para tu próxima gran aventura por la galaxia.",
nueva,item_DescHermes_Paint_Black_Black_Orange,"With its dark base accented with eye-catching orange highlights, the Starwalker livery is ready for your next grand adventure across the galaxy.","Con su base oscura acentuada con llamativos detalles naranjas, la pintura Starwalker está lista para tu próxima gran aventura por la galaxia.",
nueva,item_DescM80_Paint_black_gold_gold,The Runic livery features a distinctive patina and a unique etched design that accentuates the curves and lines of the M80.,La pintura Runic presenta una pátina distintiva y un diseño grabado único que acentúa las curvas y líneas del M80.,
nueva,"item_DescMRCK_S03_RSI_Skylark,P",Item Type: Missile Rack\nManufacturer: RSI,Tipo de artículo: Bastidor de misiles\nFabricante: RSI,
nueva,item_DescPOWR_S01_IASI_A,"Item Type: Power Plant\nManufacturer: RSI\nSize: 1\nGrade: A\nClass: Industrial\n\nSetting a new benchmark for performance, the Helios is a true titan of ship components, providing unparalleled output.","Tipo de artículo: Planta de energía\nFabricante: RSI\nTamaño: 1\nGrado: A\nClase: Industrial\n\nEstableciendo un nuevo referente de rendimiento, el Helios es un verdadero titán entre los componentes de nave y ofrece una potencia inigualable.",
nueva,item_DescPOWR_S01_IASI_B,"Item Type: Power Plant\nManufacturer: RSI\nSize: 1\nGrade: B\nClass: Military\n\nA military-grade power plant built by experts in the field, the Sovereign is a testament to the enduring legacy of the quality of RSI's components.","Tipo de artículo: Planta de energía\nFabricante: RSI\nTamaño: 1\nGrado: B\nClase: Militar\n\nUna planta de energía de grado militar fabricada por expertos en la materia, el Sovereign es un testimonio del legado duradero de calidad de los componentes de RSI.",
nueva,item_DescPOWR_S02_IASI_A,"Item Type: Power Plant\nManufacturer: RSI\nSize: 2\nGrade: A\nClass: Industrial\n\nSetting a new benchmark for performance, the Helios is a true titan of ship components, providing unparalleled output.","Tipo de artículo: Planta de energía\nFabricante: RSI\nTamaño: 2\nGrado: A\nClase: Industrial\n\nEstableciendo un nuevo referente de rendimiento, el Helios es un verdadero titán entre los componentes de nave y ofrece una potencia inigualable.",
nueva,item_DescPOWR_S02_IASI_B,"Item Type: Power Plant\nManufacturer: RSI\nSize: 2\nGrade: B\nClass: Military\n\nA military-grade power plant built by experts in the field, the Sovereign is a testament to the enduring legacy of the quality of RSI's components.","Tipo de artículo: Planta de energía\nFabricante: RSI\nTamaño: 2\nGrado: B\nClase: Militar\n\nUna planta de energía de grado militar fabricada por expertos en la materia, el Sovereign es un testimonio del legado duradero de calidad de los componentes de RSI.",
nueva,item_DescPOWR_S03_IASI_A,"Item Type: Power Plant\nManufacturer: RSI\nSize: 3\nGrade: A\nClass: Industrial\n\nSetting a new benchmark for performance, the Helios is a true titan of ship components, providing unparalleled output.","Tipo de artículo: Planta de energía\nFabricante: RSI\nTamaño: 3\nGrado: A\nClase: Industrial\n\nEstableciendo un nuevo referente de rendimiento, el Helios es un verdadero titán entre los componentes de nave y ofrece una potencia inigualable.",
nueva,item_DescPOWR_S03_IASI_B,"Item Type: Power Plant\nManufacturer: RSI\nSize: 3\nGrade: B\nClass: Military\n\nA military-grade power plant built by experts in the field, the Sovereign is a testament to the enduring legacy of the quality of RSI's components.","Tipo de artículo: Planta de energía\nFabricante: RSI\nTamaño: 3\nGrado: B\nClase: Militar\n\nUna planta de energía de grado militar fabricada por expertos en la materia, el Sovereign es un testimonio del legado duradero de calidad de los componentes de RSI.",
nueva,item_DescPaint_Constellation_Black_Black_Red,"Become a force to be reckoned with thanks to this livery which features a black finish, red and silver accents, and the intimidating visage of a skull.","Conviértete en una fuerza a tener en cuenta gracias a esta pintura que presenta un acabado negro, acentos rojos y plateados, y la intimidante imagen de una calavera.",
nueva,item_DescPaint_Constellation_Black_Green_Gold,Ready to shut up the naysayers and show the 'verse that you made it big? Roll up with your Constellation decked out in this green and gold livery checkered with credit symbols.,¿Listo para callar a los detractores y demostrar al 'verso que has triunfado? Preséntate con tu Constellation engalanada con esta pintura verde y dorada salpicada de símbolos de créditos.,
nueva,item_DescPaint_Constellation_Black_Grey_White,"This Constellation livery is perfect for those ready to go forth boldly with a black finish, white accents, and a large citizen emblem emblazoned on one side.","Esta pintura de Constellation es perfecta para quienes están listos para avanzar con audacia, con un acabado negro, acentos blancos y un gran emblema de ciudadano en uno de los lados.",
nueva,"item_DescPaint_Constellation_Blue_Black_Red,P","Equip the ship livery used by ace pilot Disco in the classic children's cartoon Rory Nova. While it turns the Constellation metallic dark blue, black, and red, whether you turn into the 'dynamic, instinctive spacecraft operator' that inspired the livery's name is up to you.","Equipa la pintura de nave usada por el piloto estrella Disco en el clásico dibujo animado infantil Rory Nova. Aunque convierte la Constellation en azul oscuro metálico, negro y rojo, que te conviertas en el «operador de nave dinámico e instintivo» que inspiró el nombre de la pintura depende de ti.",
nueva,item_DescPaint_Constellation_Blue_Blue_Grey,Liven up the Constellation with this slick blue livery that is sure to earn you a second look.,Dale vida a la Constellation con esta elegante pintura azul que seguro te hará ganar una segunda mirada.,
nueva,item_DescPaint_Constellation_Blue_Cyan_Grey,Switch the appearance of your Constellation with this bold livery in electric blue with gray accents. ,Cambia el aspecto de tu Constellation con esta audaz pintura azul eléctrico con acentos grises. ,
nueva,item_DescPaint_Constellation_Green_Grey_Yellow,"Your love of the Empire will be clear to all when you emblazon your ship in this patriotic livery, inspiring honor and dedication in those you fly with.","Tu amor por el Imperio quedará claro para todos cuando engalanes tu nave con esta pintura patriótica, inspirando honor y dedicación en quienes vuelan contigo.",
nueva,item_DescPlayerDeco_Flair_RSI_Constellation_Andromeda_Mk4_1_a,"This large-scale model is almost as impressive as the storied ship it so meticulously represents. Precise down to the smallest detail, this faithful model makes an impactful statement when displayed on the floor of your hangar; serving as a reminder of the many adventures and discoveries that pilots of the RSI Constellation Mk IV Andromeda were able to experience.","Este modelo a gran escala es casi tan impresionante como la legendaria nave que representa con tanta meticulosidad. Preciso hasta el más mínimo detalle, este fiel modelo causa un gran impacto cuando se exhibe en el suelo de tu hangar y sirve como recordatorio de las muchas aventuras y descubrimientos que pudieron vivir los pilotos de la RSI Constellation Mk IV Andromeda.",
nueva,item_DescPlayerDeco_Flair_RSI_Constellation_Phoenix_Sign_1_a,Bring the classic aesthetic of this unforgettable ship straight to your home or hangar with this commemorative holographic display featuring the signature fiery insignia found aboard the RSI Constellation Phoenix's interior hull.,Lleva la estética clásica de esta inolvidable nave directamente a tu hogar o hangar con esta pantalla holográfica conmemorativa que muestra la característica insignia ardiente que se encuentra en el casco interior de la RSI Constellation Phoenix.,
nueva,item_DescPlayerDeco_Flair_Xian_Incense_Burner_1_a,"With multiple cores that rhythmically float and spin, the Hyaoklo Meditation Focus has been fine-tuned over the course of millenia by Xi'an monks practicing Li'tova, and has since gained popularity with anyone looking to calm and center their minds.","Con múltiples núcleos que flotan y giran rítmicamente, el Foco de Meditación Hyaoklo ha sido perfeccionado a lo largo de milenios por monjes xi'an que practican el Li'tova, y desde entonces se ha hecho popular entre quienes buscan calmar y centrar su mente.",
nueva,item_DescPlayerDeco_Statue_Stand_flightsuit_gold_a,"Add some luster to your armor collection with the RSI Venture Executive Armor Display. Showcasing a gold-plated set of the Venture Armor, this display case preserves the set in an immaculate stasis for all to see.","Añade algo de brillo a tu colección de armaduras con la vitrina de armadura ejecutiva RSI Venture. Con un conjunto chapado en oro de la armadura Venture, esta vitrina conserva el conjunto en una estasis inmaculada para que todos lo vean.",
nueva,item_DescSalvation_Paint_White_Blue_White,"Broaden your horizons with the Glacier livery, a cooling combination of tundra whites and nautical blues.","Amplía tus horizontes con la pintura Glacier, una refrescante combinación de blancos de tundra y azules náuticos.",
nueva,item_DescScorpius_Paint_Blue_Purple_Purple,"Explore the unknown with the Echo livery, featuring subtle contoured lines that sprawl across the purples and blues of this finish.","Explora lo desconocido con la pintura Echo, con sutiles líneas de contorno que se extienden sobre los morados y azules de este acabado.",
nueva,item_DescSkylark_Paint_Black_Black_Orange,"With its dark base accented with eye-catching orange highlights, the Starwalker livery is ready for your next grand adventure across the galaxy.","Con su base oscura acentuada con llamativos detalles naranjas, la pintura Starwalker está lista para tu próxima gran aventura por la galaxia.",
nueva,item_DescSkylark_Paint_Black_Gray_Purple,Dark shades of black and gray are offset by rich purple highlights in the Blackthorn livery.,"En la pintura Blackthorn, los tonos oscuros de negro y gris se contrastan con intensos detalles morados.",
nueva,item_DescSkylark_Paint_Blue_Black_Yellow,A predominately black base is complemented by strong blue panels and sharp yellow lines in the Convergence livery.,"En la pintura Convergence, una base predominantemente negra se complementa con paneles azules intensos y líneas amarillas nítidas.",
nueva,item_DescSkylark_Paint_Blue_Orange_Blue,A combination of bold and lighter blues are accompanied by vibrant orange accents giving the Magnitude livery a striking appearance.,Una combinación de azules intensos y más claros se acompaña de vibrantes acentos naranjas que dan a la pintura Magnitude un aspecto llamativo.,
nueva,item_DescSkylark_Paint_Red_Gray_Yellow,"Blazing reds and yellows engulf the edges of a dark gray base, giving the Heritage livery a bold finish.","Rojos y amarillos ardientes envuelven los bordes de una base gris oscuro, dando a la pintura Heritage un acabado audaz.",
nueva,item_DescSkylark_Paint_White_Orange_Gray,"Cool whites and grays offer an striking appearance to the Patrician livery, completed with crisp flashes of orange.","Blancos y grises fríos ofrecen un aspecto llamativo a la pintura Patrician, completada con nítidos destellos naranjas.",
nueva,item_DescUrsa_Paint_Black_Black_Orange,"With its dark base accented with eye-catching orange highlights, the Starwalker livery is ready for your next grand adventure across the galaxy.","Con su base oscura acentuada con llamativos detalles naranjas, la pintura Starwalker está lista para tu próxima gran aventura por la galaxia.",
nueva,item_DescVulture_Paint_Green_Blue_Green,"The Abomination livery brings out the Vulture's already brutish features, boasting an asymmetrical arrangement of green and blue paneling to mimic the monsters that still haunt our imaginations.","La pintura Abomination resalta los rasgos ya brutales del Vulture, con una disposición asimétrica de paneles verdes y azules que imita a los monstruos que aún pueblan nuestra imaginación.",
nueva,item_DescWolf_Paint_Grey_Black_Grey,"Stalk your prey with the exclusive Lycan livery, which features a black base and gray fur-like hand-painted details for a monstrous finish.","Acecha a tu presa con la exclusiva pintura Lycan, que presenta una base negra y detalles grises pintados a mano que imitan el pelaje para un acabado monstruoso.",
nueva,item_DescZeus_Paint_Blue_Blue_Yellow,"Venture forth with the Keelback livery, utilizing a deep blue with contrasting yellow accents.","Aventúrate con la pintura Keelback, que utiliza un azul profundo con acentos amarillos en contraste.",
nueva,item_Desc_Carryable_1H_SQ_Flair_Coin_Constellation_Mk5,Show off the majesty of the Constellation Mk V with this commemorative collector's coin. The gold coin is embossed with a highly detailed rendition of the ship on one side with the RSI logo engraved on the back.,Presume de la majestuosidad de la Constellation Mk V con esta moneda conmemorativa de coleccionista. La moneda de oro tiene en relieve una representación muy detallada de la nave por un lado y el logotipo de RSI grabado en el reverso.,
nueva,"item_Desc_basl_combat_heavy_arms_01_01_01,P",PH - Description for basl_combat_heavy_arms_01_01_01,PH - Description for basl_combat_heavy_arms_01_01_01,
nueva,"item_Desc_basl_combat_heavy_core_01_01_01,P",PH - Description for basl_combat_heavy_core_01_01_01,PH - Description for basl_combat_heavy_core_01_01_01,
nueva,"item_Desc_basl_combat_heavy_helmet_01_01_01,P",PH - Description for basl_combat_heavy_helmet_01_01_01,PH - Description for basl_combat_heavy_helmet_01_01_01,
nueva,"item_Desc_basl_combat_heavy_legs_01_01_01,P",PH - Description for basl_combat_heavy_legs_01_01_01,PH - Description for basl_combat_heavy_legs_01_01_01,
nueva,"item_Desc_cds_combat_superheavy_helmet_01_02_01,P","Item Type: Super Heavy Armor\nDamage Reduction: 90%\nTemp. Rating: -70 / 100 °C\nRadiation Protection: 26800 REM\nRadiation Scrub Rate: 145.8 REM/s\n\nWreak havoc beyond belief while keeping your head intact with the XXXX helmet. With a full face visor and reinforced metal plating, plus extra internal padding to keep you comfortable, not just safe - you'll become a force to be reckoned with. Visor is AR crosshair compatible.\n\nThe Stronghold edition features the fierce symbology of the Nine Tails gang with bold neon pink accents. ","Tipo de objeto: Armadura superpesada\nReducción de daño: 90%\nRango de temperatura: -70 / 100 °C\nProtección contra radiación: 26800 REM\nTasa de descontaminación: 145.8 REM/s\n\nDesata el caos manteniendo la cabeza intacta con el casco XXXX. Con visor integral y blindaje reforzado, además de acolchado interno adicional para mantenerte cómodo, no solo seguro, te convertirás en una fuerza a tener en cuenta. El visor es compatible con retícula AR.\n\nLa edición Stronghold presenta la feroz simbología de la banda Nine Tails con llamativos detalles en rosa neón.",
nueva,item_Desc_kap_combat_heavy_arms_01_01_01,"Item Type: Heavy Armor\nDamage Reduction: 40%\nTemp. Rating: -77 / 100 °C\nRadiation Protection: 26800 REM\nRadiation Scrub Rate: 145.8 REM/s\n\nBoasting triple-laminate ceramic ablative plating and military-grade carbon silk weave joint protection, the Monolith heavy armor delivers exactly the kind of high-end synthesis of power, protection and style for which Kilgore and Poole are justly renowned.","Tipo de artículo: Armadura pesada\nReducción de daño: 40%\nRango de temperatura: -77 / 100 °C\nProtección contra radiación: 26800 REM\nTasa de limpieza de radiación: 145.8 REM/s\n\nCon placas ablativas de cerámica de triple laminado y protección de articulaciones de tejido de seda de carbono de grado militar, la armadura pesada Monolith ofrece justo el tipo de síntesis de alta gama entre potencia, protección y estilo por el que Kilgore and Poole son justamente reconocidos.",
nueva,"item_Desc_kap_combat_heavy_arms_01_01_10,P","Item Type: Heavy Armor\nDamage Reduction: 40%\nTemp. Rating: -77 / 100 °C\nRadiation Protection: 26800 REM\nRadiation Scrub Rate: 145.8 REM/s\n\nBoasting triple-laminate ceramic ablative plating and military-grade carbon silk weave joint protection, the Monolith heavy armor delivers exactly the kind of high-end synthesis of power, protection and style for which Kilgore and Poole are justly renowned.\n\nThe Liquidator variant features several tones of gray.","Tipo de artículo: Armadura pesada\nReducción de daño: 40%\nRango de temperatura: -77 / 100 °C\nProtección contra radiación: 26800 REM\nTasa de limpieza de radiación: 145.8 REM/s\n\nCon placas ablativas de cerámica de triple laminado y protección de articulaciones de tejido de seda de carbono de grado militar, la armadura pesada Monolith ofrece justo el tipo de síntesis de alta gama entre potencia, protección y estilo por el que Kilgore and Poole son justamente reconocidos.\n\nLa variante Liquidator presenta varios tonos de gris.",
nueva,item_Desc_kap_combat_heavy_arms_01_01_12,"Item Type: Heavy Armor\nDamage Reduction: 40%\nTemp. Rating: -77 / 100 °C\nRadiation Protection: 26800 REM\nRadiation Scrub Rate: 145.8 REM/s\n\nBoasting triple-laminate ceramic ablative plating and military-grade carbon silk weave joint protection, the Monolith heavy armor delivers exactly the kind of high-end synthesis of power, protection and style for which Kilgore and Poole are justly renowned.\n\nThe Tsunami variant features blue-on-gray accents.","Tipo de artículo: Armadura pesada\nReducción de daño: 40%\nRango de temperatura: -77 / 100 °C\nProtección contra radiación: 26800 REM\nTasa de limpieza de radiación: 145.8 REM/s\n\nCon placas ablativas de cerámica de triple laminado y protección de articulaciones de tejido de seda de carbono de grado militar, la armadura pesada Monolith ofrece justo el tipo de síntesis de alta gama entre potencia, protección y estilo por el que Kilgore and Poole son justamente reconocidos.\n\nLa variante Tsunami presenta acentos azules sobre gris.",
nueva,"item_Desc_kap_combat_heavy_arms_01_01_15,P","Item Type: Heavy Armor\nDamage Reduction: 40%\nTemp. Rating: -77 / 100 °C\nRadiation Protection: 26800 REM\nRadiation Scrub Rate: 145.8 REM/s\n\nBoasting triple-laminate ceramic ablative plating and military-grade carbon silk weave joint protection, the Monolith heavy armor delivers exactly the kind of high-end synthesis of power, protection and style for which Kilgore and Poole are justly renowned.\n\nThe Sandhawk variant features desert brown plating with slate gray accents.","Tipo de artículo: Armadura pesada\nReducción de daño: 40%\nRango de temperatura: -77 / 100 °C\nProtección contra radiación: 26800 REM\nTasa de limpieza de radiación: 145.8 REM/s\n\nCon placas ablativas de cerámica de triple laminado y protección de articulaciones de tejido de seda de carbono de grado militar, la armadura pesada Monolith ofrece justo el tipo de síntesis de alta gama entre potencia, protección y estilo por el que Kilgore and Poole son justamente reconocidos.\n\nLa variante Sandhawk presenta placas marrón desierto con acentos gris pizarra.",
nueva,item_Desc_kap_combat_heavy_arms_01_01_16,"Item Type: Heavy Armor\nDamage Reduction: 40%\nTemp. Rating: -77 / 100 °C\nRadiation Protection: 26800 REM\nRadiation Scrub Rate: 145.8 REM/s\n\nBoasting triple-laminate ceramic ablative plating and military-grade carbon silk weave joint protection, the Monolith heavy armor delivers exactly the kind of high-end synthesis of power, protection and style for which Kilgore and Poole are justly renowned.\n\nThe Serpentine variant features green-on-green accents.","Tipo de artículo: Armadura pesada\nReducción de daño: 40%\nRango de temperatura: -77 / 100 °C\nProtección contra radiación: 26800 REM\nTasa de limpieza de radiación: 145.8 REM/s\n\nCon placas ablativas de cerámica de triple laminado y protección de articulaciones de tejido de seda de carbono de grado militar, la armadura pesada Monolith ofrece justo el tipo de síntesis de alta gama entre potencia, protección y estilo por el que Kilgore and Poole son justamente reconocidos.\n\nLa variante Serpentine presenta acentos verde sobre verde.",
nueva,item_Desc_kap_combat_heavy_arms_01_02_01,"Item Type: Heavy Armor\nDamage Reduction: 40%\nTemp. Rating: -77 / 100 °C\nRadiation Protection: 26800 REM\nRadiation Scrub Rate: 145.8 REM/s\n\nBoasting triple-laminate ceramic ablative plating and military-grade carbon silk weave joint protection, the Monolith heavy armor delivers exactly the kind of high-end synthesis of power, protection and style for which Kilgore and Poole are justly renowned.\n\nThe Runic variant is enhanced by a distinctive patina and a unique etched design.","Tipo de artículo: Armadura pesada\nReducción de daño: 40%\nRango de temperatura: -77 / 100 °C\nProtección contra radiación: 26800 REM\nTasa de limpieza de radiación: 145.8 REM/s\n\nCon placas ablativas de cerámica de triple laminado y protección de articulaciones de tejido de seda de carbono de grado militar, la armadura pesada Monolith ofrece justo el tipo de síntesis de alta gama entre potencia, protección y estilo por el que Kilgore and Poole son justamente reconocidos.\n\nLa variante Runic se realza con una pátina distintiva y un diseño grabado único.",
nueva,item_Desc_kap_combat_heavy_arms_01_03_01,"Item Type: Heavy Armor\nDamage Reduction: 40%\nTemp. Rating: -77 / 100 °C\nRadiation Protection: 26800 REM\nRadiation Scrub Rate: 145.8 REM/s\n\nBoasting triple-laminate ceramic ablative plating and military-grade carbon silk weave joint protection, the Monolith heavy armor delivers exactly the kind of high-end synthesis of power, protection and style for which Kilgore and Poole are justly renowned.\n\nThe Blackheart variant features iconic black-and-gray with scarlet accents.","Tipo de artículo: Armadura pesada\nReducción de daño: 40%\nRango de temperatura: -77 / 100 °C\nProtección contra radiación: 26800 REM\nTasa de limpieza de radiación: 145.8 REM/s\n\nCon placas ablativas de cerámica de triple laminado y protección de articulaciones de tejido de seda de carbono de grado militar, la armadura pesada Monolith ofrece justo el tipo de síntesis de alta gama entre potencia, protección y estilo por el que Kilgore and Poole son justamente reconocidos.\n\nLa variante Blackheart presenta el icónico negro y gris con acentos escarlata.",
nueva,item_Desc_kap_combat_heavy_arms_01_04_01,"Item Type: Heavy Armor\nDamage Reduction: 40%\nTemp. Rating: -77 / 100 °C\nRadiation Protection: 26800 REM\nRadiation Scrub Rate: 145.8 REM/s\n\nBoasting triple-laminate ceramic ablative plating and military-grade carbon silk weave joint protection, the Monolith heavy armor delivers exactly the kind of high-end synthesis of power, protection and style for which Kilgore and Poole are justly renowned.\n\nThe Shadowflux variant features a sleek black foundation with subtle chromatic purple tinting.","Tipo de artículo: Armadura pesada\nReducción de daño: 40%\nRango de temperatura: -77 / 100 °C\nProtección contra radiación: 26800 REM\nTasa de limpieza de radiación: 145.8 REM/s\n\nCon placas ablativas de cerámica de triple laminado y protección de articulaciones de tejido de seda de carbono de grado militar, la armadura pesada Monolith ofrece justo el tipo de síntesis de alta gama entre potencia, protección y estilo por el que Kilgore and Poole son justamente reconocidos.\n\nLa variante Shadowflux presenta una elegante base negra con sutiles tintes cromáticos morados.",
nueva,item_Desc_kap_combat_heavy_arms_01_05_01,"Item Type: Heavy Armor\nDamage Reduction: 40%\nTemp. Rating: -77 / 100 °C\nRadiation Protection: 26800 REM\nRadiation Scrub Rate: 145.8 REM/s\n\nThe Monolith heavy armour delivers exactly the kind of high-end synthesis of power, protection and style for which Kilgore and Poole are justly renowned. \nBoasting triple-laminate ceramic ablative plating and military-grade carbon silk weave joint protection, the Monolith pattern proves you don't have to sacrifice flexibility for the sake of durability.\n\nThe Silver Strike edition features bright polished plating paired with a gray lining.","Tipo de artículo: Armadura pesada\nReducción de daño: 40%\nRango de temperatura: -77 / 100 °C\nProtección contra radiación: 26800 REM\nTasa de limpieza de radiación: 145.8 REM/s\n\nLa armadura pesada Monolith ofrece justo el tipo de síntesis de alta gama entre potencia, protección y estilo por el que Kilgore and Poole son justamente reconocidos.\nCon placas ablativas de cerámica de triple laminado y protección de articulaciones de tejido de seda de carbono de grado militar, el patrón Monolith demuestra que no hay que sacrificar la flexibilidad en aras de la durabilidad.\n\nLa edición Silver Strike presenta placas pulidas y brillantes combinadas con un forro gris.",
nueva,item_Desc_kap_combat_heavy_arms_01_06_01,"Item Type: Heavy Armor\nDamage Reduction: 40%\nTemp. Rating: -77 / 100 °C\nRadiation Protection: 26800 REM\nRadiation Scrub Rate: 145.8 REM/s\n\nThe Monolith heavy armour delivers exactly the kind of high-end synthesis of power, protection and style for which Kilgore and Poole are justly renowned. \nBoasting triple-laminate ceramic ablative plating and military-grade carbon silk weave joint protection, the Monolith pattern proves you don't have to sacrifice flexibility for the sake of durability.\n\nDesigned to intimidate, the Oubliette edition features no-nonsense gray-on-gray accents.","Tipo de artículo: Armadura pesada\nReducción de daño: 40%\nRango de temperatura: -77 / 100 °C\nProtección contra radiación: 26800 REM\nTasa de limpieza de radiación: 145.8 REM/s\n\nLa armadura pesada Monolith ofrece justo el tipo de síntesis de alta gama entre potencia, protección y estilo por el que Kilgore and Poole son justamente reconocidos.\nCon placas ablativas de cerámica de triple laminado y protección de articulaciones de tejido de seda de carbono de grado militar, el patrón Monolith demuestra que no hay que sacrificar la flexibilidad en aras de la durabilidad.\n\nDiseñada para intimidar, la edición Oubliette presenta acentos gris sobre gris sin florituras.",
nueva,item_Desc_kap_combat_heavy_backpack_01_01_01,"Item Type: Heavy Backpack\nCarrying Capacity: 150.0 µSCU\nCore Compatibility: Heavy\n\nA triple-laminate ceramic hardshell with carbon weave-reinforced attachment points, the sleek and capacious Monolith backpack is another example of Kilgore and Poole's signature mix of style and practicality. ","Tipo de artículo: Mochila pesada\nCapacidad de carga: 150.0 µSCU\nCompatibilidad con el núcleo: Pesado\n\nCon una carcasa rígida de cerámica de triple laminado y puntos de anclaje reforzados con tejido de carbono, la elegante y espaciosa mochila Monolith es otro ejemplo de la característica mezcla de estilo y practicidad de Kilgore and Poole. ",
nueva,"item_Desc_kap_combat_heavy_backpack_01_01_10,P","Item Type: Heavy Backpack\nCarrying Capacity: 150.0 µSCU\nCore Compatibility: Heavy\n\nA triple-laminate ceramic hardshell with carbon weave-reinforced attachment points, the sleek and capacious Monolith backpack is another example of Kilgore and Poole's signature mix of style and practicality. \n\nThe Liquidator variant features several tones of gray.","Tipo de artículo: Mochila pesada\nCapacidad de carga: 150.0 µSCU\nCompatibilidad con el núcleo: Pesado\n\nCon una carcasa rígida de cerámica de triple laminado y puntos de anclaje reforzados con tejido de carbono, la elegante y espaciosa mochila Monolith es otro ejemplo de la característica mezcla de estilo y practicidad de Kilgore and Poole.\n\nLa variante Liquidator presenta varios tonos de gris.",
nueva,item_Desc_kap_combat_heavy_backpack_01_01_12,"Item Type: Heavy Backpack\nCarrying Capacity: 150.0 µSCU\nCore Compatibility: Heavy\n\nA triple-laminate ceramic hardshell with carbon weave-reinforced attachment points, the sleek and capacious Monolith backpack is another example of Kilgore and Poole's signature mix of style and practicality. \n\nThe Tsunami variant features blue-on-gray accents.","Tipo de artículo: Mochila pesada\nCapacidad de carga: 150.0 µSCU\nCompatibilidad con el núcleo: Pesado\n\nCon una carcasa rígida de cerámica de triple laminado y puntos de anclaje reforzados con tejido de carbono, la elegante y espaciosa mochila Monolith es otro ejemplo de la característica mezcla de estilo y practicidad de Kilgore and Poole.\n\nLa variante Tsunami presenta acentos azules sobre gris.",
nueva,item_Desc_kap_combat_heavy_backpack_01_01_15,"Item Type: Heavy Backpack\nCarrying Capacity: 150.0 µSCU\nCore Compatibility: Heavy\n\nA triple-laminate ceramic hardshell with carbon weave-reinforced attachment points, the sleek and capacious Monolith backpack is another example of Kilgore and Poole's signature mix of style and practicality. \n\nThe Sandhawk variant features desert brown plating with slate gray accents.","Tipo de artículo: Mochila pesada\nCapacidad de carga: 150.0 µSCU\nCompatibilidad con el núcleo: Pesado\n\nCon una carcasa rígida de cerámica de triple laminado y puntos de anclaje reforzados con tejido de carbono, la elegante y espaciosa mochila Monolith es otro ejemplo de la característica mezcla de estilo y practicidad de Kilgore and Poole.\n\nLa variante Sandhawk presenta placas marrón desierto con acentos gris pizarra.",
nueva,item_Desc_kap_combat_heavy_backpack_01_01_16,"Item Type: Heavy Backpack\nCarrying Capacity: 150.0 µSCU\nCore Compatibility: Heavy\n\nA triple-laminate ceramic hardshell with carbon weave-reinforced attachment points, the sleek and capacious Monolith backpack is another example of Kilgore and Poole's signature mix of style and practicality. \n\nThe Serpentine variant features green-on-green accents.","Tipo de artículo: Mochila pesada\nCapacidad de carga: 150.0 µSCU\nCompatibilidad con el núcleo: Pesado\n\nCon una carcasa rígida de cerámica de triple laminado y puntos de anclaje reforzados con tejido de carbono, la elegante y espaciosa mochila Monolith es otro ejemplo de la característica mezcla de estilo y practicidad de Kilgore and Poole.\n\nLa variante Serpentine presenta acentos verde sobre verde.",
nueva,item_Desc_kap_combat_heavy_backpack_01_02_01,"Item Type: Heavy Backpack\nCarrying Capacity: 150.0 µSCU\nCore Compatibility: Heavy\n\nA triple-laminate ceramic hardshell with carbon weave-reinforced attachment points, the sleek and capacious Monolith backpack is another example of Kilgore and Poole's signature mix of style and practicality. \n\nThe Runic variant is enhanced by a distinctive patina and a unique etched design.","Tipo de artículo: Mochila pesada\nCapacidad de carga: 150.0 µSCU\nCompatibilidad con el núcleo: Pesado\n\nCon una carcasa rígida de cerámica de triple laminado y puntos de anclaje reforzados con tejido de carbono, la elegante y espaciosa mochila Monolith es otro ejemplo de la característica mezcla de estilo y practicidad de Kilgore and Poole.\n\nLa variante Runic se realza con una pátina distintiva y un diseño grabado único.",
nueva,item_Desc_kap_combat_heavy_backpack_01_03_01,"Item Type: Heavy Backpack\nCarrying Capacity: 150.0 µSCU\nCore Compatibility: Heavy\n\nA triple-laminate ceramic hardshell with carbon weave-reinforced attachment points, the sleek and capacious Monolith backpack is another example of Kilgore and Poole's signature mix of style and practicality. \n\nThe Blackheart variant features iconic black-and-gray with scarlet accents.","Tipo de artículo: Mochila pesada\nCapacidad de carga: 150.0 µSCU\nCompatibilidad con el núcleo: Pesado\n\nCon una carcasa rígida de cerámica de triple laminado y puntos de anclaje reforzados con tejido de carbono, la elegante y espaciosa mochila Monolith es otro ejemplo de la característica mezcla de estilo y practicidad de Kilgore and Poole.\n\nLa variante Blackheart presenta el icónico negro y gris con acentos escarlata.",
nueva,"item_Desc_kap_combat_heavy_backpack_01_04_01,P","Item Type: Heavy Backpack\nCarrying Capacity: 150.0 µSCU\nCore Compatibility: Heavy\n\nA triple-laminate ceramic hardshell with carbon weave-reinforced attachment points, the sleek and capacious Monolith backpack is another example of Kilgore and Poole's signature mix of style and practicality. \n\nThe Shadowflux variant features a sleek black foundation with subtle chromatic purple tinting.","Tipo de artículo: Mochila pesada\nCapacidad de carga: 150.0 µSCU\nCompatibilidad con el núcleo: Pesado\n\nCon una carcasa rígida de cerámica de triple laminado y puntos de anclaje reforzados con tejido de carbono, la elegante y espaciosa mochila Monolith es otro ejemplo de la característica mezcla de estilo y practicidad de Kilgore and Poole.\n\nLa variante Shadowflux presenta una elegante base negra con sutiles tintes cromáticos morados.",
nueva,item_Desc_kap_combat_heavy_backpack_01_05_01,"Item Type: Heavy Backpack\nCarrying Capacity: 150.0 µSCU\nCore Compatability: Heavy\n\nA triple-laminate ceramic hardshell with carbon silk-reinforced attachment points, the sleek and capacious Monolith backpack is another example of Kilgore and Poole's signature mix of style and practicality. \n\nThe Silver Strike edition features bright polished plating paired with a gray lining.","Tipo de artículo: Mochila pesada\nCapacidad de carga: 150.0 µSCU\nCompatibilidad con el núcleo: Pesado\n\nCon una carcasa rígida de cerámica de triple laminado y puntos de anclaje reforzados con seda de carbono, la elegante y espaciosa mochila Monolith es otro ejemplo de la característica mezcla de estilo y practicidad de Kilgore and Poole.\n\nLa edición Silver Strike presenta placas pulidas y brillantes combinadas con un forro gris.",
nueva,item_Desc_kap_combat_heavy_backpack_01_06_01,"Item Type: Heavy Backpack\nCarrying Capacity: 150.0 µSCU\nCore Compatability: Heavy\n\nA triple-laminate ceramic hardshell with carbon silk-reinforced attachment points, the sleek and capacious Monolith backpack is another example of Kilgore and Poole's signature mix of style and practicality. \n\nDesigned to intimidate, the Oubliette edition features no-nonsense gray-on-gray accents.","Tipo de artículo: Mochila pesada\nCapacidad de carga: 150.0 µSCU\nCompatibilidad con el núcleo: Pesado\n\nCon una carcasa rígida de cerámica de triple laminado y puntos de anclaje reforzados con seda de carbono, la elegante y espaciosa mochila Monolith es otro ejemplo de la característica mezcla de estilo y practicidad de Kilgore and Poole.\n\nDiseñada para intimidar, la edición Oubliette presenta acentos gris sobre gris sin florituras.",
nueva,item_Desc_kap_combat_heavy_core_01_01_01,"Item Type: Heavy Armor\nDamage Reduction: 40%\nTemp. Rating: -77 / 107 °C\nRadiation Protection: 26800 REM\nRadiation Scrub Rate: 145.8 REM/s\nCarrying Capacity: 12.0 µSCU\nBackpacks: All\n\nBoasting triple-laminate ceramic ablative plating and military-grade carbon silk weave joint protection, the Monolith heavy armor delivers exactly the kind of high-end synthesis of power, protection and style for which Kilgore and Poole are justly renowned.","Tipo de artículo: Armadura pesada\nReducción de daño: 40%\nRango de temperatura: -77 / 107 °C\nProtección contra radiación: 26800 REM\nTasa de limpieza de radiación: 145.8 REM/s\nCapacidad de carga: 12.0 µSCU\nMochilas: Todas\n\nCon placas ablativas de cerámica de triple laminado y protección de articulaciones de tejido de seda de carbono de grado militar, la armadura pesada Monolith ofrece justo el tipo de síntesis de alta gama entre potencia, protección y estilo por el que Kilgore and Poole son justamente reconocidos.",
nueva,"item_Desc_kap_combat_heavy_core_01_01_10,P","Item Type: Heavy Armor\nDamage Reduction: 40%\nTemp. Rating: -77 / 107 °C\nRadiation Protection: 26800 REM\nRadiation Scrub Rate: 145.8 REM/s\nCarrying Capacity: 12.0 µSCU\nBackpacks: All\n\nBoasting triple-laminate ceramic ablative plating and military-grade carbon silk weave joint protection, the Monolith heavy armor delivers exactly the kind of high-end synthesis of power, protection and style for which Kilgore and Poole are justly renowned.\n\nThe Liquidator variant features several tones of gray.","Tipo de artículo: Armadura pesada\nReducción de daño: 40%\nRango de temperatura: -77 / 107 °C\nProtección contra radiación: 26800 REM\nTasa de limpieza de radiación: 145.8 REM/s\nCapacidad de carga: 12.0 µSCU\nMochilas: Todas\n\nCon placas ablativas de cerámica de triple laminado y protección de articulaciones de tejido de seda de carbono de grado militar, la armadura pesada Monolith ofrece justo el tipo de síntesis de alta gama entre potencia, protección y estilo por el que Kilgore and Poole son justamente reconocidos.\n\nLa variante Liquidator presenta varios tonos de gris.",
nueva,item_Desc_kap_combat_heavy_core_01_01_12,"Item Type: Heavy Armor\nDamage Reduction: 40%\nTemp. Rating: -77 / 107 °C\nRadiation Protection: 26800 REM\nRadiation Scrub Rate: 145.8 REM/s\nCarrying Capacity: 12.0 µSCU\nBackpacks: All\n\nBoasting triple-laminate ceramic ablative plating and military-grade carbon silk weave joint protection, the Monolith heavy armor delivers exactly the kind of high-end synthesis of power, protection and style for which Kilgore and Poole are justly renowned.\n\nThe Tsunami variant features blue-on-gray accents.","Tipo de artículo: Armadura pesada\nReducción de daño: 40%\nRango de temperatura: -77 / 107 °C\nProtección contra radiación: 26800 REM\nTasa de limpieza de radiación: 145.8 REM/s\nCapacidad de carga: 12.0 µSCU\nMochilas: Todas\n\nCon placas ablativas de cerámica de triple laminado y protección de articulaciones de tejido de seda de carbono de grado militar, la armadura pesada Monolith ofrece justo el tipo de síntesis de alta gama entre potencia, protección y estilo por el que Kilgore and Poole son justamente reconocidos.\n\nLa variante Tsunami presenta acentos azules sobre gris.",
nueva,item_Desc_kap_combat_heavy_core_01_01_15,"Item Type: Heavy Armor\nDamage Reduction: 40%\nTemp. Rating: -77 / 107 °C\nRadiation Protection: 26800 REM\nRadiation Scrub Rate: 145.8 REM/s\nCarrying Capacity: 12.0 µSCU\nBackpacks: All\n\nBoasting triple-laminate ceramic ablative plating and military-grade carbon silk weave joint protection, the Monolith heavy armor delivers exactly the kind of high-end synthesis of power, protection and style for which Kilgore and Poole are justly renowned.\n\nThe Sandhawk variant features desert brown plating with slate gray accents.","Tipo de artículo: Armadura pesada\nReducción de daño: 40%\nRango de temperatura: -77 / 107 °C\nProtección contra radiación: 26800 REM\nTasa de limpieza de radiación: 145.8 REM/s\nCapacidad de carga: 12.0 µSCU\nMochilas: Todas\n\nCon placas ablativas de cerámica de triple laminado y protección de articulaciones de tejido de seda de carbono de grado militar, la armadura pesada Monolith ofrece justo el tipo de síntesis de alta gama entre potencia, protección y estilo por el que Kilgore and Poole son justamente reconocidos.\n\nLa variante Sandhawk presenta placas marrón desierto con acentos gris pizarra.",
nueva,item_Desc_kap_combat_heavy_core_01_01_16,"Item Type: Heavy Armor\nDamage Reduction: 40%\nTemp. Rating: -77 / 107 °C\nRadiation Protection: 26800 REM\nRadiation Scrub Rate: 145.8 REM/s\nCarrying Capacity: 12.0 µSCU\nBackpacks: All\n\nBoasting triple-laminate ceramic ablative plating and military-grade carbon silk weave joint protection, the Monolith heavy armor delivers exactly the kind of high-end synthesis of power, protection and style for which Kilgore and Poole are justly renowned.\n\nThe Serpentine variant features green-on-green accents.","Tipo de artículo: Armadura pesada\nReducción de daño: 40%\nRango de temperatura: -77 / 107 °C\nProtección contra radiación: 26800 REM\nTasa de limpieza de radiación: 145.8 REM/s\nCapacidad de carga: 12.0 µSCU\nMochilas: Todas\n\nCon placas ablativas de cerámica de triple laminado y protección de articulaciones de tejido de seda de carbono de grado militar, la armadura pesada Monolith ofrece justo el tipo de síntesis de alta gama entre potencia, protección y estilo por el que Kilgore and Poole son justamente reconocidos.\n\nLa variante Serpentine presenta acentos verde sobre verde.",
nueva,item_Desc_kap_combat_heavy_core_01_02_01,"Item Type: Heavy Armor\nDamage Reduction: 40%\nTemp. Rating: -77 / 107 °C\nRadiation Protection: 26800 REM\nRadiation Scrub Rate: 145.8 REM/s\nCarrying Capacity: 12.0 µSCU\nBackpacks: All\n\nBoasting triple-laminate ceramic ablative plating and military-grade carbon silk weave joint protection, the Monolith heavy armor delivers exactly the kind of high-end synthesis of power, protection and style for which Kilgore and Poole are justly renowned.\n\nThe Runic variant is enhanced by a distinctive patina and a unique etched design.","Tipo de artículo: Armadura pesada\nReducción de daño: 40%\nRango de temperatura: -77 / 107 °C\nProtección contra radiación: 26800 REM\nTasa de limpieza de radiación: 145.8 REM/s\nCapacidad de carga: 12.0 µSCU\nMochilas: Todas\n\nCon placas ablativas de cerámica de triple laminado y protección de articulaciones de tejido de seda de carbono de grado militar, la armadura pesada Monolith ofrece justo el tipo de síntesis de alta gama entre potencia, protección y estilo por el que Kilgore and Poole son justamente reconocidos.\n\nLa variante Runic se realza con una pátina distintiva y un diseño grabado único.",
nueva,item_Desc_kap_combat_heavy_core_01_03_01,"Item Type: Heavy Armor\nDamage Reduction: 40%\nTemp. Rating: -77 / 107 °C\nRadiation Protection: 26800 REM\nRadiation Scrub Rate: 145.8 REM/s\nCarrying Capacity: 12.0 µSCU\nBackpacks: All\n\nBoasting triple-laminate ceramic ablative plating and military-grade carbon silk weave joint protection, the Monolith heavy armor delivers exactly the kind of high-end synthesis of power, protection and style for which Kilgore and Poole are justly renowned.\n\nThe Blackheart variant features the iconic blac-and-gray livery with scarlet accents.","Tipo de artículo: Armadura pesada\nReducción de daño: 40%\nRango de temperatura: -77 / 107 °C\nProtección contra radiación: 26800 REM\nTasa de limpieza de radiación: 145.8 REM/s\nCapacidad de carga: 12.0 µSCU\nMochilas: Todas\n\nCon placas ablativas de cerámica de triple laminado y protección de articulaciones de tejido de seda de carbono de grado militar, la armadura pesada Monolith ofrece justo el tipo de síntesis de alta gama entre potencia, protección y estilo por el que Kilgore and Poole son justamente reconocidos.\n\nLa variante Blackheart presenta la icónica pintura negra y gris con acentos escarlata.",
nueva,item_Desc_kap_combat_heavy_core_01_04_01,"Item Type: Heavy Armor\nDamage Reduction: 40%\nTemp. Rating: -77 / 107 °C\nRadiation Protection: 26800 REM\nRadiation Scrub Rate: 145.8 REM/s\nCarrying Capacity: 12.0 µSCU\nBackpacks: All\n\nBoasting triple-laminate ceramic ablative plating and military-grade carbon silk weave joint protection, the Monolith heavy armor delivers exactly the kind of high-end synthesis of power, protection and style for which Kilgore and Poole are justly renowned.\n\nThe Shadowflux variant features a sleek black foundation with subtle chromatic purple tinting.","Tipo de artículo: Armadura pesada\nReducción de daño: 40%\nRango de temperatura: -77 / 107 °C\nProtección contra radiación: 26800 REM\nTasa de limpieza de radiación: 145.8 REM/s\nCapacidad de carga: 12.0 µSCU\nMochilas: Todas\n\nCon placas ablativas de cerámica de triple laminado y protección de articulaciones de tejido de seda de carbono de grado militar, la armadura pesada Monolith ofrece justo el tipo de síntesis de alta gama entre potencia, protección y estilo por el que Kilgore and Poole son justamente reconocidos.\n\nLa variante Shadowflux presenta una elegante base negra con sutiles tintes cromáticos morados.",
nueva,item_Desc_kap_combat_heavy_core_01_05_01,"Item Type: Heavy Armor\nDamage Reduction: 40%\nTemp. Rating: -77 / 107 °C\nRadiation Protection: 26800 REM\nRadiation Scrub Rate: 145.8 REM/s\nCarrying Capacity: 12.0 µSCU\nBackpacks: All\n\nThe Monolith heavy armour delivers exactly the kind of high-end synthesis of power, protection and style for which Kilgore and Poole are justly renowned. \nBoasting triple-laminate ceramic ablative plating and military-grade carbon silk weave joint protection, the Monolith pattern proves you don't have to sacrifice flexibility for the sake of durability.\n\nThe Silver Strike edition features bright polished plating paired with a gray lining.","Tipo de artículo: Armadura pesada\nReducción de daño: 40%\nRango de temperatura: -77 / 107 °C\nProtección contra radiación: 26800 REM\nTasa de limpieza de radiación: 145.8 REM/s\nCapacidad de carga: 12.0 µSCU\nMochilas: Todas\n\nLa armadura pesada Monolith ofrece justo el tipo de síntesis de alta gama entre potencia, protección y estilo por el que Kilgore and Poole son justamente reconocidos.\nCon placas ablativas de cerámica de triple laminado y protección de articulaciones de tejido de seda de carbono de grado militar, el patrón Monolith demuestra que no hay que sacrificar la flexibilidad en aras de la durabilidad.\n\nLa edición Silver Strike presenta placas pulidas y brillantes combinadas con un forro gris.",
nueva,item_Desc_kap_combat_heavy_core_01_06_01,"Item Type: Heavy Armor\nDamage Reduction: 40%\nTemp. Rating: -77 / 107 °C\nRadiation Protection: 26800 REM\nRadiation Scrub Rate: 145.8 REM/s\nCarrying Capacity: 12.0 µSCU\nBackpacks: All\n\nThe Monolith heavy armour delivers exactly the kind of high-end synthesis of power, protection and style for which Kilgore and Poole are justly renowned. \nBoasting triple-laminate ceramic ablative plating and military-grade carbon silk weave joint protection, the Monolith pattern proves you don't have to sacrifice flexibility for the sake of durability.\n\nDesigned to intimidate, the Oubliette edition features no-nonsense gray-on-gray accents.","Tipo de artículo: Armadura pesada\nReducción de daño: 40%\nRango de temperatura: -77 / 107 °C\nProtección contra radiación: 26800 REM\nTasa de limpieza de radiación: 145.8 REM/s\nCapacidad de carga: 12.0 µSCU\nMochilas: Todas\n\nLa armadura pesada Monolith ofrece justo el tipo de síntesis de alta gama entre potencia, protección y estilo por el que Kilgore and Poole son justamente reconocidos.\nCon placas ablativas de cerámica de triple laminado y protección de articulaciones de tejido de seda de carbono de grado militar, el patrón Monolith demuestra que no hay que sacrificar la flexibilidad en aras de la durabilidad.\n\nDiseñada para intimidar, la edición Oubliette presenta acentos gris sobre gris sin florituras.",
nueva,"item_Desc_kap_combat_heavy_helmet_01_01_01,P","Item Type: Heavy Armor\nDamage Reduction: 40%\nTemp. Rating: -77 / 100 °C\nRadiation Protection: 26800 REM\nRadiation Scrub Rate: 145.8 REM/s\n\nBoasting triple laminate full-head shielding and military-grade carbon silk environmental seals, Kilgore and Poole's Monolith helmet combines unparalleled protection with a razor-sharp field of vision. Visor is AR crosshair compatible.","Tipo de artículo: Armadura pesada\nReducción de daño: 40%\nRango de temperatura: -77 / 100 °C\nProtección contra radiación: 26800 REM\nTasa de limpieza de radiación: 145.8 REM/s\n\nCon un blindaje de cabeza completa de triple laminado y sellos ambientales de seda de carbono de grado militar, el casco Monolith de Kilgore and Poole combina una protección inigualable con un campo de visión nítido como una cuchilla. La visera es compatible con retícula AR.",
nueva,item_Desc_kap_combat_heavy_helmet_01_01_10,"Item Type: Heavy Armor\nDamage Reduction: 40%\nTemp. Rating: -77 / 100 °C\nRadiation Protection: 26800 REM\nRadiation Scrub Rate: 145.8 REM/s\n\nBoasting triple laminate full-head shielding and military-grade carbon silk environmental seals, Kilgore and Poole's Monolith helmet combines unparalleled protection with a razor-sharp field of vision. Visor is AR crosshair compatible.\n\nThe Liquidator variant features several tones of gray.","Tipo de artículo: Armadura pesada\nReducción de daño: 40%\nRango de temperatura: -77 / 100 °C\nProtección contra radiación: 26800 REM\nTasa de limpieza de radiación: 145.8 REM/s\n\nCon un blindaje de cabeza completa de triple laminado y sellos ambientales de seda de carbono de grado militar, el casco Monolith de Kilgore and Poole combina una protección inigualable con un campo de visión nítido como una cuchilla. La visera es compatible con retícula AR.\n\nLa variante Liquidator presenta varios tonos de gris.",
nueva,item_Desc_kap_combat_heavy_helmet_01_01_12,"Item Type: Heavy Armor\nDamage Reduction: 40%\nTemp. Rating: -77 / 100 °C\nRadiation Protection: 26800 REM\nRadiation Scrub Rate: 145.8 REM/s\n\nBoasting triple laminate full-head shielding and military-grade carbon silk environmental seals, Kilgore and Poole's Monolith helmet combines unparalleled protection with a razor-sharp field of vision. Visor is AR crosshair compatible.\n\nThe Tsunami variant features blue-on-gray accents.","Tipo de artículo: Armadura pesada\nReducción de daño: 40%\nRango de temperatura: -77 / 100 °C\nProtección contra radiación: 26800 REM\nTasa de limpieza de radiación: 145.8 REM/s\n\nCon un blindaje de cabeza completa de triple laminado y sellos ambientales de seda de carbono de grado militar, el casco Monolith de Kilgore and Poole combina una protección inigualable con un campo de visión nítido como una cuchilla. La visera es compatible con retícula AR.\n\nLa variante Tsunami presenta acentos azules sobre gris.",
nueva,item_Desc_kap_combat_heavy_helmet_01_01_15,"Item Type: Heavy Armor\nDamage Reduction: 40%\nTemp. Rating: -77 / 100 °C\nRadiation Protection: 26800 REM\nRadiation Scrub Rate: 145.8 REM/s\n\nBoasting triple laminate full-head shielding and military-grade carbon silk environmental seals, Kilgore and Poole's Monolith helmet combines unparalleled protection with a razor-sharp field of vision.\n\nThe Sandhawk variant features desert brown plating with slate gray accents.","Tipo de artículo: Armadura pesada\nReducción de daño: 40%\nRango de temperatura: -77 / 100 °C\nProtección contra radiación: 26800 REM\nTasa de limpieza de radiación: 145.8 REM/s\n\nCon un blindaje de cabeza completa de triple laminado y sellos ambientales de seda de carbono de grado militar, el casco Monolith de Kilgore and Poole combina una protección inigualable con un campo de visión nítido como una cuchilla.\n\nLa variante Sandhawk presenta placas marrón desierto con acentos gris pizarra.",
nueva,item_Desc_kap_combat_heavy_helmet_01_01_16,"Item Type: Heavy Armor\nDamage Reduction: 40%\nTemp. Rating: -77 / 100 °C\nRadiation Protection: 26800 REM\nRadiation Scrub Rate: 145.8 REM/s\n\nBoasting triple laminate full-head shielding and military-grade carbon silk environmental seals, Kilgore and Poole's Monolith helmet combines unparalleled protection with a razor-sharp field of vision. Visor is AR crosshair compatible.\n\nThe Serpentine variant features green-on-green accents.","Tipo de artículo: Armadura pesada\nReducción de daño: 40%\nRango de temperatura: -77 / 100 °C\nProtección contra radiación: 26800 REM\nTasa de limpieza de radiación: 145.8 REM/s\n\nCon un blindaje de cabeza completa de triple laminado y sellos ambientales de seda de carbono de grado militar, el casco Monolith de Kilgore and Poole combina una protección inigualable con un campo de visión nítido como una cuchilla. La visera es compatible con retícula AR.\n\nLa variante Serpentine presenta acentos verde sobre verde.",
nueva,item_Desc_kap_combat_heavy_helmet_01_02_01,"Item Type: Heavy Armor\nDamage Reduction: 40%\nTemp. Rating: -77 / 100 °C\nRadiation Protection: 26800 REM\nRadiation Scrub Rate: 145.8 REM/s\n\nBoasting triple laminate full-head shielding and military-grade carbon silk environmental seals, Kilgore and Poole's Monolith helmet combines unparalleled protection with a razor-sharp field of vision. Visor is AR crosshair compatible.\n\nThe Runic variant is enhanced by a distinctive patina and a unique etched design.","Tipo de artículo: Armadura pesada\nReducción de daño: 40%\nRango de temperatura: -77 / 100 °C\nProtección contra radiación: 26800 REM\nTasa de limpieza de radiación: 145.8 REM/s\n\nCon un blindaje de cabeza completa de triple laminado y sellos ambientales de seda de carbono de grado militar, el casco Monolith de Kilgore and Poole combina una protección inigualable con un campo de visión nítido como una cuchilla. La visera es compatible con retícula AR.\n\nLa variante Runic se realza con una pátina distintiva y un diseño grabado único.",
nueva,item_Desc_kap_combat_heavy_helmet_01_03_01,"Item Type: Heavy Armor\nDamage Reduction: 40%\nTemp. Rating: -77 / 100 °C\nRadiation Protection: 26800 REM\nRadiation Scrub Rate: 145.8 REM/s\n\nBoasting triple laminate full-head shielding and military-grade carbon silk environmental seals, Kilgore and Poole's Monolith helmet combines unparalleled protection with a razor-sharp field of vision. Visor is AR crosshair compatible.\n\nThe Blackheart variant features iconic black-and-gray with scarlet accents.","Tipo de artículo: Armadura pesada\nReducción de daño: 40%\nRango de temperatura: -77 / 100 °C\nProtección contra radiación: 26800 REM\nTasa de limpieza de radiación: 145.8 REM/s\n\nCon un blindaje de cabeza completa de triple laminado y sellos ambientales de seda de carbono de grado militar, el casco Monolith de Kilgore and Poole combina una protección inigualable con un campo de visión nítido como una cuchilla. La visera es compatible con retícula AR.\n\nLa variante Blackheart presenta el icónico negro y gris con acentos escarlata.",
nueva,item_Desc_kap_combat_heavy_helmet_01_04_01,"Item Type: Heavy Armor\nDamage Reduction: 40%\nTemp. Rating: -77 / 100 °C\nRadiation Protection: 26800 REM\nRadiation Scrub Rate: 145.8 REM/s\n\nBoasting triple laminate full-head shielding and military-grade carbon silk environmental seals, Kilgore and Poole's Monolith helmet combines unparalleled protection with a razor-sharp field of vision. Visor is AR crosshair compatible.\n\nThe Shadowflux variant features a sleek black foundation with subtle chromatic purple tinting.","Tipo de artículo: Armadura pesada\nReducción de daño: 40%\nRango de temperatura: -77 / 100 °C\nProtección contra radiación: 26800 REM\nTasa de limpieza de radiación: 145.8 REM/s\n\nCon un blindaje de cabeza completa de triple laminado y sellos ambientales de seda de carbono de grado militar, el casco Monolith de Kilgore and Poole combina una protección inigualable con un campo de visión nítido como una cuchilla. La visera es compatible con retícula AR.\n\nLa variante Shadowflux presenta una elegante base negra con sutiles tintes cromáticos morados.",
nueva,item_Desc_kap_combat_heavy_helmet_01_05_01,"Item Type: Heavy Armor\nDamage Reduction: 40%\nTemp. Rating: -77 / 100 °C\nRadiation Protection: 26800 REM\nRadiation Scrub Rate: 145.8 REM/s\n\nBoasting triple laminate full-head shielding and military-grade carbon silk environmental seals, Kilgore and Poole's Monolith helmet combines unparalleled protection with a razor-sharp field of vision. Visor is AR crosshair compatible.\n\nThe Silver Strike edition features bright polished plating paired with a gray lining.","Tipo de artículo: Armadura pesada\nReducción de daño: 40%\nRango de temperatura: -77 / 100 °C\nProtección contra radiación: 26800 REM\nTasa de limpieza de radiación: 145.8 REM/s\n\nCon un blindaje de cabeza completa de triple laminado y sellos ambientales de seda de carbono de grado militar, el casco Monolith de Kilgore and Poole combina una protección inigualable con un campo de visión nítido como una cuchilla. La visera es compatible con retícula AR.\n\nLa edición Silver Strike presenta placas pulidas y brillantes combinadas con un forro gris.",
nueva,item_Desc_kap_combat_heavy_helmet_01_06_01,"Item Type: Heavy Armor\nDamage Reduction: 40%\nTemp. Rating: -77 / 100 °C\nRadiation Protection: 26800 REM\nRadiation Scrub Rate: 145.8 REM/s\n\nBoasting triple laminate full-head shielding and military-grade carbon silk environmental seals, Kilgore and Poole's Monolith helmet combines unparalleled protection with a razor-sharp field of vision. Visor is AR crosshair compatible.\n\nDesigned to intimidate, the Oubliette edition features no-nonsense gray-on-gray accents.","Tipo de artículo: Armadura pesada\nReducción de daño: 40%\nRango de temperatura: -77 / 100 °C\nProtección contra radiación: 26800 REM\nTasa de limpieza de radiación: 145.8 REM/s\n\nCon un blindaje de cabeza completa de triple laminado y sellos ambientales de seda de carbono de grado militar, el casco Monolith de Kilgore and Poole combina una protección inigualable con un campo de visión nítido como una cuchilla. La visera es compatible con retícula AR.\n\nDiseñada para intimidar, la edición Oubliette presenta acentos gris sobre gris sin florituras.",
nueva,item_Desc_kap_combat_heavy_legs_01_01_01,"Item Type: Heavy Armor\nDamage Reduction: 40%\nTemp. Rating: -77 / 100 °C\nRadiation Protection: 26800 REM\nRadiation Scrub Rate: 145.8 REM/s\nCarrying Capacity: 6.5 µSCU\n\nBoasting triple-laminate ceramic ablative plating and military-grade carbon silk weave joint protection, the Monolith heavy armor delivers exactly the kind of high-end synthesis of power, protection and style for which Kilgore and Poole are justly renowned.","Tipo de artículo: Armadura pesada\nReducción de daño: 40%\nRango de temperatura: -77 / 100 °C\nProtección contra radiación: 26800 REM\nTasa de limpieza de radiación: 145.8 REM/s\nCapacidad de carga: 6.5 µSCU\n\nCon placas ablativas de cerámica de triple laminado y protección de articulaciones de tejido de seda de carbono de grado militar, la armadura pesada Monolith ofrece justo el tipo de síntesis de alta gama entre potencia, protección y estilo por el que Kilgore and Poole son justamente reconocidos.",
nueva,item_Desc_kap_combat_heavy_legs_01_01_10,"Item Type: Heavy Armor\nDamage Reduction: 40%\nTemp. Rating: -77 / 100 °C\nRadiation Protection: 26800 REM\nRadiation Scrub Rate: 145.8 REM/s\nCarrying Capacity: 6.5 µSCU\n\nBoasting triple-laminate ceramic ablative plating and military-grade carbon silk weave joint protection, the Monolith heavy armor delivers exactly the kind of high-end synthesis of power, protection and style for which Kilgore and Poole are justly renowned.\n\nThe Liquidator variant features several tones of gray.","Tipo de artículo: Armadura pesada\nReducción de daño: 40%\nRango de temperatura: -77 / 100 °C\nProtección contra radiación: 26800 REM\nTasa de limpieza de radiación: 145.8 REM/s\nCapacidad de carga: 6.5 µSCU\n\nCon placas ablativas de cerámica de triple laminado y protección de articulaciones de tejido de seda de carbono de grado militar, la armadura pesada Monolith ofrece justo el tipo de síntesis de alta gama entre potencia, protección y estilo por el que Kilgore and Poole son justamente reconocidos.\n\nLa variante Liquidator presenta varios tonos de gris.",
nueva,item_Desc_kap_combat_heavy_legs_01_01_12,"Item Type: Heavy Armor\nDamage Reduction: 40%\nTemp. Rating: -77 / 100 °C\nRadiation Protection: 26800 REM\nRadiation Scrub Rate: 145.8 REM/s\nCarrying Capacity: 6.5 µSCU\n\nBoasting triple-laminate ceramic ablative plating and military-grade carbon silk weave joint protection, the Monolith heavy armor delivers exactly the kind of high-end synthesis of power, protection and style for which Kilgore and Poole are justly renowned.\n\nThe Tsunami variant features blue-on-gray accents.","Tipo de artículo: Armadura pesada\nReducción de daño: 40%\nRango de temperatura: -77 / 100 °C\nProtección contra radiación: 26800 REM\nTasa de limpieza de radiación: 145.8 REM/s\nCapacidad de carga: 6.5 µSCU\n\nCon placas ablativas de cerámica de triple laminado y protección de articulaciones de tejido de seda de carbono de grado militar, la armadura pesada Monolith ofrece justo el tipo de síntesis de alta gama entre potencia, protección y estilo por el que Kilgore and Poole son justamente reconocidos.\n\nLa variante Tsunami presenta acentos azules sobre gris.",
nueva,item_Desc_kap_combat_heavy_legs_01_01_15,"Item Type: Heavy Armor\nDamage Reduction: 40%\nTemp. Rating: -77 / 100 °C\nRadiation Protection: 26800 REM\nRadiation Scrub Rate: 145.8 REM/s\nCarrying Capacity: 6.5 µSCU\n\nBoasting triple-laminate ceramic ablative plating and military-grade carbon silk weave joint protection, the Monolith heavy armor delivers exactly the kind of high-end synthesis of power, protection and style for which Kilgore and Poole are justly renowned.\n\nThe Sandhawk variant features desert brown plating with slate gray accents.","Tipo de artículo: Armadura pesada\nReducción de daño: 40%\nRango de temperatura: -77 / 100 °C\nProtección contra radiación: 26800 REM\nTasa de limpieza de radiación: 145.8 REM/s\nCapacidad de carga: 6.5 µSCU\n\nCon placas ablativas de cerámica de triple laminado y protección de articulaciones de tejido de seda de carbono de grado militar, la armadura pesada Monolith ofrece justo el tipo de síntesis de alta gama entre potencia, protección y estilo por el que Kilgore and Poole son justamente reconocidos.\n\nLa variante Sandhawk presenta placas marrón desierto con acentos gris pizarra.",
nueva,item_Desc_kap_combat_heavy_legs_01_01_16,"Item Type: Heavy Armor\nDamage Reduction: 40%\nTemp. Rating: -77 / 100 °C\nRadiation Protection: 26800 REM\nRadiation Scrub Rate: 145.8 REM/s\nCarrying Capacity: 6.5 µSCU\n\nBoasting triple-laminate ceramic ablative plating and military-grade carbon silk weave joint protection, the Monolith heavy armor delivers exactly the kind of high-end synthesis of power, protection and style for which Kilgore and Poole are justly renowned.\n\nThe Serpentine variant features green-on-green accents.","Tipo de artículo: Armadura pesada\nReducción de daño: 40%\nRango de temperatura: -77 / 100 °C\nProtección contra radiación: 26800 REM\nTasa de limpieza de radiación: 145.8 REM/s\nCapacidad de carga: 6.5 µSCU\n\nCon placas ablativas de cerámica de triple laminado y protección de articulaciones de tejido de seda de carbono de grado militar, la armadura pesada Monolith ofrece justo el tipo de síntesis de alta gama entre potencia, protección y estilo por el que Kilgore and Poole son justamente reconocidos.\n\nLa variante Serpentine presenta acentos verde sobre verde.",
nueva,item_Desc_kap_combat_heavy_legs_01_02_01,"Item Type: Heavy Armor\nDamage Reduction: 40%\nTemp. Rating: -77 / 100 °C\nRadiation Protection: 26800 REM\nRadiation Scrub Rate: 145.8 REM/s\nCarrying Capacity: 6.5 µSCU\n\nBoasting triple-laminate ceramic ablative plating and military-grade carbon silk weave joint protection, the Monolith heavy armor delivers exactly the kind of high-end synthesis of power, protection and style for which Kilgore and Poole are justly renowned.\n\nThe Runic variant is enhanced by a distinctive patina and a unique etched design.","Tipo de artículo: Armadura pesada\nReducción de daño: 40%\nRango de temperatura: -77 / 100 °C\nProtección contra radiación: 26800 REM\nTasa de limpieza de radiación: 145.8 REM/s\nCapacidad de carga: 6.5 µSCU\n\nCon placas ablativas de cerámica de triple laminado y protección de articulaciones de tejido de seda de carbono de grado militar, la armadura pesada Monolith ofrece justo el tipo de síntesis de alta gama entre potencia, protección y estilo por el que Kilgore and Poole son justamente reconocidos.\n\nLa variante Runic se realza con una pátina distintiva y un diseño grabado único.",
nueva,item_Desc_kap_combat_heavy_legs_01_03_01,"Item Type: Heavy Armor\nDamage Reduction: 40%\nTemp. Rating: -77 / 100 °C\nRadiation Protection: 26800 REM\nRadiation Scrub Rate: 145.8 REM/s\nCarrying Capacity: 6.5 µSCU\n\nBoasting triple-laminate ceramic ablative plating and military-grade carbon silk weave joint protection, the Monolith heavy armor delivers exactly the kind of high-end synthesis of power, protection and style for which Kilgore and Poole are justly renowned.\n\nThe Blackheart variant features iconic black-and-gray with scarlet accents.","Tipo de artículo: Armadura pesada\nReducción de daño: 40%\nRango de temperatura: -77 / 100 °C\nProtección contra radiación: 26800 REM\nTasa de limpieza de radiación: 145.8 REM/s\nCapacidad de carga: 6.5 µSCU\n\nCon placas ablativas de cerámica de triple laminado y protección de articulaciones de tejido de seda de carbono de grado militar, la armadura pesada Monolith ofrece justo el tipo de síntesis de alta gama entre potencia, protección y estilo por el que Kilgore and Poole son justamente reconocidos.\n\nLa variante Blackheart presenta el icónico negro y gris con acentos escarlata.",
nueva,item_Desc_kap_combat_heavy_legs_01_04_01,"Item Type: Heavy Armor\nDamage Reduction: 40%\nTemp. Rating: -77 / 100 °C\nRadiation Protection: 26800 REM\nRadiation Scrub Rate: 145.8 REM/s\nCarrying Capacity: 6.5 µSCU\n\nBoasting triple-laminate ceramic ablative plating and military-grade carbon silk weave joint protection, the Monolith heavy armor delivers exactly the kind of high-end synthesis of power, protection and style for which Kilgore and Poole are justly renowned.\n\nThe Shadowflux variant features a sleek black foundation with subtle chromatic purple tinting.","Tipo de artículo: Armadura pesada\nReducción de daño: 40%\nRango de temperatura: -77 / 100 °C\nProtección contra radiación: 26800 REM\nTasa de limpieza de radiación: 145.8 REM/s\nCapacidad de carga: 6.5 µSCU\n\nCon placas ablativas de cerámica de triple laminado y protección de articulaciones de tejido de seda de carbono de grado militar, la armadura pesada Monolith ofrece justo el tipo de síntesis de alta gama entre potencia, protección y estilo por el que Kilgore and Poole son justamente reconocidos.\n\nLa variante Shadowflux presenta una elegante base negra con sutiles tintes cromáticos morados.",
nueva,item_Desc_kap_combat_heavy_legs_01_05_01,"Item Type: Heavy Armor\nDamage Reduction: 40%\nTemp. Rating: -77 / 100 °C\nRadiation Protection: 26800 REM\nRadiation Scrub Rate: 145.8 REM/s\nCarrying Capacity: 6.5 µSCU\n\nThe Monolith heavy armour delivers exactly the kind of high-end synthesis of power, protection and style for which Kilgore and Poole are justly renowned. \nBoasting triple-laminate ceramic ablative plating and military-grade carbon silk weave joint protection, the Monolith pattern proves you don't have to sacrifice flexibility for the sake of durability.\n\nThe Silver Strike edition features bright polished plating paired with a gray lining.","Tipo de artículo: Armadura pesada\nReducción de daño: 40%\nRango de temperatura: -77 / 100 °C\nProtección contra radiación: 26800 REM\nTasa de limpieza de radiación: 145.8 REM/s\nCapacidad de carga: 6.5 µSCU\n\nLa armadura pesada Monolith ofrece justo el tipo de síntesis de alta gama entre potencia, protección y estilo por el que Kilgore and Poole son justamente reconocidos.\nCon placas ablativas de cerámica de triple laminado y protección de articulaciones de tejido de seda de carbono de grado militar, el patrón Monolith demuestra que no hay que sacrificar la flexibilidad en aras de la durabilidad.\n\nLa edición Silver Strike presenta placas pulidas y brillantes combinadas con un forro gris.",
nueva,item_Desc_kap_combat_heavy_legs_01_06_01,"Item Type: Heavy Armor\nDamage Reduction: 40%\nTemp. Rating: -77 / 100 °C\nRadiation Protection: 26800 REM\nRadiation Scrub Rate: 145.8 REM/s\nCarrying Capacity: 6.5 µSCU\n\nThe Monolith heavy armour delivers exactly the kind of high-end synthesis of power, protection and style for which Kilgore and Poole are justly renowned. \nBoasting triple-laminate ceramic ablative plating and military-grade carbon silk weave joint protection, the Monolith pattern proves you don't have to sacrifice flexibility for the sake of durability.\n\nDesigned to intimidate, the Oubliette edition features no-nonsense gray-on-gray accents.","Tipo de artículo: Armadura pesada\nReducción de daño: 40%\nRango de temperatura: -77 / 100 °C\nProtección contra radiación: 26800 REM\nTasa de limpieza de radiación: 145.8 REM/s\nCapacidad de carga: 6.5 µSCU\n\nLa armadura pesada Monolith ofrece justo el tipo de síntesis de alta gama entre potencia, protección y estilo por el que Kilgore and Poole son justamente reconocidos.\nCon placas ablativas de cerámica de triple laminado y protección de articulaciones de tejido de seda de carbono de grado militar, el patrón Monolith demuestra que no hay que sacrificar la flexibilidad en aras de la durabilidad.\n\nDiseñada para intimidar, la edición Oubliette presenta acentos gris sobre gris sin florituras.",
nueva,item_Desc_nvs_jacket_03_03_01,"Carrying Capacity: 1K µSCU\n\nInspired by the traditional jackets worn by Earth's early pilots, this coat provides a flattering fit thanks to its elasticated waist and cuffs, blending fashion with functionality.\n\nThe RSI edition is dark gray with tasteful pops of orange piping along the seams paired with the company's logo on the upper back.","Capacidad de carga: 1K µSCU\n\nInspirada en las chaquetas tradicionales que llevaban los primeros pilotos de la Tierra, esta chaqueta ofrece un ajuste favorecedor gracias a su cintura y puños elásticos, combinando moda y funcionalidad.\n\nLa edición RSI es gris oscuro, con elegantes toques de ribete naranja en las costuras y el logotipo de la empresa en la parte superior de la espalda.",
nueva,item_Desc_nvy_training_shirt_02_03_01,"Featuring the famous Li'tova maxim ""the greater the thought, the greater the action” written in golden Xi'an script, this fuchsia and gray t-shirt is made from moisture-wicking fabric that stretches with your movements. Whether you're meditating or doing a more intense workout, this performance shirt will remind you to try your best.","Con la famosa máxima Li'tova «cuanto mayor es el pensamiento, mayor es la acción» escrita en escritura xi'an dorada, esta camiseta fucsia y gris está hecha de tejido transpirable que se adapta a tus movimientos. Tanto si meditas como si haces un entrenamiento más intenso, esta camiseta deportiva te recordará que des lo mejor de ti.",
nueva,"item_Desc_rrs_combat_heavy_backpack_05_02_01,P","Item Type: Heavy Backpack\nCarrying Capacity: 150K µSCU\nCore Compatibility: Heavy\n\nComfortably carry vital gear with the Morozov-CH backpack. This softshell bag is made with an advanced duraweave that's lightweight yet ready for battlefield action. It also features several easy to access pockets and a plethora of straps to keep supplies secure and tight to your back. The Kalahari edition utilizes a digital beige camo, accompanied by dark brown metallic armor pieces.","Tipo de artículo: Mochila pesada\nCapacidad de carga: 150K µSCU\nCompatibilidad con el núcleo: Pesado\n\nTransporta con comodidad el equipo vital con la mochila Morozov-CH. Esta bolsa de tela flexible está hecha con un avanzado tejido duradero que es ligero pero está preparado para la acción en el campo de batalla. También cuenta con varios bolsillos de fácil acceso y multitud de correas para mantener los suministros seguros y pegados a la espalda. La edición Kalahari utiliza un camuflaje digital beige, acompañado de piezas de armadura metálicas marrón oscuro.",
nueva,"item_Desc_rrs_combat_heavy_backpack_05_03_01,P","Item Type: Heavy Backpack\nCarrying Capacity: 150K µSCU\nCore Compatibility: Heavy\n\nComfortably carry vital gear with the Morozov-CH backpack. This softshell bag is made with an advanced duraweave that's lightweight yet ready for battlefield action. It also features several easy to access pockets and a plethora of straps to keep supplies secure and tight to your back. The Galvanic edition features a blended camouflage pattern of grays, browns, and golds.","Tipo de artículo: Mochila pesada\nCapacidad de carga: 150K µSCU\nCompatibilidad con el núcleo: Pesado\n\nTransporta con comodidad el equipo vital con la mochila Morozov-CH. Esta bolsa de tela flexible está hecha con un avanzado tejido duradero que es ligero pero está preparado para la acción en el campo de batalla. También cuenta con varios bolsillos de fácil acceso y multitud de correas para mantener los suministros seguros y pegados a la espalda. La edición Galvanic presenta un patrón de camuflaje combinado de grises, marrones y dorados.",
nueva,"item_Desc_rrs_combat_heavy_backpack_05_04_01,P","Item Type: Heavy Backpack\nCarrying Capacity: 150K µSCU\nCore Compatibility: Heavy\n\nComfortably carry vital gear with the Morozov-CH backpack. This softshell bag is made with an advanced duraweave that's lightweight yet ready for battlefield action. It also features several easy to access pockets and a plethora of straps to keep supplies secure and tight to your back. Mostly black, the Headstone edition features a diffuse gray camo typically used in urban warfare.","Tipo de artículo: Mochila pesada\nCapacidad de carga: 150K µSCU\nCompatibilidad con el núcleo: Pesado\n\nTransporta con comodidad el equipo vital con la mochila Morozov-CH. Esta bolsa de tela flexible está hecha con un avanzado tejido duradero que es ligero pero está preparado para la acción en el campo de batalla. También cuenta con varios bolsillos de fácil acceso y multitud de correas para mantener los suministros seguros y pegados a la espalda. Mayormente negra, la edición Headstone presenta un camuflaje gris difuso utilizado habitualmente en la guerra urbana.",
nueva,"item_Desc_rrs_specialist_heavy_arms_04_04_01,P","Item Type: Heavy Armor\nDamage Reduction: 40%\nTemp. Rating: -70 / 100 °C\nRadiation Protection: 26800 REM\nRadiation Scrub Rate: 145.8 REM/s\n\nFeaturing the same fortified armor plating, special anti-rip protective padding and ample storage, as the Morozov SH, the SH-I industrial variant was designed by RRS to protect workers employed in hostile zones while ensuring they had the full range of motion required to perform their duties. The Kalahari edition utilizes a digital beige camo, accompanied by dark brown metallic armor pieces. Visor is AR crosshair compatible.","Tipo de artículo: Armadura pesada\nReducción de daño: 40%\nRango de temperatura: -70 / 100 °C\nProtección contra radiación: 26800 REM\nTasa de limpieza de radiación: 145.8 REM/s\n\nCon el mismo blindaje reforzado, el acolchado protector antidesgarros y el amplio espacio de almacenamiento del Morozov SH, la variante industrial SH-I fue diseñada por RRS para proteger a los trabajadores empleados en zonas hostiles, garantizándoles el rango completo de movimiento necesario para realizar sus tareas. La edición Kalahari utiliza un camuflaje digital beige, acompañado de piezas de armadura metálicas marrón oscuro. La visera es compatible con retícula AR.",
nueva,"item_Desc_rrs_specialist_heavy_arms_04_05_01,P","Item Type: Heavy Armor\nDamage Reduction: 40%\nTemp. Rating: -70 / 100 °C\nRadiation Protection: 26800 REM\nRadiation Scrub Rate: 145.8 REM/s\n\nFeaturing the same fortified armor plating, special anti-rip protective padding and ample storage, as the Morozov SH, the SH-I industrial variant was designed by RRS to protect workers employed in hostile zones while ensuring they had the full range of motion required to perform their duties. The Galvanic edition features a blended camouflage pattern of grays, browns, and golds.","Tipo de artículo: Armadura pesada\nReducción de daño: 40%\nRango de temperatura: -70 / 100 °C\nProtección contra radiación: 26800 REM\nTasa de limpieza de radiación: 145.8 REM/s\n\nCon el mismo blindaje reforzado, el acolchado protector antidesgarros y el amplio espacio de almacenamiento del Morozov SH, la variante industrial SH-I fue diseñada por RRS para proteger a los trabajadores empleados en zonas hostiles, garantizándoles el rango completo de movimiento necesario para realizar sus tareas. La edición Galvanic presenta un patrón de camuflaje combinado de grises, marrones y dorados.",
nueva,"item_Desc_rrs_specialist_heavy_arms_04_06_01,P","Item Type: Heavy Armor\nDamage Reduction: 40%\nTemp. Rating: -70 / 100 °C\nRadiation Protection: 26800 REM\nRadiation Scrub Rate: 145.8 REM/s\n\nFeaturing the same fortified armor plating, special anti-rip protective padding and ample storage, as the Morozov SH, the SH-I industrial variant was designed by RRS to protect workers employed in hostile zones while ensuring they had the full range of motion required to perform their duties. Mostly black, the Headstone edition features a diffuse gray camo typically used in urban warfare. Visor is AR crosshair compatible.","Tipo de artículo: Armadura pesada\nReducción de daño: 40%\nRango de temperatura: -70 / 100 °C\nProtección contra radiación: 26800 REM\nTasa de limpieza de radiación: 145.8 REM/s\n\nCon el mismo blindaje reforzado, el acolchado protector antidesgarros y el amplio espacio de almacenamiento del Morozov SH, la variante industrial SH-I fue diseñada por RRS para proteger a los trabajadores empleados en zonas hostiles, garantizándoles el rango completo de movimiento necesario para realizar sus tareas. Mayormente negra, la edición Headstone presenta un camuflaje gris difuso utilizado habitualmente en la guerra urbana. La visera es compatible con retícula AR.",
nueva,"item_Desc_rrs_specialist_heavy_core_05_02_01,P","Item Type: Heavy Armor\nDamage Reduction: 40%\nTemp. Rating: -75 / 105 °C\nRadiation Protection: 26800 REM\nRadiation Scrub Rate: 145.8 REM/s\nCarrying Capacity: 12K µSCU\nBackpacks: All\n\nFeaturing the same fortified armor plating, special anti-rip protective padding and ample storage, as the Morozov SH, the SH-I industrial variant was designed by RRS to protect workers employed in hostile zones while ensuring they had the full range of motion required to perform their duties. The Kalahari edition utilizes a digital beige camo, accompanied by dark brown metallic armor pieces.","Tipo de artículo: Armadura pesada\nReducción de daño: 40%\nRango de temperatura: -75 / 105 °C\nProtección contra radiación: 26800 REM\nTasa de limpieza de radiación: 145.8 REM/s\nCapacidad de carga: 12K µSCU\nMochilas: Todas\n\nCon el mismo blindaje reforzado, el acolchado protector antidesgarros y el amplio espacio de almacenamiento del Morozov SH, la variante industrial SH-I fue diseñada por RRS para proteger a los trabajadores empleados en zonas hostiles, garantizándoles el rango completo de movimiento necesario para realizar sus tareas. La edición Kalahari utiliza un camuflaje digital beige, acompañado de piezas de armadura metálicas marrón oscuro.",
nueva,"item_Desc_rrs_specialist_heavy_core_05_03_01,P","Item Type: Heavy Armor\nDamage Reduction: 40%\nTemp. Rating: -75 / 105 °C\nRadiation Protection: 26800 REM\nRadiation Scrub Rate: 145.8 REM/s\nCarrying Capacity: 12K µSCU\nBackpacks: All\n\nFeaturing the same fortified armor plating, special anti-rip protective padding and ample storage, as the Morozov SH, the SH-I industrial variant was designed by RRS to protect workers employed in hostile zones while ensuring they had the full range of motion required to perform their duties. The Galvanic edition features a blended camouflage pattern of grays, browns, and golds.","Tipo de artículo: Armadura pesada\nReducción de daño: 40%\nRango de temperatura: -75 / 105 °C\nProtección contra radiación: 26800 REM\nTasa de limpieza de radiación: 145.8 REM/s\nCapacidad de carga: 12K µSCU\nMochilas: Todas\n\nCon el mismo blindaje reforzado, el acolchado protector antidesgarros y el amplio espacio de almacenamiento del Morozov SH, la variante industrial SH-I fue diseñada por RRS para proteger a los trabajadores empleados en zonas hostiles, garantizándoles el rango completo de movimiento necesario para realizar sus tareas. La edición Galvanic presenta un patrón de camuflaje combinado de grises, marrones y dorados.",
nueva,"item_Desc_rrs_specialist_heavy_core_05_04_01,P","Item Type: Heavy Armor\nDamage Reduction: 40%\nTemp. Rating: -75 / 105 °C\nRadiation Protection: 26800 REM\nRadiation Scrub Rate: 145.8 REM/s\nCarrying Capacity: 12K µSCU\nBackpacks: All\n\nFeaturing the same fortified armor plating, special anti-rip protective padding and ample storage, as the Morozov SH, the SH-I industrial variant was designed by RRS to protect workers employed in hostile zones while ensuring they had the full range of motion required to perform their duties. Mostly black, the Headstone edition features a diffuse gray camo typically used in urban warfare, and finished with a faded white skull.","Tipo de artículo: Armadura pesada\nReducción de daño: 40%\nRango de temperatura: -75 / 105 °C\nProtección contra radiación: 26800 REM\nTasa de limpieza de radiación: 145.8 REM/s\nCapacidad de carga: 12K µSCU\nMochilas: Todas\n\nCon el mismo blindaje reforzado, el acolchado protector antidesgarros y el amplio espacio de almacenamiento del Morozov SH, la variante industrial SH-I fue diseñada por RRS para proteger a los trabajadores empleados en zonas hostiles, garantizándoles el rango completo de movimiento necesario para realizar sus tareas. Mayormente negra, la edición Headstone presenta un camuflaje gris difuso utilizado habitualmente en la guerra urbana, rematado con una calavera blanca desgastada.",
nueva,"item_Desc_rrs_specialist_heavy_helmet_05_02_01,P","Item Type: Heavy Armor\nDamage Reduction: 40%\nTemp. Rating: -70 / 100 °C\nRadiation Protection: 26800 REM\nRadiation Scrub Rate: 145.8 REM/s\n\nFeaturing the same fortified armor plating, special anti-rip protective padding and ample storage, as the Morozov SH, the SH-I industrial variant was designed by RRS to protect workers employed in hostile zones while ensuring they had the full range of motion required to perform their duties. The Kalahari edition utilizes a digital beige camo, accompanied by dark brown metallic armor pieces. Visor is AR crosshair compatible.","Tipo de artículo: Armadura pesada\nReducción de daño: 40%\nRango de temperatura: -70 / 100 °C\nProtección contra radiación: 26800 REM\nTasa de limpieza de radiación: 145.8 REM/s\n\nCon el mismo blindaje reforzado, el acolchado protector antidesgarros y el amplio espacio de almacenamiento del Morozov SH, la variante industrial SH-I fue diseñada por RRS para proteger a los trabajadores empleados en zonas hostiles, garantizándoles el rango completo de movimiento necesario para realizar sus tareas. La edición Kalahari utiliza un camuflaje digital beige, acompañado de piezas de armadura metálicas marrón oscuro. La visera es compatible con retícula AR.",
nueva,"item_Desc_rrs_specialist_heavy_helmet_05_03_01,P","Item Type: Heavy Armor\nDamage Reduction: 40%\nTemp. Rating: -70 / 100 °C\nRadiation Protection: 26800 REM\nRadiation Scrub Rate: 145.8 REM/s\n\nFeaturing the same fortified armor plating, special anti-rip protective padding and ample storage, as the Morozov SH, the SH-I industrial variant was designed by RRS to protect workers employed in hostile zones while ensuring they had the full range of motion required to perform their duties. The Galvanic edition features a blended camouflage pattern of grays, browns, and golds. Visor is AR crosshair compatible.","Tipo de artículo: Armadura pesada\nReducción de daño: 40%\nRango de temperatura: -70 / 100 °C\nProtección contra radiación: 26800 REM\nTasa de limpieza de radiación: 145.8 REM/s\n\nCon el mismo blindaje reforzado, el acolchado protector antidesgarros y el amplio espacio de almacenamiento del Morozov SH, la variante industrial SH-I fue diseñada por RRS para proteger a los trabajadores empleados en zonas hostiles, garantizándoles el rango completo de movimiento necesario para realizar sus tareas. La edición Galvanic presenta un patrón de camuflaje combinado de grises, marrones y dorados. La visera es compatible con retícula AR.",
nueva,"item_Desc_rrs_specialist_heavy_helmet_05_04_01,P","Item Type: Heavy Armor\nDamage Reduction: 40%\nTemp. Rating: -70 / 100 °C\nRadiation Protection: 26800 REM\nRadiation Scrub Rate: 145.8 REM/s\n\nFeaturing the same fortified armor plating, special anti-rip protective padding and ample storage, as the Morozov SH, the SH-I industrial variant was designed by RRS to protect workers employed in hostile zones while ensuring they had the full range of motion required to perform their duties. Mostly black, the Headstone edition features a diffuse gray camo typically used in urban warfare. Visor is AR crosshair compatible.","Tipo de artículo: Armadura pesada\nReducción de daño: 40%\nRango de temperatura: -70 / 100 °C\nProtección contra radiación: 26800 REM\nTasa de limpieza de radiación: 145.8 REM/s\n\nCon el mismo blindaje reforzado, el acolchado protector antidesgarros y el amplio espacio de almacenamiento del Morozov SH, la variante industrial SH-I fue diseñada por RRS para proteger a los trabajadores empleados en zonas hostiles, garantizándoles el rango completo de movimiento necesario para realizar sus tareas. Mayormente negra, la edición Headstone presenta un camuflaje gris difuso utilizado habitualmente en la guerra urbana. La visera es compatible con retícula AR.",
nueva,"item_Desc_rrs_specialist_heavy_legs_05_02_01,P","Item Type: Heavy Armor\nDamage Reduction: 40%\nTemp. Rating: -70 / 100 °C\nRadiation Protection: 26800 REM\nRadiation Scrub Rate: 145.8 REM/s\nCarrying Capacity: 7.5K µSCU\n\nFeaturing the same fortified armor plating, special anti-rip protective padding and ample storage, as the Morozov SH, the SH-I industrial variant was designed by RRS to protect workers employed in hostile zones while ensuring they had the full range of motion required to perform their duties. The Kalahari edition utilizes a digital beige camo, accompanied by dark brown metallic armor pieces.","Tipo de artículo: Armadura pesada\nReducción de daño: 40%\nRango de temperatura: -70 / 100 °C\nProtección contra radiación: 26800 REM\nTasa de limpieza de radiación: 145.8 REM/s\nCapacidad de carga: 7.5K µSCU\n\nCon el mismo blindaje reforzado, el acolchado protector antidesgarros y el amplio espacio de almacenamiento del Morozov SH, la variante industrial SH-I fue diseñada por RRS para proteger a los trabajadores empleados en zonas hostiles, garantizándoles el rango completo de movimiento necesario para realizar sus tareas. La edición Kalahari utiliza un camuflaje digital beige, acompañado de piezas de armadura metálicas marrón oscuro.",
nueva,"item_Desc_rrs_specialist_heavy_legs_05_03_01,P","Item Type: Heavy Armor\nDamage Reduction: 40%\nTemp. Rating: -70 / 100 °C\nRadiation Protection: 26800 REM\nRadiation Scrub Rate: 145.8 REM/s\nCarrying Capacity: 7.5K µSCU\n\nFeaturing the same fortified armor plating, special anti-rip protective padding and ample storage, as the Morozov SH, the SH-I industrial variant was designed by RRS to protect workers employed in hostile zones while ensuring they had the full range of motion required to perform their duties. The Galvanic edition features a blended camouflage pattern of grays, browns, and golds.","Tipo de artículo: Armadura pesada\nReducción de daño: 40%\nRango de temperatura: -70 / 100 °C\nProtección contra radiación: 26800 REM\nTasa de limpieza de radiación: 145.8 REM/s\nCapacidad de carga: 7.5K µSCU\n\nCon el mismo blindaje reforzado, el acolchado protector antidesgarros y el amplio espacio de almacenamiento del Morozov SH, la variante industrial SH-I fue diseñada por RRS para proteger a los trabajadores empleados en zonas hostiles, garantizándoles el rango completo de movimiento necesario para realizar sus tareas. La edición Galvanic presenta un patrón de camuflaje combinado de grises, marrones y dorados.",
nueva,"item_Desc_rrs_specialist_heavy_legs_05_04_01,P","Item Type: Heavy Armor\nDamage Reduction: 40%\nTemp. Rating: -70 / 100 °C\nRadiation Protection: 26800 REM\nRadiation Scrub Rate: 145.8 REM/s\nCarrying Capacity: 7.5K µSCU\n\nFeaturing the same fortified armor plating, special anti-rip protective padding and ample storage, as the Morozov SH, the SH-I industrial variant was designed by RRS to protect workers employed in hostile zones while ensuring they had the full range of motion required to perform their duties. Mostly black, the Headstone edition features a diffuse gray camo typically used in urban warfare.","Tipo de artículo: Armadura pesada\nReducción de daño: 40%\nRango de temperatura: -70 / 100 °C\nProtección contra radiación: 26800 REM\nTasa de limpieza de radiación: 145.8 REM/s\nCapacidad de carga: 7.5K µSCU\n\nCon el mismo blindaje reforzado, el acolchado protector antidesgarros y el amplio espacio de almacenamiento del Morozov SH, la variante industrial SH-I fue diseñada por RRS para proteger a los trabajadores empleados en zonas hostiles, garantizándoles el rango completo de movimiento necesario para realizar sus tareas. Mayormente negra, la edición Headstone presenta un camuflaje gris difuso utilizado habitualmente en la guerra urbana.",
nueva,item_Desc_rsi_explorer_armor_light_arms_01_02_01,"Item Type: Light Armor\nDamage Reduction: 20%\nTemp. Rating: -38 / 68 °C\nRadiation Protection: 26000 REM\nRadiation Scrub Rate: 145.8 REM/s\n\nRobert Space Industries’ Venture Explorer Suit provides exceptional protection against the dangers of space. Designed for those who don't know where their next adventure might go, the suit combines comfort and safety without sacrificing mobility.\n\nWith its gray base dotted with eye-catching orange highlights, the Starwalker edition is ready for your next grand adventure across the galaxy.","Tipo de artículo: Armadura ligera\nReducción de daño: 20%\nRango de temperatura: -38 / 68 °C\nProtección contra radiación: 26000 REM\nTasa de limpieza de radiación: 145.8 REM/s\n\nEl traje de explorador Venture de Robert Space Industries ofrece una protección excepcional contra los peligros del espacio. Diseñado para quienes no saben adónde les llevará su próxima aventura, el traje combina comodidad y seguridad sin sacrificar la movilidad.\n\nCon su base gris salpicada de llamativos detalles naranjas, la edición Starwalker está lista para tu próxima gran aventura por la galaxia.",
nueva,item_Desc_rsi_explorer_armor_light_arms_01_03_01,"Item Type: Light Armor\nDamage Reduction: 20%\nTemp. Rating: -38 / 68 °C\nRadiation Protection: 26000 REM\nRadiation Scrub Rate: 145.8 REM/s\n\nRobert Space Industries’ Venture Explorer Suit provides exceptional protection against the dangers of space. Designed for those who don't know where their next adventure might go, the suit combines comfort and safety without sacrificing mobility.\n\nMake a statement with the exclusive Infrared edition of the already iconic Venture set, pairing an intense ruby with light gray undertones.","Tipo de artículo: Armadura ligera\nReducción de daño: 20%\nRango de temperatura: -38 / 68 °C\nProtección contra radiación: 26000 REM\nTasa de limpieza de radiación: 145.8 REM/s\n\nEl traje de explorador Venture de Robert Space Industries ofrece una protección excepcional contra los peligros del espacio. Diseñado para quienes no saben adónde les llevará su próxima aventura, el traje combina comodidad y seguridad sin sacrificar la movilidad.\n\nCausa sensación con la exclusiva edición Infrared del ya icónico conjunto Venture, que combina un rubí intenso con matices gris claro.",
nueva,item_Desc_rsi_explorer_armor_light_core_01_02_01,"Item Type: Light Armor\nDamage Reduction: 20%\nTemp. Rating: -38 / 68 °C\nRadiation Protection: 26000 REM\nRadiation Scrub Rate: 145.8 REM/s\nCarrying Capacity: 9k µSCU\nBackpacks: Light\n\nRobert Space Industries’ Venture Explorer Suit provides exceptional protection against the dangers of space. Designed for those who don't know where their next adventure might go, the suit combines comfort and safety without sacrificing mobility.\n\nWith its gray base dotted with eye-catching orange highlights, the XXXX edition is ready for your next grand adventure across the galaxy.","Tipo de artículo: Armadura ligera\nReducción de daño: 20%\nRango de temperatura: -38 / 68 °C\nProtección contra radiación: 26000 REM\nTasa de limpieza de radiación: 145.8 REM/s\nCapacidad de carga: 9k µSCU\nMochilas: Ligeras\n\nEl traje de explorador Venture de Robert Space Industries ofrece una protección excepcional contra los peligros del espacio. Diseñado para quienes no saben adónde les llevará su próxima aventura, el traje combina comodidad y seguridad sin sacrificar la movilidad.\n\nCon su base gris salpicada de llamativos detalles naranjas, la edición Starwalker está lista para tu próxima gran aventura por la galaxia.",
nueva,item_Desc_rsi_explorer_armor_light_core_01_03_01,"Item Type: Light Armor\nDamage Reduction: 20%\nTemp. Rating: -38 / 68 °C\nRadiation Protection: 26000 REM\nRadiation Scrub Rate: 145.8 REM/s\nCarrying Capacity: 9k µSCU\nBackpacks: Light\n\nRobert Space Industries’ Venture Explorer Suit provides exceptional protection against the dangers of space. Designed for those who don't know where their next adventure might go, the suit combines comfort and safety without sacrificing mobility.\n\nMake a statement with the exclusive Infrared edition of the already iconic Venture set, pairing an intense ruby with light gray undertones.","Tipo de artículo: Armadura ligera\nReducción de daño: 20%\nRango de temperatura: -38 / 68 °C\nProtección contra radiación: 26000 REM\nTasa de limpieza de radiación: 145.8 REM/s\nCapacidad de carga: 9k µSCU\nMochilas: Ligeras\n\nEl traje de explorador Venture de Robert Space Industries ofrece una protección excepcional contra los peligros del espacio. Diseñado para quienes no saben adónde les llevará su próxima aventura, el traje combina comodidad y seguridad sin sacrificar la movilidad.\n\nCausa sensación con la exclusiva edición Infrared del ya icónico conjunto Venture, que combina un rubí intenso con matices gris claro.",
nueva,item_Desc_rsi_explorer_armor_light_helmet_01_02_01,"Item Type: Light Armor\nDamage Reduction: 20%\nTemp. Rating: -38 / 68 °C\nRadiation Protection: 26000 REM\nRadiation Scrub Rate: 145.8 REM/s\n\nRSI's Venture helmet is built from impact-resistant composites and designed to weather the harshest of environments. It also features an anti-scuff laminate faceplate that offers an unparalleled upward field of view, providing unobstructed sightlines to whatever wonders you discover.\n\nWith its gray base dotted with eye-catching orange highlights, the Starwalker edition is ready for your next grand adventure across the galaxy.","Tipo de artículo: Armadura ligera\nReducción de daño: 20%\nRango de temperatura: -38 / 68 °C\nProtección contra radiación: 26000 REM\nTasa de limpieza de radiación: 145.8 REM/s\n\nEl casco Venture de RSI está fabricado con compuestos resistentes a impactos y diseñado para soportar los entornos más duros. También cuenta con una visera laminada antirrayones que ofrece un campo de visión hacia arriba inigualable, con líneas de visión despejadas hacia cualquier maravilla que descubras.\n\nCon su base gris salpicada de llamativos detalles naranjas, la edición Starwalker está lista para tu próxima gran aventura por la galaxia.",
nueva,item_Desc_rsi_explorer_armor_light_helmet_01_03_01,"Item Type: Light Armor\nDamage Reduction: 20%\nTemp. Rating: -38 / 68 °C\nRadiation Protection: 26000 REM\nRadiation Scrub Rate: 145.8 REM/s\n\nRSI's Venture helmet is built from impact-resistant composites and designed to weather the harshest of environments. It also features an anti-scuff laminate faceplate that offers an unparalleled upward field of view, providing unobstructed sightlines to whatever wonders you discover.\n\nMake a statement with the exclusive Infrared edition of the already iconic Venture set, pairing an intense ruby with light gray undertones.","Tipo de artículo: Armadura ligera\nReducción de daño: 20%\nRango de temperatura: -38 / 68 °C\nProtección contra radiación: 26000 REM\nTasa de limpieza de radiación: 145.8 REM/s\n\nEl casco Venture de RSI está fabricado con compuestos resistentes a impactos y diseñado para soportar los entornos más duros. También cuenta con una visera laminada antirrayones que ofrece un campo de visión hacia arriba inigualable, con líneas de visión despejadas hacia cualquier maravilla que descubras.\n\nCausa sensación con la exclusiva edición Infrared del ya icónico conjunto Venture, que combina un rubí intenso con matices gris claro.",
nueva,item_Desc_rsi_explorer_armor_light_legs_01_02_01,"Item Type: Light Armor\nDamage Reduction: 20%\nTemp. Rating: -41 / 71 °C\nRadiation Protection: 26000 REM\nRadiation Scrub Rate: 145.8 REM/s\nCarrying Capacity: 2.0 µSCU\n\nRobert Space Industries’ Venture Explorer Suit provides exceptional protection against the dangers of space. Designed for those who don't know where their next adventure might go, the suit combines comfort and safety without sacrificing mobility.\n\nWith its gray base dotted with eye-catching orange highlights, the Starwalker edition is ready for your next grand adventure across the galaxy.","Tipo de artículo: Armadura ligera\nReducción de daño: 20%\nRango de temperatura: -41 / 71 °C\nProtección contra radiación: 26000 REM\nTasa de limpieza de radiación: 145.8 REM/s\nCapacidad de carga: 2.0 µSCU\n\nEl traje de explorador Venture de Robert Space Industries ofrece una protección excepcional contra los peligros del espacio. Diseñado para quienes no saben adónde les llevará su próxima aventura, el traje combina comodidad y seguridad sin sacrificar la movilidad.\n\nCon su base gris salpicada de llamativos detalles naranjas, la edición Starwalker está lista para tu próxima gran aventura por la galaxia.",
nueva,item_Desc_rsi_explorer_armor_light_legs_01_03_01,"Item Type: Light Armor\nDamage Reduction: 20%\nTemp. Rating: -41 / 71 °C\nRadiation Protection: 26000 REM\nRadiation Scrub Rate: 145.8 REM/s\nCarrying Capacity: 2.0 µSCU\n\nRobert Space Industries’ Venture Explorer Suit provides exceptional protection against the dangers of space. Designed for those who don't know where their next adventure might go, the suit combines comfort and safety without sacrificing mobility.\n\nMake a statement with the exclusive Infrared edition of the already iconic Venture set, pairing an intense ruby with light gray undertones.","Tipo de artículo: Armadura ligera\nReducción de daño: 20%\nRango de temperatura: -41 / 71 °C\nProtección contra radiación: 26000 REM\nTasa de limpieza de radiación: 145.8 REM/s\nCapacidad de carga: 2.0 µSCU\n\nEl traje de explorador Venture de Robert Space Industries ofrece una protección excepcional contra los peligros del espacio. Diseñado para quienes no saben adónde les llevará su próxima aventura, el traje combina comodidad y seguridad sin sacrificar la movilidad.\n\nCausa sensación con la exclusiva edición Infrared del ya icónico conjunto Venture, que combina un rubí intenso con matices gris claro.",
nueva,item_Desc_rsi_explorer_undersuit_01_02_01,"Item Type: Undersuit\nDamage Reduction: 5%\nTemp. Rating: -30 / 60 °C\nRadiation Protection: 15200 REM\nRadiation Scrub Rate: 81 REM/s\nG-Force Tolerance: +90%\n\nWhether you’re discovering bold new frontiers or simply stretching your legs after a long spaceflight, Robert Space Industries’ Venture Explorer Suit takes vacuum-safe wear to the next level with its incorporation of top-of-class safety features seamlessly blended with phenomenal freedom of movement.\n\nWith its gray base dotted with eye-catching orange highlights, the Starwalker edition is ready for your next grand adventure across the galaxy.","Tipo de artículo: Undersuit\nReducción de daño: 5%\nRango de temperatura: -30 / 60 °C\nProtección contra radiación: 15200 REM\nTasa de limpieza de radiación: 81 REM/s\nTolerancia a fuerzas G: +90%\n\nTanto si descubres nuevas fronteras como si simplemente estiras las piernas tras un largo vuelo espacial, el traje de explorador Venture de Robert Space Industries lleva la ropa segura para el vacío al siguiente nivel, con funciones de seguridad de primera clase combinadas a la perfección con una libertad de movimiento fenomenal.\n\nCon su base gris salpicada de llamativos detalles naranjas, la edición Starwalker está lista para tu próxima gran aventura por la galaxia.",
nueva,item_Desc_rsi_explorer_undersuit_01_03_01,"Item Type: Undersuit\nDamage Reduction: 5%\nTemp. Rating: -30 / 60 °C\nRadiation Protection: 15200 REM\nRadiation Scrub Rate: 81 REM/s\nG-Force Tolerance: +90%\n\nWhether you’re discovering bold new frontiers or simply stretching your legs after a long spaceflight, Robert Space Industries’ Venture Explorer Suit takes vacuum-safe wear to the next level with its incorporation of top-of-class safety features seamlessly blended with phenomenal freedom of movement.\n\nMake a statement with the exclusive Infrared edition of the already iconic Venture set, pairing an intense ruby with light gray undertones.","Tipo de artículo: Undersuit\nReducción de daño: 5%\nRango de temperatura: -30 / 60 °C\nProtección contra radiación: 15200 REM\nTasa de limpieza de radiación: 81 REM/s\nTolerancia a fuerzas G: +90%\n\nTanto si descubres nuevas fronteras como si simplemente estiras las piernas tras un largo vuelo espacial, el traje de explorador Venture de Robert Space Industries lleva la ropa segura para el vacío al siguiente nivel, con funciones de seguridad de primera clase combinadas a la perfección con una libertad de movimiento fenomenal.\n\nCausa sensación con la exclusiva edición Infrared del ya icónico conjunto Venture, que combina un rubí intenso con matices gris claro.",
nueva,item_Desc_rsi_utility_heavy_backpack_01_02_01,"Item Type: Heavy Backpack\nCarrying Capacity: 180K µSCU\nCore Compatibility: Heavy\n\nThe Zeus Exploration Suit has been designed to honor some of the earliest space pioneers, the RSI crews who developed and tested the Zeus, the first commercial spacecraft. While the suit is styled to match those used centuries ago with attachments for a helmet and backpack, it contains all of the modern technology and conveniences expected by present-day explorers. The Zeus offers good resistance to harsh environments and excellent storage space for sample-collecting during EVAs. The Keelback edition features a combination of blue and yellow with a subtle reptile-skin pattern.","Tipo de artículo: Mochila pesada\nCapacidad de carga: 180K µSCU\nCompatibilidad con el núcleo: Pesado\n\nEl traje de exploración Zeus ha sido diseñado para honrar a algunos de los primeros pioneros espaciales, las tripulaciones de RSI que desarrollaron y probaron el Zeus, la primera nave espacial comercial. Aunque el traje está estilizado para coincidir con los usados hace siglos, con accesorios para casco y mochila, contiene toda la tecnología moderna y las comodidades que esperan los exploradores actuales. El Zeus ofrece buena resistencia a ambientes hostiles y un excelente espacio de almacenamiento para la recolección de muestras durante las EVAs. La edición Keelback presenta una combinación de azul y amarillo con un sutil patrón de piel de reptil.",
nueva,item_Desc_rsi_utility_heavy_backpack_01_03_01,"Item Type: Heavy Backpack\nCarrying Capacity: 180K µSCU\nCore Compatibility: Heavy\n\nThe Zeus Exploration Suit has been designed to honor some of the earliest space pioneers, the RSI crews who developed and tested the Zeus, the first commercial spacecraft. While the suit is styled to match those used centuries ago with attachments for a helmet and backpack, it contains all of the modern technology and conveniences expected by present-day explorers. The Zeus offers good resistance to harsh environments and excellent storage space for sample-collecting during EVAs. The Echo edition features deep blues and contoured lines that sprawl across the surface of the suit.","Tipo de artículo: Mochila pesada\nCapacidad de carga: 180K µSCU\nCompatibilidad con el núcleo: Pesado\n\nEl traje de exploración Zeus ha sido diseñado para honrar a algunos de los primeros pioneros espaciales, las tripulaciones de RSI que desarrollaron y probaron el Zeus, la primera nave espacial comercial. Aunque el traje está estilizado para coincidir con los usados hace siglos, con accesorios para casco y mochila, contiene toda la tecnología moderna y las comodidades que esperan los exploradores actuales. El Zeus ofrece buena resistencia a ambientes hostiles y un excelente espacio de almacenamiento para la recolección de muestras durante las EVAs. La edición Echo presenta azules profundos y líneas de contorno que se extienden por la superficie del traje.",
nueva,item_Desc_rsi_utility_heavy_backpack_01_04_01,"Item Type: Heavy Backpack\nCarrying Capacity: 180K µSCU\nCore Compatibility: Heavy\n\nThe Zeus Exploration Suit has been designed to honor some of the earliest space pioneers, the RSI crews who developed and tested the Zeus, the first commercial spacecraft. While the suit is styled to match those used centuries ago with attachments for a helmet and backpack, it contains all of the modern technology and conveniences expected by present-day explorers. The Zeus offers good resistance to harsh environments and excellent storage space for sample-collecting during EVAs. The Glacier edition is an arctic white offset with cold blues.","Tipo de artículo: Mochila pesada\nCapacidad de carga: 180K µSCU\nCompatibilidad con el núcleo: Pesado\n\nEl traje de exploración Zeus ha sido diseñado para honrar a algunos de los primeros pioneros espaciales, las tripulaciones de RSI que desarrollaron y probaron el Zeus, la primera nave espacial comercial. Aunque el traje está estilizado para coincidir con los usados hace siglos, con accesorios para casco y mochila, contiene toda la tecnología moderna y las comodidades que esperan los exploradores actuales. El Zeus ofrece buena resistencia a ambientes hostiles y un excelente espacio de almacenamiento para la recolección de muestras durante las EVAs. La edición Glacier es un blanco ártico contrastado con azules fríos.",
nueva,item_Desc_rsi_utility_heavy_helmet_01_02_01,"Item Type: Heavy Armor\nDamage Reduction: 25%\nTemp. Rating: -150 / 175 °C\nRadiation Protection: 33600 REM\nRadiation Scrub Rate: 147.42 REM/s\n\nThe Zeus Exploration Suit has been designed to honor some of the earliest space pioneers, the RSI crews who developed and tested the Zeus, the first commercial spacecraft. While the suit is styled to match those used centuries ago with attachments for a helmet and backpack, it contains all of the modern technology and conveniences expected by present-day explorers. The Zeus offers good resistance to harsh environments and excellent storage space for sample-collecting during EVAs. This helmet is only compatible with the Zeus Exploration Suit. The Keelback edition features a combination of blue and yellow with a subtle reptile-skin pattern.","Tipo de artículo: Armadura pesada\nReducción de daño: 25%\nRango de temperatura: -150 / 175 °C\nProtección contra radiación: 33600 REM\nTasa de limpieza de radiación: 147.42 REM/s\n\nEl traje de exploración Zeus ha sido diseñado para honrar a algunos de los primeros pioneros espaciales, las tripulaciones de RSI que desarrollaron y probaron el Zeus, la primera nave espacial comercial. Aunque el traje está estilizado para coincidir con los usados hace siglos, con accesorios para casco y mochila, contiene toda la tecnología moderna y las comodidades que esperan los exploradores actuales. El Zeus ofrece buena resistencia a ambientes hostiles y un excelente espacio de almacenamiento para la recolección de muestras durante las EVAs. Este casco es compatible únicamente con el traje de exploración Zeus. La edición Keelback presenta una combinación de azul y amarillo con un sutil patrón de piel de reptil.",
nueva,item_Desc_rsi_utility_heavy_helmet_01_03_01,"Item Type: Heavy Armor\nDamage Reduction: 25%\nTemp. Rating: -150 / 175 °C\nRadiation Protection: 33600 REM\nRadiation Scrub Rate: 147.42 REM/s\n\nThe Zeus Exploration Suit has been designed to honor some of the earliest space pioneers, the RSI crews who developed and tested the Zeus, the first commercial spacecraft. While the suit is styled to match those used centuries ago with attachments for a helmet and backpack, it contains all of the modern technology and conveniences expected by present-day explorers. The Zeus offers good resistance to harsh environments and excellent storage space for sample-collecting during EVAs. This helmet is only compatible with the Zeus Exploration Suit. The Echo edition is mostly gray with a deep blue visor.","Tipo de artículo: Armadura pesada\nReducción de daño: 25%\nRango de temperatura: -150 / 175 °C\nProtección contra radiación: 33600 REM\nTasa de limpieza de radiación: 147.42 REM/s\n\nEl traje de exploración Zeus ha sido diseñado para honrar a algunos de los primeros pioneros espaciales, las tripulaciones de RSI que desarrollaron y probaron el Zeus, la primera nave espacial comercial. Aunque el traje está estilizado para coincidir con los usados hace siglos, con accesorios para casco y mochila, contiene toda la tecnología moderna y las comodidades que esperan los exploradores actuales. El Zeus ofrece buena resistencia a ambientes hostiles y un excelente espacio de almacenamiento para la recolección de muestras durante las EVAs. Este casco es compatible únicamente con el traje de exploración Zeus. La edición Echo es mayormente gris con una visera azul profundo.",
nueva,item_Desc_rsi_utility_heavy_helmet_01_04_01,"Item Type: Heavy Armor\nDamage Reduction: 25%\nTemp. Rating: -150 / 175 °C\nRadiation Protection: 33600 REM\nRadiation Scrub Rate: 147.42 REM/s\n\nThe Zeus Exploration Suit has been designed to honor some of the earliest space pioneers, the RSI crews who developed and tested the Zeus, the first commercial spacecraft. While the suit is styled to match those used centuries ago with attachments for a helmet and backpack, it contains all of the modern technology and conveniences expected by present-day explorers. The Zeus offers good resistance to harsh environments and excellent storage space for sample-collecting during EVAs. This helmet is only compatible with the Zeus Exploration Suit. The Glacier edition is an arctic white offset with cold blues.","Tipo de artículo: Armadura pesada\nReducción de daño: 25%\nRango de temperatura: -150 / 175 °C\nProtección contra radiación: 33600 REM\nTasa de limpieza de radiación: 147.42 REM/s\n\nEl traje de exploración Zeus ha sido diseñado para honrar a algunos de los primeros pioneros espaciales, las tripulaciones de RSI que desarrollaron y probaron el Zeus, la primera nave espacial comercial. Aunque el traje está estilizado para coincidir con los usados hace siglos, con accesorios para casco y mochila, contiene toda la tecnología moderna y las comodidades que esperan los exploradores actuales. El Zeus ofrece buena resistencia a ambientes hostiles y un excelente espacio de almacenamiento para la recolección de muestras durante las EVAs. Este casco es compatible únicamente con el traje de exploración Zeus. La edición Glacier es un blanco ártico contrastado con azules fríos.",
nueva,item_Desc_rsi_utility_heavy_suit_01_02_01,"Item Type: Heavy Utility\nDamage Reduction: 25%\nTemp. Rating: -150 / 175 °C\nRadiation Protection: 33600 REM\nRadiation Scrub Rate: 147.42 REM/s\nCarrying Capacity: 8.0 µSCU\nBackpacks: All\n\nThe Zeus Exploration Suit has been designed to honor some of the earliest space pioneers, the RSI crews who developed and tested the Zeus, the first commercial spacecraft. While the suit is styled to match those used centuries ago with attachments for a helmet and backpack, it contains all of the modern technology and conveniences expected by present-day explorers. The Zeus offers good resistance to harsh environments and excellent storage space for sample-collecting during EVAs. The Keelback edition features a combination of blue and yellow with a subtle reptile-skin pattern.","Tipo de artículo: Utilidad pesada\nReducción de daño: 25%\nRango de temperatura: -150 / 175 °C\nProtección contra radiación: 33600 REM\nTasa de limpieza de radiación: 147.42 REM/s\nCapacidad de carga: 8.0 µSCU\nMochilas: Todas\n\nEl traje de exploración Zeus ha sido diseñado para honrar a algunos de los primeros pioneros espaciales, las tripulaciones de RSI que desarrollaron y probaron el Zeus, la primera nave espacial comercial. Aunque el traje está estilizado para coincidir con los usados hace siglos, con accesorios para casco y mochila, contiene toda la tecnología moderna y las comodidades que esperan los exploradores actuales. El Zeus ofrece buena resistencia a ambientes hostiles y un excelente espacio de almacenamiento para la recolección de muestras durante las EVAs. La edición Keelback presenta una combinación de azul y amarillo con un sutil patrón de piel de reptil.",
nueva,item_Desc_rsi_utility_heavy_suit_01_03_01,"Item Type: Heavy Utility\nDamage Reduction: 25%\nTemp. Rating: -150 / 175 °C\nRadiation Protection: 33600 REM\nRadiation Scrub Rate: 147.42 REM/s\nCarrying Capacity: 8.0 µSCU\nBackpacks: All\n\nThe Zeus Exploration Suit has been designed to honor some of the earliest space pioneers, the RSI crews who developed and tested the Zeus, the first commercial spacecraft. While the suit is styled to match those used centuries ago with attachments for a helmet and backpack, it contains all of the modern technology and conveniences expected by present-day explorers. The Zeus offers good resistance to harsh environments and excellent storage space for sample-collecting during EVAs. The Echo edition features deep blues and contoured lines that sprawl across the surface of the suit.","Tipo de artículo: Utilidad pesada\nReducción de daño: 25%\nRango de temperatura: -150 / 175 °C\nProtección contra radiación: 33600 REM\nTasa de limpieza de radiación: 147.42 REM/s\nCapacidad de carga: 8.0 µSCU\nMochilas: Todas\n\nEl traje de exploración Zeus ha sido diseñado para honrar a algunos de los primeros pioneros espaciales, las tripulaciones de RSI que desarrollaron y probaron el Zeus, la primera nave espacial comercial. Aunque el traje está estilizado para coincidir con los usados hace siglos, con accesorios para casco y mochila, contiene toda la tecnología moderna y las comodidades que esperan los exploradores actuales. El Zeus ofrece buena resistencia a ambientes hostiles y un excelente espacio de almacenamiento para la recolección de muestras durante las EVAs. La edición Echo presenta azules profundos y líneas de contorno que se extienden por la superficie del traje.",
nueva,item_Desc_rsi_utility_heavy_suit_01_04_01,"Item Type: Heavy Utility\nDamage Reduction: 25%\nTemp. Rating: -150 / 175 °C\nRadiation Protection: 33600 REM\nRadiation Scrub Rate: 147.42 REM/s\nCarrying Capacity: 8.0 µSCU\nBackpacks: All\n\nThe Zeus Exploration Suit has been designed to honor some of the earliest space pioneers, the RSI crews who developed and tested the Zeus, the first commercial spacecraft. While the suit is styled to match those used centuries ago with attachments for a helmet and backpack, it contains all of the modern technology and conveniences expected by present-day explorers. The Zeus offers good resistance to harsh environments and excellent storage space for sample-collecting during EVAs. The Glacier edition is an arctic white offset with cold blues.","Tipo de artículo: Utilidad pesada\nReducción de daño: 25%\nRango de temperatura: -150 / 175 °C\nProtección contra radiación: 33600 REM\nTasa de limpieza de radiación: 147.42 REM/s\nCapacidad de carga: 8.0 µSCU\nMochilas: Todas\n\nEl traje de exploración Zeus ha sido diseñado para honrar a algunos de los primeros pioneros espaciales, las tripulaciones de RSI que desarrollaron y probaron el Zeus, la primera nave espacial comercial. Aunque el traje está estilizado para coincidir con los usados hace siglos, con accesorios para casco y mochila, contiene toda la tecnología moderna y las comodidades que esperan los exploradores actuales. El Zeus ofrece buena resistencia a ambientes hostiles y un excelente espacio de almacenamiento para la recolección de muestras durante las EVAs. La edición Glacier es un blanco ártico contrastado con azules fríos.",
nueva,item_Desc_slaver_armor_medium_01_arms_shared,"Item Type: Medium Armor\nDamage Reduction: 30%\nTemp. Rating: -60 / 90 °C\nRadiation Protection: 26400 REM\nRadiation Scrub Rate: 145.8 REM/s\n\nThe DustUp has your back if you’re looking to get into some trouble. The body plating is built off of the same CDS undersuit used by the UEE Marines, it adds reconstructed Omni-Role mkII pieces to give you solid protection against incoming fire. The whole thing’s been reasonably tested against vacuum too, so you can feel free to EVA all you want without worrying about dying.","Tipo de artículo: Armadura media\nReducción de daño: 30%\nRango de temperatura: -60 / 90 °C\nProtección contra radiación: 26400 REM\nTasa de limpieza de radiación: 145.8 REM/s\n\nEl DustUp te cubre las espaldas si buscas meterte en problemas. El blindaje corporal se construye sobre el mismo undersuit de CDS que usan los Marines de la UEE y añade piezas reconstruidas Omni-Role mkII para ofrecerte una sólida protección contra el fuego enemigo. Todo el conjunto también ha sido probado razonablemente contra el vacío, así que puedes hacer todas las EVAs que quieras sin preocuparte por morir.",
nueva,item_Desc_slaver_armor_medium_01_helmet_shared,"Item Type: Medium Armor\nDamage Reduction: 30%\nTemp. Rating: -60 / 90 °C\nRadiation Protection: 26400 REM\nRadiation Scrub Rate: 145.8 REM/s\n\nThe DustUp has your back if you’re looking to get into some trouble. Originally built to withstand explosions, it should totally protect you against some shots. The whole thing’s been reasonably tested against vacuum too, so you can feel free to EVA all you want without worrying about dying. Visor is AR crosshair compatible.","Tipo de artículo: Armadura media\nReducción de daño: 30%\nRango de temperatura: -60 / 90 °C\nProtección contra radiación: 26400 REM\nTasa de limpieza de radiación: 145.8 REM/s\n\nEl DustUp te cubre las espaldas si buscas meterte en problemas. Construido originalmente para resistir explosiones, debería protegerte por completo de unos cuantos disparos. Todo el conjunto también ha sido probado razonablemente contra el vacío, así que puedes hacer todas las EVAs que quieras sin preocuparte por morir. La visera es compatible con retícula AR.",
nueva,item_Desc_slaver_armor_medium_helmet_01_03_01,"Item Type: Medium Armor\nDamage Reduction: 30%\nTemp. Rating: -60 / 90 °C\nRadiation Protection: 26400 REM\nRadiation Scrub Rate: 145.8 REM/s\n \nThe DustUp has your back if you’re looking to get into some trouble. Originally built to withstand explosions, it should totally protect you against some shots. The whole thing’s been reasonably tested against vacuum too, so you can feel free to EVA all you want without worrying about dying. Visor is AR crosshair compatible.\n\nFeaturing a spooky spraypainted skull over a black base, the Skeleton edition brings the spirit of Day of the Vara to every outing.","Tipo de artículo: Armadura media\nReducción de daño: 30%\nRango de temperatura: -60 / 90 °C\nProtección contra radiación: 26400 REM\nTasa de limpieza de radiación: 145.8 REM/s\n \nEl DustUp te cubre las espaldas si buscas meterte en problemas. Construido originalmente para resistir explosiones, debería protegerte por completo de unos cuantos disparos. Todo el conjunto también ha sido probado razonablemente contra el vacío, así que puedes hacer todas las EVAs que quieras sin preocuparte por morir. La visera es compatible con retícula AR.\n\nCon una espeluznante calavera pintada con spray sobre una base negra, la edición Skeleton lleva el espíritu del Día de Vara a cada salida.",
nueva,"item_Desc_vgl_backpack_heavy_01_13_01,P",PH - Description for vgl_backpack_heavy_01_13_01,PH - Description for vgl_backpack_heavy_01_13_01,
nueva,item_Descbehr_smg_ballistic_01_iasi,"Manufacturer: Behring\nItem Type: SMG\nClass: Ballistic\n\nMagazine Size: 45\nRate Of Fire: 800 rpm\nEffective Range: 30 m\n\nAttachments: Optics (S1), Barrel (S1), Underbarrel (S1)\n\nWhen the top fighting force in the universe chooses a weapon as their standard, it pays to stand up and take notice. The Behring-crafted P8-SC has been the ballistic submachine gun of choice for the UEE Marines since it first came off the production line, but since then, many have come to rely on this weapon for their own personal safety and protection. The Echo edition features deep blues and contoured lines that sprawl across the surface of the weapon.","Fabricante: Behring\nTipo de artículo: Subfusil\nClase: Balístico\n\nTamaño del cargador: 45\nCadencia de fuego: 800 rpm\nAlcance efectivo: 30 m\n\nAccesorios: Óptica (S1), Cañón (S1), Bajo el cañón (S1)\n\nCuando la mejor fuerza de combate del universo elige un arma como estándar, conviene prestar atención. El P8-SC, fabricado por Behring, ha sido el subfusil balístico preferido de los Marines de la UEE desde que salió de la línea de producción, pero desde entonces muchos han llegado a confiar en esta arma para su propia seguridad y protección. La edición Echo presenta azules profundos y líneas de contorno que se extienden por la superficie del arma.",
nueva,item_Descgmni_lmg_ballistic_01_collector02,"Manufacturer: Gemini\nItem Type: LMG\nClass: Ballistic\n\nMagazine Size: 150\nRate Of Fire: 1000 rpm\nEffective Range: 30 m\n\nAttachments: Optics (S2), Barrel (N/A), Underbarrel (S3)\n\nFeaturing an explosive rate of fire that tops at a 1000 rpm and Gemini's sleek and professional styling, the F55 is a light machine gun for discerning clientele who want the 'verse to know that they are not to be trifled with.\n\nThe Shadowflux variant features a sleek black foundation with subtle chromatic purple tinting.","Fabricante: Gemini\nTipo de artículo: LMG\nClase: Balístico\n\nTamaño del cargador: 150\nCadencia de fuego: 1000 rpm\nAlcance efectivo: 30 m\n\nAccesorios: Óptica (S2), Cañón (N/D), Bajo el cañón (S3)\n\nCon una explosiva cadencia de fuego que alcanza las 1000 rpm y el elegante y profesional estilo de Gemini, el F55 es una ametralladora ligera para una clientela exigente que quiere que el 'verso sepa que con ella no se juega.\n\nLa variante Shadowflux presenta una elegante base negra con sutiles tintes cromáticos morados.",
nueva,item_Descgmni_shotgun_ballistic_01_store01,"Manufacturer: Gemini\nItem Type: Shotgun\nClass: Ballistic\n\nMagazine Size: 18\nRate Of Fire: 120 rpm / 60 rpm\nEffective Range: 15 m / 35 m\n\nAttachments: Optics (S1), Barrel (N/A), Underbarrel (S2)\n\nThe R97 combines sleek design and stopping power for an elegant and effective close quarters weapon. This ballistic shotgun from Gemini features two distinct fire modes — a semi-auto wide spread mode ideal for dealing quick damage and a focused mode that offers increased range at the expense of some power. This combat flexibility has made the R97 a popular personal defense weapon across the Empire. \n\nThe Runic variant is enhanced by a distinctive patina and a unique etched design.","Fabricante: Gemini\nTipo de artículo: Escopeta\nClase: Balístico\n\nTamaño del cargador: 18\nCadencia de fuego: 120 rpm / 60 rpm\nAlcance efectivo: 15 m / 35 m\n\nAccesorios: Óptica (S1), Cañón (N/D), Bajo el cañón (S2)\n\nEl R97 combina un diseño elegante y poder de frenado para ofrecer un arma de combate cercano elegante y eficaz. Esta escopeta balística de Gemini cuenta con dos modos de disparo distintos: un modo semiautomático de dispersión amplia, ideal para infligir daño rápido, y un modo concentrado que ofrece mayor alcance a costa de algo de potencia. Esta flexibilidad en combate ha convertido al R97 en un arma de defensa personal popular en todo el Imperio.\n\nLa variante Runic se realza con una pátina distintiva y un diseño grabado único.",
nueva,item_Descgrin_salvage_01_iasi,"Manufacturer: Greycat Industrial\nItem Type: Utility\nClass: Gadget\n\nCanister Size: Large\nRate of Fire: N / A (Beam)\nEffective Range: 6m\n\nStrip salvage and make repairs with the Cambio, a dual purpose salvage and repair tool (SRT) designed to collect and convert alloys and polymers found in scrap into recycled material composite that can either be sold or used to make quick repairs. The Cambio SRT features rapid stripping speeds and an impressive battery life, making it an essential gadget for mechanics and spacefarers. The Cambio-II has been modified to increase the range of the tool, as well as the speed and efficiency of repairs. The recalibration of energy within the device causes it to be slightly less efficient when extracting salvageable materials.\n\nThe Glacier edition is an arctic white offset with cold blues.","Fabricante: Greycat Industrial\nTipo de artículo: Utilidad\nClase: Gadget\n\nTamaño del recipiente: Grande\nCadencia de fuego: N / A (Haz)\nAlcance efectivo: 6 m\n\nDesmonta chatarra y realiza reparaciones con el Cambio, una herramienta de recuperación y reparación (SRT) de doble propósito diseñada para recolectar y convertir aleaciones y polímeros encontrados en la chatarra en material compuesto reciclado que se puede vender o usar para hacer reparaciones rápidas. El Cambio SRT ofrece una gran velocidad de desmontaje y una impresionante duración de batería, lo que lo convierte en un gadget esencial para mecánicos y viajeros espaciales. El Cambio-II ha sido modificado para aumentar el alcance de la herramienta, así como la velocidad y la eficiencia de las reparaciones. La recalibración de la energía del dispositivo lo hace ligeramente menos eficiente al extraer materiales recuperables.\n\nLa edición Glacier es un blanco ártico contrastado con azules fríos.",
nueva,item_Descgrin_tractor_01_iasi,"Manufacturer: Greycat Industrial\nItem Type: Tractor Beam\nClass: Gadget\n\nMagazine Size: Integrated Battery\nRate of Fire: N / A (Beam)\nFull Range: 0.5m-80m\nMax. Effective: 50m\n\nGreycat's heavy duty tractor beam boasts industrial performance at a consumer-friendly price. With its longer-lasting battery and wider beam emitter, the MaxLift can easily manipulate heavier and bulkier items making it the perfect tool for long days of hauling cargo. The MaxLift-II has been adjusted to increase the power of the tractor beam, allowing it to lift heavier weights and reinforcing the strength of the tether at a reduced range.\n\nThe Keelback edition features a combination of blue and yellow with a subtle reptile-skin pattern.","Fabricante: Greycat Industrial\nTipo de artículo: Rayo tractor\nClase: Gadget\n\nTamaño del cargador: Batería integrada\nCadencia de fuego: N / A (Haz)\nRango completo: 0,5 m-80 m\nMáx. efectivo: 50 m\n\nEl rayo tractor de uso intensivo de Greycat presume de un rendimiento industrial a un precio asequible para el consumidor. Con su batería de mayor duración y su emisor de haz más ancho, el MaxLift puede manipular fácilmente objetos más pesados y voluminosos, lo que lo convierte en la herramienta perfecta para largas jornadas de transporte de carga. El MaxLift-II ha sido ajustado para aumentar la potencia del rayo tractor, lo que le permite levantar pesos mayores y refuerza la fuerza del enlace a un alcance reducido.\n\nLa edición Keelback presenta una combinación de azul y amarillo con un sutil patrón de piel de reptil.",
nueva,item_Descksar_shotgun_ballistic_01_store01,"Manufacturer: Kastak Arms\nItem Type: Shotgun\nClass: Ballistic\n\nMagazine Size: 16\nRate Of Fire: 105 rpm\nEffective Range: 15 m\n\nAttachments: Optics (S1), Barrel (N/A), Underbarrel (S2)\n\nThe Kastak Arms Ravager-212 Twin shotgun earns its name from its unique dual-barrels that allow for multiple ammo types to be used in conjunction with each other for maximum tactical possibilities.\n\nMake a statement with the exclusive Infrared edition which pairs an intense ruby with light gray undertones.","Fabricante: Kastak Arms\nTipo de artículo: Escopeta\nClase: Balístico\n\nTamaño del cargador: 16\nCadencia de fuego: 105 rpm\nAlcance efectivo: 15 m\n\nAccesorios: Óptica (S1), Cañón (N/D), Bajo el cañón (S2)\n\nLa escopeta doble Ravager-212 de Kastak Arms debe su nombre a sus exclusivos cañones dobles, que permiten usar varios tipos de munición en conjunto para obtener las máximas posibilidades tácticas.\n\nCausa sensación con la exclusiva edición Infrared, que combina un rubí intenso con matices gris claro.",
nueva,item_Desclbco_sniper_energy_01_store01,"Manufacturer: Lightning Bolt Co. \nItem Type: Sniper Rifle\nClass: Electron\n\nBattery Size: 5\nRate Of Fire: 30 rpm\nEffective Range: 150m+\n\nAttachments: Optics (S3), Underbarrel (S2)\n\nThe Atzkav is a unique precision sniper rifle from Lightning Bolt Co. Once the charging handle is engaged, it accurately fires a charged electron to deal significant energy damage that spreads to nearby conductive targets. This special pulse effect also leaves a residual charge in the strike area that increases damage delivered by subsequent electron shots. Alongside the rifle's special firing capabilities, the Atzkav is best known for its distinct barrel that crackles with energy when powering its next shot.\n\nWith its sleek gray base, the Starwalker edition is ready for your next grand adventure across the galaxy.","Fabricante: Lightning Bolt Co. \nTipo de artículo: Rifle de francotirador\nClase: Electrón\n\nTamaño de la batería: 5\nCadencia de fuego: 30 rpm\nAlcance efectivo: 150 m+\n\nAccesorios: Óptica (S3), Bajo el cañón (S2)\n\nEl Atzkav es un rifle de francotirador de precisión único de Lightning Bolt Co. Una vez accionada la palanca de carga, dispara con precisión un electrón cargado que causa un daño energético considerable que se propaga a los objetivos conductores cercanos. Este efecto especial de pulso también deja una carga residual en la zona de impacto que aumenta el daño de los disparos de electrones posteriores. Además de las capacidades especiales de disparo del rifle, el Atzkav es más conocido por su característico cañón, que crepita de energía al cargar el siguiente disparo.\n\nCon su elegante base gris, la edición Starwalker está lista para tu próxima gran aventura por la galaxia.",
nueva,item_NameAurora_mk2_Paint_Black_Black_Orange,Aurora Mk II Starwalker Livery,Pintura Aurora Mk II Starwalker,
nueva,item_NameCOOL_IASI_S01,Mil/1/B BriskAir IC-10,BriskAir IC-10 [Militar|S1|B|Enfriador],
nueva,item_NameCOOL_IASI_S02,Mil/2/B BriskAir IC-20,BriskAir IC-20 [Militar|S2|B|Enfriador],
nueva,item_NameCOOL_IASI_S03,Mil/3/B BriskAir IC-30,BriskAir IC-30 [Militar|S3|B|Enfriador],
nueva,item_NameConstellation_Paint_Black_Black_Orange,Constellation Mk IV Starwalker Livery,Pintura Constellation Mk IV Starwalker,
nueva,item_NameConstellation_Paint_Emerald_Green_White_Black,Constellation Mk IV Emerald Livery,Pintura Constellation Mk IV Emerald,
nueva,item_NameConstellationmk5_Paint_Black_Black_Orange,Constellation Mk V Starwalker Livery,Pintura Constellation Mk V Starwalker,
nueva,"item_NameConstellationmk5_Paint_Black_Gray_Purple,P",Constellation Mk V Blackthorn Livery,Pintura Constellation Mk V Blackthorn,
nueva,"item_NameConstellationmk5_Paint_Blue_Black_Yellow,P",Constellation Mk V Convergence Livery,Pintura Constellation Mk V Convergence,
nueva,"item_NameConstellationmk5_Paint_Blue_Orange_Blue,P",Constellation Mk V Magnitude Livery,Pintura Constellation Mk V Magnitude,
nueva,"item_NameConstellationmk5_Paint_Red_Gray_Yellow,P",Constellation Mk V Heritage Livery,Pintura Constellation Mk V Heritage,
nueva,"item_NameConstellationmk5_Paint_White_Orange_Gray,P",Constellation Mk V Patrician Livery,Pintura Constellation Mk V Patrician,
nueva,item_NameEclipse_Paint_Red_Red_Red,Eclipse Desmodus Livery,Pintura Eclipse Desmodus,
nueva,item_NameGMNI_rifle_ballistic_01_store01,"S71 ""Infrared"" Rifle","Rifle S71 ""Infrared""",
nueva,item_NameGMNI_rifle_ballistic_01_store01_short,S71 IR Rifle,Rifle S71 IR,
nueva,item_NameGalaxy_Paint_Black_Black_Orange,Galaxy Starwalker Livery,Pintura Galaxy Starwalker,
nueva,item_NameHermes_Paint_Black_Black_Orange,Hermes Starwalker Livery,Pintura Hermes Starwalker,
nueva,item_NameM80_Paint_black_gold_gold,M80 Runic Livery,Pintura M80 Runic,
nueva,"item_NameMRCK_S03_RSI_Skylark,P",RSI Skylark Missile Launcher,Bastidor de misiles RSI Skylark,
nueva,item_NamePOWR_S01_IASI_A,Ind/1/A Helios IP-10,Helios IP-10 [Industrial|S1|A|Energia],
nueva,item_NamePOWR_S01_IASI_B,Mil/1/B Sovereign IP-10,Sovereign IP-10 [Militar|S1|B|Energia],
nueva,item_NamePOWR_S02_IASI_A,Ind/2/A Helios IP-20,Helios IP-20 [Industrial|S2|A|Energia],
nueva,item_NamePOWR_S02_IASI_B,Mil/2/B Sovereign IP-20,Sovereign IP-20 [Militar|S2|B|Energia],
nueva,item_NamePOWR_S03_IASI_A,Ind/3/A Helios IP-30,Helios IP-30 [Industrial|S3|A|Energia],
nueva,item_NamePOWR_S03_IASI_B,Mil/3/B Sovereign IP-30,Sovereign IP-30 [Militar|S3|B|Energia],
nueva,"item_NamePaint_Constellation_Black_Black_Red,P",Constellation Mk IV False Colors Livery,Pintura Constellation Mk IV False Colors,
nueva,"item_NamePaint_Constellation_Black_Green_Gold,P",Constellation Mk IV High Roller Livery,Pintura Constellation Mk IV High Roller,
nueva,"item_NamePaint_Constellation_Black_Grey_White,P",Constellation Mk IV Exploration Livery,Pintura Constellation Mk IV Exploration,
nueva,"item_NamePaint_Constellation_Blue_Black_Red,P",Constellation Mk IV Disco Livery,Pintura Constellation Mk IV Disco,
nueva,"item_NamePaint_Constellation_Blue_Blue_Grey,P",Constellation Mk IV Shocking Blue Livery,Pintura Constellation Mk IV Shocking Blue,
nueva,"item_NamePaint_Constellation_Blue_Cyan_Grey,P",Constellation Mk IV Electric Blue Livery,Pintura Constellation Mk IV Electric Blue,
nueva,"item_NamePaint_Constellation_Green_Grey_Yellow,P",Constellation Mk IV UEE Distinguished Service Livery,Pintura Constellation Mk IV UEE Distinguished Service,
nueva,item_NamePlayerDeco_Flair_RSI_Constellation_Andromeda_Mk4_1_a,Constellation Mk IV Andromeda Model,Modelo Constellation Mk IV Andromeda,
nueva,item_NamePlayerDeco_Flair_RSI_Constellation_Phoenix_Sign_1_a,Phoenix Insignia Display,Exhibidor de insignia Phoenix,
nueva,item_NamePlayerDeco_Flair_Xian_Incense_Burner_1_a,Hyaoklo Meditation Focus,Foco de meditación Hyaoklo,
nueva,item_NamePlayerDeco_Statue_Stand_flightsuit_gold_a,RSI Venture Executive Armor Display,Vitrina de armadura ejecutiva RSI Venture,
nueva,item_NameRSI_Constellation_Mk5_Bottom_Turret,RSI Constellation Mk V Bottom Turret,Torreta inferior RSI Constellation Mk V,
nueva,item_NameRSI_Constellation_Mk5_Missile_Launcher,RSI Constellation Mk V Missile Rack,Bastidor de misiles RSI Constellation Mk V,
nueva,item_NameRSI_Constellation_Mk5_Top_Turret,RSI Constellation Mk V Top Turret,Torreta superior RSI Constellation Mk V,
nueva,item_NameSalvation_Paint_White_Blue_White,Salvation Glacier Livery,Pintura Salvation Glacier,
nueva,item_NameScorpius_Paint_Blue_Purple_Purple,Scorpius Echo Livery,Pintura Scorpius Echo,
nueva,item_NameSkylark_Paint_Black_Black_Orange,Skylark Starwalker Livery,Pintura Skylark Starwalker,
nueva,item_NameSkylark_Paint_Black_Gray_Purple,Skylark Blackthorn Livery,Pintura Skylark Blackthorn,
nueva,item_NameSkylark_Paint_Blue_Black_Yellow,Skylark Convergence Livery,Pintura Skylark Convergence,
nueva,item_NameSkylark_Paint_Blue_Orange_Blue,Skylark Magnitude Livery,Pintura Skylark Magnitude,
nueva,item_NameSkylark_Paint_Red_Gray_Yellow,Skylark Heritage Livery,Pintura Skylark Heritage,
nueva,item_NameSkylark_Paint_White_Orange_Gray,Skylark Patrician Livery,Pintura Skylark Patrician,
nueva,item_NameUrsa_Paint_Black_Black_Orange,Ursa Starwalker Livery,Pintura Ursa Starwalker,
nueva,item_NameVulture_Paint_Green_Blue_Green,Vulture Abomination Livery,Pintura Vulture Abomination,
nueva,item_NameWolf_Paint_Grey_Black_Grey,Wolf Lycan Livery,Pintura Wolf Lycan,
nueva,item_NameZeus_Paint_Blue_Blue_Yellow,Zeus Keelback Livery,Pintura Zeus Keelback,
nueva,item_Name_Carryable_1H_SQ_Flair_Coin_Constellation_Mk5,Constellation Mk V Coin,Moneda Constellation Mk V,
nueva,"item_Name_basl_combat_heavy_arms_01_01_01,P",PH - basl_combat_heavy_arms_01_01_01,PH - basl_combat_heavy_arms_01_01_01,
nueva,"item_Name_basl_combat_heavy_core_01_01_01,P",PH - basl_combat_heavy_core_01_01_01,PH - basl_combat_heavy_core_01_01_01,
nueva,"item_Name_basl_combat_heavy_helmet_01_01_01,P",PH - basl_combat_heavy_helmet_01_01_01,PH - basl_combat_heavy_helmet_01_01_01,
nueva,"item_Name_basl_combat_heavy_legs_01_01_01,P",PH - basl_combat_heavy_legs_01_01_01,PH - basl_combat_heavy_legs_01_01_01,
nueva,"item_Name_cds_combat_superheavy_helmet_01_02_01,P",BUL-H4 Helmet Stronghold,BUL-H4 Stronghold (Casco),
nueva,item_Name_kap_combat_heavy_arms_01_01_01,Monolith Armor Arms,Monolith (Brazos),
nueva,"item_Name_kap_combat_heavy_arms_01_01_10,P",Monolith Armor Arms Liquidator,Monolith Liquidator (Brazos),
nueva,item_Name_kap_combat_heavy_arms_01_01_12,Monolith Armor Arms Tsunami,Monolith Tsunami (Brazos),
nueva,item_Name_kap_combat_heavy_arms_01_01_15,Monolith Armor Arms Sandhawk,Monolith Sandhawk (Brazos),
nueva,item_Name_kap_combat_heavy_arms_01_01_16,Monolith Armor Arms Serpentine,Monolith Serpentine (Brazos),
nueva,item_Name_kap_combat_heavy_arms_01_02_01,Monolith Armor Arms Runic,Monolith Runic (Brazos),
nueva,"item_Name_kap_combat_heavy_arms_01_03_01,P",Monolith Armor Arms Blackheart,Monolith Blackheart (Brazos),
nueva,item_Name_kap_combat_heavy_arms_01_04_01,Monolith Armor Arms Shadowflux,Monolith Shadowflux (Brazos),
nueva,item_Name_kap_combat_heavy_arms_01_05_01,Monolith Armor Arms Silver Strike,Monolith Silver Strike (Brazos),
nueva,item_Name_kap_combat_heavy_arms_01_06_01,Monolith Armor Arms Oubliette,Monolith Oubliette (Brazos),
nueva,item_Name_kap_combat_heavy_backpack_01_01_01,Monolith Backpack,Monolith (Mochila),
nueva,item_Name_kap_combat_heavy_backpack_01_01_10,Monolith Backpack Liquidator,Monolith Liquidator (Mochila),
nueva,item_Name_kap_combat_heavy_backpack_01_01_12,Monolith Backpack Tsunami,Monolith Tsunami (Mochila),
nueva,item_Name_kap_combat_heavy_backpack_01_01_15,Monolith Backpack Sandhawk,Monolith Sandhawk (Mochila),
nueva,item_Name_kap_combat_heavy_backpack_01_01_16,Monolith Backpack Serpentine,Monolith Serpentine (Mochila),
nueva,item_Name_kap_combat_heavy_backpack_01_02_01,Monolith Backpack Runic,Monolith Runic (Mochila),
nueva,item_Name_kap_combat_heavy_backpack_01_03_01,Monolith Backpack Blackheart,Monolith Blackheart (Mochila),
nueva,item_Name_kap_combat_heavy_backpack_01_04_01,Monolith Backpack Shadowflux,Monolith Shadowflux (Mochila),
nueva,item_Name_kap_combat_heavy_backpack_01_05_01,Monolith Backpack Silver Strike,Monolith Silver Strike (Mochila),
nueva,item_Name_kap_combat_heavy_backpack_01_06_01,Monolith Backpack Oubliette,Monolith Oubliette (Mochila),
nueva,item_Name_kap_combat_heavy_core_01_01_01,Monolith Armor Core,Monolith (Coraza),
nueva,"item_Name_kap_combat_heavy_core_01_01_10,P",Monolith Armor Core Liquidator,Monolith Liquidator (Coraza),
nueva,item_Name_kap_combat_heavy_core_01_01_12,Monolith Armor Core Tsunami,Monolith Tsunami (Coraza),
nueva,item_Name_kap_combat_heavy_core_01_01_15,Monolith Armor Core Sandhawk,Monolith Sandhawk (Coraza),
nueva,item_Name_kap_combat_heavy_core_01_01_16,Monolith Armor Core Serpentine,Monolith Serpentine (Coraza),
nueva,item_Name_kap_combat_heavy_core_01_02_01,Monolith Armor Core Runic,Monolith Runic (Coraza),
nueva,"item_Name_kap_combat_heavy_core_01_03_01,P",Monolith Armor Core Blackheart,Monolith Blackheart (Coraza),
nueva,item_Name_kap_combat_heavy_core_01_04_01,Monolith Armor Core Shadowflux,Monolith Shadowflux (Coraza),
nueva,item_Name_kap_combat_heavy_core_01_05_01,Monolith Armor Core Silver Strike,Monolith Silver Strike (Coraza),
nueva,item_Name_kap_combat_heavy_core_01_06_01,Monolith Armor Core Oubliette,Monolith Oubliette (Coraza),
nueva,"item_Name_kap_combat_heavy_helmet_01_01_01,P",Monolith Helmet,Monolith (Casco),
nueva,item_Name_kap_combat_heavy_helmet_01_01_10,Monolith Helmet Liquidator,Monolith Liquidator (Casco),
nueva,item_Name_kap_combat_heavy_helmet_01_01_12,Monolith Helmet Tsunami,Monolith Tsunami (Casco),
nueva,item_Name_kap_combat_heavy_helmet_01_01_15,Monolith Helmet Sandhawk,Monolith Sandhawk (Casco),
nueva,item_Name_kap_combat_heavy_helmet_01_01_16,Monolith Helmet Serpentine,Monolith Serpentine (Casco),
nueva,"item_Name_kap_combat_heavy_helmet_01_02_01,P",Monolith Helmet Runic,Monolith Runic (Casco),
nueva,item_Name_kap_combat_heavy_helmet_01_03_01,Monolith Helmet Blackheart,Monolith Blackheart (Casco),
nueva,"item_Name_kap_combat_heavy_helmet_01_04_01,P",Monolith Helmet Shadowflux,Monolith Shadowflux (Casco),
nueva,item_Name_kap_combat_heavy_helmet_01_05_01,Monolith Helmet Silver Strike,Monolith Silver Strike (Casco),
nueva,item_Name_kap_combat_heavy_helmet_01_06_01,Monolith Helmet Oubliette,Monolith Oubliette (Casco),
nueva,item_Name_kap_combat_heavy_legs_01_01_01,Monolith Armor Legs,Monolith (Piernas),
nueva,"item_Name_kap_combat_heavy_legs_01_01_10,P",Monolith Armor Legs Liquidator,Monolith Liquidator (Piernas),
nueva,item_Name_kap_combat_heavy_legs_01_01_12,Monolith Armor Legs Tsunami,Monolith Tsunami (Piernas),
nueva,item_Name_kap_combat_heavy_legs_01_01_15,Monolith Armor Legs Sandhawk,Monolith Sandhawk (Piernas),
nueva,item_Name_kap_combat_heavy_legs_01_01_16,Monolith Armor Legs Serpentine,Monolith Serpentine (Piernas),
nueva,item_Name_kap_combat_heavy_legs_01_02_01,Monolith Armor Legs Runic,Monolith Runic (Piernas),
nueva,item_Name_kap_combat_heavy_legs_01_03_01,Monolith Armor Legs Blackheart,Monolith Blackheart (Piernas),
nueva,item_Name_kap_combat_heavy_legs_01_04_01,Monolith Armor Legs Shadowflux,Monolith Shadowflux (Piernas),
nueva,item_Name_kap_combat_heavy_legs_01_05_01,Monolith Armor Legs Silver Strike,Monolith Silver Strike (Piernas),
nueva,item_Name_kap_combat_heavy_legs_01_06_01,Monolith Armor Legs Oubliette,Monolith Oubliette (Piernas),
nueva,item_Name_nvs_jacket_03_03_01,Bobcat Bomber Jacket RSI,Chaqueta bomber Bobcat RSI,
nueva,item_Name_nvs_pilot_flightsuit_01_02_01,OMNI-AFS-Sapphire Armored Flight Suit Slate,Traje de Vuelo Blindado OMNI-AFS-Sapphire Slate,
nueva,item_Name_nvs_pilot_flightsuit_01_03_01,OMNI-AFS-Sapphire Armored Flight Suit Jungle,Traje de Vuelo Blindado OMNI-AFS-Sapphire Jungle,
nueva,item_Name_nvs_pilot_flightsuit_01_04_01,OMNI-AFS-Sapphire Armored Flight Suit Alpine,Traje de Vuelo Blindado OMNI-AFS-Sapphire Alpine,
nueva,item_Name_nvy_training_shirt_02_03_01,Li'tova Meditation T-Shirt,Camiseta de meditación Li'tova,
nueva,"item_Name_rrs_combat_heavy_backpack_05_02_01,P",Morozov-CH Backpack Kalahari,Morozov-CH Kalahari (Mochila),
nueva,"item_Name_rrs_combat_heavy_backpack_05_03_01,P",Morozov-CH Backpack Galvanic,Morozov-CH Galvanic (Mochila),
nueva,"item_Name_rrs_combat_heavy_backpack_05_04_01,P",Morozov-CH Backpack Headstone,Morozov-CH Headstone (Mochila),
nueva,"item_Name_rrs_specialist_heavy_arms_04_04_01,P",Morozov-SH-I Arms Kalahari,Morozov-SH-I Kalahari (Brazos),
nueva,"item_Name_rrs_specialist_heavy_arms_04_05_01,P",Morozov-SH-I Arms Galvanic,Morozov-SH-I Galvanic (Brazos),
nueva,"item_Name_rrs_specialist_heavy_arms_04_06_01,P",Morozov-SH-I Arms Headstone,Morozov-SH-I Headstone (Brazos),
nueva,"item_Name_rrs_specialist_heavy_core_05_02_01,P",Morozov-SH-I Core Kalahari,Morozov-SH-I Kalahari (Coraza),
nueva,"item_Name_rrs_specialist_heavy_core_05_03_01,P",Morozov-SH-I Core Galvanic,Morozov-SH-I Galvanic (Coraza),
nueva,"item_Name_rrs_specialist_heavy_core_05_04_01,P",Morozov-SH-I Core Headstone,Morozov-SH-I Headstone (Coraza),
nueva,"item_Name_rrs_specialist_heavy_helmet_05_02_01,P",Morozov-SH-I Helmet Kalahari,Morozov-SH-I Kalahari (Casco),
nueva,"item_Name_rrs_specialist_heavy_helmet_05_03_01,P",Morozov-SH-I Helmet Galvanic,Morozov-SH-I Galvanic (Casco),
nueva,"item_Name_rrs_specialist_heavy_helmet_05_04_01,P",Morozov-SH-I Helmet Headstone,Morozov-SH-I Headstone (Casco),
nueva,"item_Name_rrs_specialist_heavy_legs_05_02_01,P",Morozov-SH-I Legs Kalahari,Morozov-SH-I Kalahari (Piernas),
nueva,"item_Name_rrs_specialist_heavy_legs_05_03_01,P",Morozov-SH-I Legs Galvanic,Morozov-SH-I Galvanic (Piernas),
nueva,"item_Name_rrs_specialist_heavy_legs_05_04_01,P",Morozov-SH-I Legs Headstone,Morozov-SH-I Headstone (Piernas),
nueva,item_Name_rsi_explorer_armor_light_arms_01_02_01,Venture Arms Starwalker,Venture Starwalker (Brazos),
nueva,item_Name_rsi_explorer_armor_light_arms_01_03_01,Venture Arms Infrared,Venture Infrared (Brazos),
nueva,item_Name_rsi_explorer_armor_light_core_01_02_01,Venture Core Starwalker,Venture Starwalker (Coraza),
nueva,item_Name_rsi_explorer_armor_light_core_01_03_01,Venture Core Infrared,Venture Infrared (Coraza),
nueva,item_Name_rsi_explorer_armor_light_helmet_01_02_01,Venture Helmet Starwalker,Venture Starwalker (Casco),
nueva,item_Name_rsi_explorer_armor_light_helmet_01_03_01,Venture Helmet Infrared,Venture Infrared (Casco),
nueva,item_Name_rsi_explorer_armor_light_legs_01_02_01,Venture Legs Starwalker,Venture Starwalker (Piernas),
nueva,item_Name_rsi_explorer_armor_light_legs_01_03_01,Venture Legs Infrared,Venture Infrared (Piernas),
nueva,item_Name_rsi_explorer_undersuit_01_02_01,Venture Undersuit Starwalker,Undersuit Venture Starwalker,
nueva,item_Name_rsi_explorer_undersuit_01_03_01,Venture Undersuit Infrared,Undersuit Venture Infrared,
nueva,item_Name_rsi_utility_heavy_backpack_01_02_01,Zeus Exploration Backpack Keelback,Zeus Keelback (Mochila),
nueva,item_Name_rsi_utility_heavy_backpack_01_03_01,Zeus Exploration Backpack Echo,Zeus Echo (Mochila),
nueva,item_Name_rsi_utility_heavy_backpack_01_04_01,Zeus Exploration Backpack Glacier,Zeus Glacier (Mochila),
nueva,item_Name_rsi_utility_heavy_helmet_01_02_01,Zeus Exploration Helmet Keelback,Zeus Keelback (Casco),
nueva,item_Name_rsi_utility_heavy_helmet_01_03_01,Zeus Exploration Helmet Echo,Zeus Echo (Casco),
nueva,item_Name_rsi_utility_heavy_helmet_01_04_01,Zeus Exploration Helmet Glacier,Zeus Glacier (Casco),
nueva,item_Name_rsi_utility_heavy_suit_01_02_01,Zeus Exploration Suit Keelback,Traje de exploración Zeus Keelback,
nueva,item_Name_rsi_utility_heavy_suit_01_03_01,Zeus Exploration Suit Echo,Traje de exploración Zeus Echo,
nueva,item_Name_rsi_utility_heavy_suit_01_04_01,Zeus Exploration Suit Glacier,Traje de exploración Zeus Glacier,
nueva,item_Name_slaver_armor_medium_helmet_01_03_01,DustUp Helmet Skeleton,DustUp Skeleton (Casco),
nueva,"item_Name_vgl_backpack_heavy_01_13_01,P",PH - vgl_backpack_heavy_01_13_01,PH - vgl_backpack_heavy_01_13_01,
nueva,item_Namebehr_smg_ballistic_01_iasi,"P8-SC ""Echo"" SMG","SMG P8-SC ""Echo""",
nueva,item_Namebehr_smg_ballistic_01_iasi_short,P8-SC EC SMG,SMG P8-SC EC,
nueva,item_Namegmni_lmg_ballistic_01_collector02,"F55 ""Shadowflux"" LMG","LMG F55 ""Shadowflux""",
nueva,item_Namegmni_lmg_ballistic_01_collector02_short,F55 SF LMG,LMG F55 SF,
nueva,item_Namegmni_shotgun_ballistic_01_store01,"R97 ""Runic"" Shotgun","Escopeta R97 ""Runic""",
nueva,item_Namegmni_shotgun_ballistic_01_store01_short,R97 RC Shotgun,Escopeta R97 RC,
nueva,item_Namegrin_salvage_01_iasi,"Cambio-II ""Glacier"" SRT","Cambio-II ""Glacier"" SRT",
nueva,item_Namegrin_salvage_01_iasi_short,Cambio-II GC SRT,Cambio-II GC SRT,
nueva,item_Namegrin_tractor_01_iasi,"MaxLift-II ""Keelback"" Tractor Beam","Rayo tractor MaxLift-II ""Keelback""",
nueva,item_Namegrin_tractor_01_iasi_short,MaxLift-II KB Tractor,Tractor MaxLift-II KB,
nueva,item_Nameksar_shotgun_ballistic_01_store01,"Ravager-212 ""Infrared"" Twin Shotgun","Escopeta doble Ravager-212 ""Infrared""",
nueva,item_Nameksar_shotgun_ballistic_01_store01_short,Ravager IR Shotgun,Escopeta Ravager IR,
nueva,item_Namelbco_sniper_energy_01_store01,"Atzkav ""Starwalker"" Sniper Rifle","Rifle de francotirador Atzkav ""Starwalker""",
nueva,item_Namelbco_sniper_energy_01_store01_short,Atzkav SW Sniper,Francotirador Atzkav SW,
nueva,item_desc_FLBL_RSI_Aurora_Mk2_Handling,"Manufacturer: Broad & Rabiee\nType: Flight Blade\n\nUnlock the potential of your RSI Aurora Mk II with the PHB Flight Blade from Broad & Rabiee. By re-allocating forward thrust resources, you can expect your ship to deliver increased precision handling during tight maneuvers.","Fabricante: Broad & Rabiee\nTipo: Flight Blade\n\nLibera el potencial de tu RSI Aurora Mk II con la Flight Blade PHB de Broad & Rabiee. Al redistribuir los recursos de empuje frontal, puedes esperar que tu nave ofrezca un control más preciso durante maniobras cerradas.",
nueva,item_desc_FLBL_RSI_Aurora_Mk2_Speed,"Manufacturer: Broad & Rabiee\nType: Flight Blade\n\nUnlock the potential of your RSI Aurora Mk II with the TSB Flight Blade from Broad & Rabiee. By re-allocating lateral thrust resources, you can expect your ship to deliver increased top speeds in the straightaway.","Fabricante: Broad & Rabiee\nTipo: Flight Blade\n\nLibera el potencial de tu RSI Aurora Mk II con la Flight Blade TSB de Broad & Rabiee. Al redistribuir los recursos de empuje lateral, puedes esperar que tu nave ofrezca mayores velocidades máximas en tramos rectos.",
nueva,item_desc_FLBL_RSI_Aurora_Mk2_Standard,Manufacturer: Roberts Space Industries\nType: Flight Blade\n\nThis is the standard issue flight blade for the Aurora Mk II.,Fabricante: Roberts Space Industries\nTipo: Flight Blade\n\nEsta es la flight blade estándar del Aurora Mk II.,
nueva,item_desc_FLBL_RSI_Constellation_Andromeda_Handling,"Manufacturer: Broad & Rabiee\nType: Flight Blade\n\nUnlock the potential of your RSI Constellation Andromeda with the PHB Flight Blade from Broad & Rabiee. By re-allocating forward thrust resources, you can expect your ship to deliver increased precision handling during tight maneuvers.","Fabricante: Broad & Rabiee\nTipo: Flight Blade\n\nLibera el potencial de tu RSI Constellation Andromeda con la Flight Blade PHB de Broad & Rabiee. Al redistribuir los recursos de empuje frontal, puedes esperar que tu nave ofrezca un control más preciso durante maniobras cerradas.",
nueva,item_desc_FLBL_RSI_Constellation_Andromeda_Speed,"Manufacturer: Broad & Rabiee\nType: Flight Blade\n\nUnlock the potential of your RSI Constellation Andromeda with the TSB Flight Blade from Broad & Rabiee. By re-allocating lateral thrust resources, you can expect your ship to deliver increased top speeds in the straightaway.","Fabricante: Broad & Rabiee\nTipo: Flight Blade\n\nLibera el potencial de tu RSI Constellation Andromeda con la Flight Blade TSB de Broad & Rabiee. Al redistribuir los recursos de empuje lateral, puedes esperar que tu nave ofrezca mayores velocidades máximas en tramos rectos.",
nueva,item_desc_FLBL_RSI_Constellation_Andromeda_Standard,Manufacturer: Roberts Space Industries\nType: Flight Blade\n\nThis is the standard issue flight blade for the Constellation Andromeda.,Fabricante: Roberts Space Industries\nTipo: Flight Blade\n\nEsta es la flight blade estándar del Constellation Andromeda.,
nueva,item_desc_FLBL_RSI_Constellation_Aquila_Handling,"Manufacturer: Broad & Rabiee\nType: Flight Blade\n\nUnlock the potential of your RSI Constellation Aquila with the PHB Flight Blade from Broad & Rabiee. By re-allocating forward thrust resources, you can expect your ship to deliver increased precision handling during tight maneuvers.","Fabricante: Broad & Rabiee\nTipo: Flight Blade\n\nLibera el potencial de tu RSI Constellation Aquila con la Flight Blade PHB de Broad & Rabiee. Al redistribuir los recursos de empuje frontal, puedes esperar que tu nave ofrezca un control más preciso durante maniobras cerradas.",
nueva,item_desc_FLBL_RSI_Constellation_Aquila_Speed,"Manufacturer: Broad & Rabiee\nType: Flight Blade\n\nUnlock the potential of your RSI Constellation Aquila with the TSB Flight Blade from Broad & Rabiee. By re-allocating lateral thrust resources, you can expect your ship to deliver increased top speeds in the straightaway.","Fabricante: Broad & Rabiee\nTipo: Flight Blade\n\nLibera el potencial de tu RSI Constellation Aquila con la Flight Blade TSB de Broad & Rabiee. Al redistribuir los recursos de empuje lateral, puedes esperar que tu nave ofrezca mayores velocidades máximas en tramos rectos.",
nueva,item_desc_FLBL_RSI_Constellation_Aquila_Standard,Manufacturer: Roberts Space Industries\nType: Flight Blade\n\nThis is the standard issue flight blade for the Constellation Aquila.,Fabricante: Roberts Space Industries\nTipo: Flight Blade\n\nEsta es la flight blade estándar del Constellation Aquila.,
nueva,item_desc_FLBL_RSI_Constellation_Phoenix_Handling,"Manufacturer: Broad & Rabiee\nType: Flight Blade\n\nUnlock the potential of your RSI Constellation Phoenix with the PHB Flight Blade from Broad & Rabiee. By re-allocating forward thrust resources, you can expect your ship to deliver increased precision handling during tight maneuvers.","Fabricante: Broad & Rabiee\nTipo: Flight Blade\n\nLibera el potencial de tu RSI Constellation Phoenix con la Flight Blade PHB de Broad & Rabiee. Al redistribuir los recursos de empuje frontal, puedes esperar que tu nave ofrezca un control más preciso durante maniobras cerradas.",
nueva,item_desc_FLBL_RSI_Constellation_Phoenix_Speed,"Manufacturer: Broad & Rabiee\nType: Flight Blade\n\nUnlock the potential of your RSI Constellation Phoenix with the TSB Flight Blade from Broad & Rabiee. By re-allocating lateral thrust resources, you can expect your ship to deliver increased top speeds in the straightaway.","Fabricante: Broad & Rabiee\nTipo: Flight Blade\n\nLibera el potencial de tu RSI Constellation Phoenix con la Flight Blade TSB de Broad & Rabiee. Al redistribuir los recursos de empuje lateral, puedes esperar que tu nave ofrezca mayores velocidades máximas en tramos rectos.",
nueva,item_desc_FLBL_RSI_Constellation_Phoenix_Standard,Manufacturer: Roberts Space Industries\nType: Flight Blade\n\nThis is the standard issue flight blade for the Constellation Phoenix.,Fabricante: Roberts Space Industries\nTipo: Flight Blade\n\nEsta es la flight blade estándar del Constellation Phoenix.,
nueva,item_desc_FLBL_RSI_Constellation_Taurus_Handling,"Manufacturer: Broad & Rabiee\nType: Flight Blade\n\nUnlock the potential of your RSI Constellation Taurus with the PHB Flight Blade from Broad & Rabiee. By re-allocating forward thrust resources, you can expect your ship to deliver increased precision handling during tight maneuvers.","Fabricante: Broad & Rabiee\nTipo: Flight Blade\n\nLibera el potencial de tu RSI Constellation Taurus con la Flight Blade PHB de Broad & Rabiee. Al redistribuir los recursos de empuje frontal, puedes esperar que tu nave ofrezca un control más preciso durante maniobras cerradas.",
nueva,item_desc_FLBL_RSI_Constellation_Taurus_Speed,"Manufacturer: Broad & Rabiee\nType: Flight Blade\n\nUnlock the potential of your RSI Constellation Taurus with the TSB Flight Blade from Broad & Rabiee. By re-allocating lateral thrust resources, you can expect your ship to deliver increased top speeds in the straightaway.","Fabricante: Broad & Rabiee\nTipo: Flight Blade\n\nLibera el potencial de tu RSI Constellation Taurus con la Flight Blade TSB de Broad & Rabiee. Al redistribuir los recursos de empuje lateral, puedes esperar que tu nave ofrezca mayores velocidades máximas en tramos rectos.",
nueva,item_desc_FLBL_RSI_Constellation_Taurus_Standard,Manufacturer: Roberts Space Industries\nType: Flight Blade\n\nThis is the standard issue flight blade for the Constellation Taurus.,Fabricante: Roberts Space Industries\nTipo: Flight Blade\n\nEsta es la flight blade estándar del Constellation Taurus.,
nueva,item_desc_FLBL_RSI_Mantis_Handling,"Manufacturer: Broad & Rabiee\nType: Flight Blade\n\nUnlock the potential of your RSI Mantis with the PHB Flight Blade from Broad & Rabiee. By re-allocating forward thrust resources, you can expect your ship to deliver increased precision handling during tight maneuvers.","Fabricante: Broad & Rabiee\nTipo: Flight Blade\n\nLibera el potencial de tu RSI Mantis con la Flight Blade PHB de Broad & Rabiee. Al redistribuir los recursos de empuje frontal, puedes esperar que tu nave ofrezca un control más preciso durante maniobras cerradas.",
nueva,item_desc_FLBL_RSI_Mantis_Speed,"Manufacturer: Broad & Rabiee\nType: Flight Blade\n\nUnlock the potential of your RSI Mantis with the TSB Flight Blade from Broad & Rabiee. By re-allocating lateral thrust resources, you can expect your ship to deliver increased top speeds in the straightaway.","Fabricante: Broad & Rabiee\nTipo: Flight Blade\n\nLibera el potencial de tu RSI Mantis con la Flight Blade TSB de Broad & Rabiee. Al redistribuir los recursos de empuje lateral, puedes esperar que tu nave ofrezca mayores velocidades máximas en tramos rectos.",
nueva,item_desc_FLBL_RSI_Mantis_Standard,Manufacturer: Roberts Space Industries\nType: Flight Blade\n\nThis is the standard issue flight blade for the Mantis.,Fabricante: Roberts Space Industries\nTipo: Flight Blade\n\nEsta es la flight blade estándar del Mantis.,
nueva,item_desc_FLBL_RSI_Meteor_Handling,"Manufacturer: Broad & Rabiee\nType: Flight Blade\n\nUnlock the potential of your RSI Meteor with the PHB Flight Blade from Broad & Rabiee. By re-allocating forward thrust resources, you can expect your ship to deliver increased precision handling during tight maneuvers.","Fabricante: Broad & Rabiee\nTipo: Flight Blade\n\nLibera el potencial de tu RSI Meteor con la Flight Blade PHB de Broad & Rabiee. Al redistribuir los recursos de empuje frontal, puedes esperar que tu nave ofrezca un control más preciso durante maniobras cerradas.",
nueva,item_desc_FLBL_RSI_Meteor_Speed,"Manufacturer: Broad & Rabiee\nType: Flight Blade\n\nUnlock the potential of your RSI Meteor with the TSB Flight Blade from Broad & Rabiee. By re-allocating lateral thrust resources, you can expect your ship to deliver increased top speeds in the straightaway.","Fabricante: Broad & Rabiee\nTipo: Flight Blade\n\nLibera el potencial de tu RSI Meteor con la Flight Blade TSB de Broad & Rabiee. Al redistribuir los recursos de empuje lateral, puedes esperar que tu nave ofrezca mayores velocidades máximas en tramos rectos.",
nueva,item_desc_FLBL_RSI_Meteor_Standard,Manufacturer: Roberts Space Industries\nType: Flight Blade\n\nThis is the standard issue flight blade for the Meteor.,Fabricante: Roberts Space Industries\nTipo: Flight Blade\n\nEsta es la flight blade estándar del Meteor.,
nueva,item_desc_FLBL_RSI_Zeus_CL_Handling,"Manufacturer: Broad & Rabiee\nType: Flight Blade\n\nUnlock the potential of your RSI Zeus Mk II CL with the PHB Flight Blade from Broad & Rabiee. By re-allocating forward thrust resources, you can expect your ship to deliver increased precision handling during tight maneuvers.","Fabricante: Broad & Rabiee\nTipo: Flight Blade\n\nLibera el potencial de tu RSI Zeus Mk II CL con la Flight Blade PHB de Broad & Rabiee. Al redistribuir los recursos de empuje frontal, puedes esperar que tu nave ofrezca un control más preciso durante maniobras cerradas.",
nueva,item_desc_FLBL_RSI_Zeus_CL_Speed,"Manufacturer: Broad & Rabiee\nType: Flight Blade\n\nUnlock the potential of your RSI Zeus Mk II CL with the TSB Flight Blade from Broad & Rabiee. By re-allocating lateral thrust resources, you can expect your ship to deliver increased top speeds in the straightaway.","Fabricante: Broad & Rabiee\nTipo: Flight Blade\n\nLibera el potencial de tu RSI Zeus Mk II CL con la Flight Blade TSB de Broad & Rabiee. Al redistribuir los recursos de empuje lateral, puedes esperar que tu nave ofrezca mayores velocidades máximas en tramos rectos.",
nueva,item_desc_FLBL_RSI_Zeus_CL_Standard,Manufacturer: Roberts Space Industries\nType: Flight Blade\n\nThis is the standard issue flight blade for the Zeus Mk II CL.,Fabricante: Roberts Space Industries\nTipo: Flight Blade\n\nEsta es la flight blade estándar del Zeus Mk II CL.,
nueva,item_desc_FLBL_RSI_Zeus_ES_Handling,"Manufacturer: Broad & Rabiee\nType: Flight Blade\n\nUnlock the potential of your RSI Zeus Mk II ES with the PHB Flight Blade from Broad & Rabiee. By re-allocating forward thrust resources, you can expect your ship to deliver increased precision handling during tight maneuvers.","Fabricante: Broad & Rabiee\nTipo: Flight Blade\n\nLibera el potencial de tu RSI Zeus Mk II ES con la Flight Blade PHB de Broad & Rabiee. Al redistribuir los recursos de empuje frontal, puedes esperar que tu nave ofrezca un control más preciso durante maniobras cerradas.",
nueva,item_desc_FLBL_RSI_Zeus_ES_Speed,"Manufacturer: Broad & Rabiee\nType: Flight Blade\n\nUnlock the potential of your RSI Zeus Mk II ES with the TSB Flight Blade from Broad & Rabiee. By re-allocating lateral thrust resources, you can expect your ship to deliver increased top speeds in the straightaway.","Fabricante: Broad & Rabiee\nTipo: Flight Blade\n\nLibera el potencial de tu RSI Zeus Mk II ES con la Flight Blade TSB de Broad & Rabiee. Al redistribuir los recursos de empuje lateral, puedes esperar que tu nave ofrezca mayores velocidades máximas en tramos rectos.",
nueva,item_desc_FLBL_RSI_Zeus_ES_Standard,Manufacturer: Roberts Space Industries\nType: Flight Blade\n\nThis is the standard issue flight blade for the Zeus Mk II ES.,Fabricante: Roberts Space Industries\nTipo: Flight Blade\n\nEsta es la flight blade estándar del Zeus Mk II ES.,
nueva,item_name_FLBL_RSI_Aurora_Mk2_Handling,Aurora Mk II PHB Flight Blade,Flight Blade PHB de Aurora Mk II,
nueva,item_name_FLBL_RSI_Aurora_Mk2_Speed,Aurora Mk II TSB Flight Blade,Flight Blade TSB de Aurora Mk II,
nueva,item_name_FLBL_RSI_Aurora_Mk2_Standard,Aurora Mk II Standard Flight Blade,Flight Blade estándar de Aurora Mk II,
nueva,item_name_FLBL_RSI_Constellation_Andromeda_Handling,Constellation Mk IV Andromeda PHB Flight Blade,Flight Blade PHB de Constellation Mk IV Andromeda,
nueva,item_name_FLBL_RSI_Constellation_Andromeda_Speed,Constellation Mk IV Andromeda TSB Flight Blade,Flight Blade TSB de Constellation Mk IV Andromeda,
nueva,item_name_FLBL_RSI_Constellation_Andromeda_Standard,Constellation Mk IV Andromeda Standard Flight Blade,Flight Blade estándar de Constellation Mk IV Andromeda,
nueva,item_name_FLBL_RSI_Constellation_Aquila_Handling,Constellation Mk IV Aquila PHB Flight Blade,Flight Blade PHB de Constellation Mk IV Aquila,
nueva,item_name_FLBL_RSI_Constellation_Aquila_Speed,Constellation Mk IV Aquila TSB Flight Blade,Flight Blade TSB de Constellation Mk IV Aquila,
nueva,item_name_FLBL_RSI_Constellation_Aquila_Standard,Constellation Mk IV Aquila Standard Flight Blade,Flight Blade estándar de Constellation Mk IV Aquila,
nueva,item_name_FLBL_RSI_Constellation_Phoenix_Handling,Constellation Mk IV Phoenix PHB Flight Blade,Flight Blade PHB de Constellation Mk IV Phoenix,
nueva,item_name_FLBL_RSI_Constellation_Phoenix_Speed,Constellation Mk IV Phoenix TSB Flight Blade,Flight Blade TSB de Constellation Mk IV Phoenix,
nueva,item_name_FLBL_RSI_Constellation_Phoenix_Standard,Constellation Mk IV Phoenix Standard Flight Blade,Flight Blade estándar de Constellation Mk IV Phoenix,
nueva,item_name_FLBL_RSI_Constellation_Taurus_Handling,Constellation Mk IV Taurus PHB Flight Blade,Flight Blade PHB de Constellation Mk IV Taurus,
nueva,item_name_FLBL_RSI_Constellation_Taurus_Speed,Constellation Mk IV Taurus TSB Flight Blade,Flight Blade TSB de Constellation Mk IV Taurus,
nueva,item_name_FLBL_RSI_Constellation_Taurus_Standard,Constellation Mk IV Taurus Standard Flight Blade,Flight Blade estándar de Constellation Mk IV Taurus,
nueva,item_name_FLBL_RSI_Mantis_Handling,Mantis PHB Flight Blade,Flight Blade PHB de Mantis,
nueva,item_name_FLBL_RSI_Mantis_Speed,Mantis TSB Flight Blade,Flight Blade TSB de Mantis,
nueva,item_name_FLBL_RSI_Mantis_Standard,Mantis Standard Flight Blade,Flight Blade estándar de Mantis,
nueva,item_name_FLBL_RSI_Meteor_Handling,Meteor PHB Flight Blade,Flight Blade PHB de Meteor,
nueva,item_name_FLBL_RSI_Meteor_Speed,Meteor TSB Flight Blade,Flight Blade TSB de Meteor,
nueva,item_name_FLBL_RSI_Meteor_Standard,Meteor Standard Flight Blade,Flight Blade estándar de Meteor,
nueva,item_name_FLBL_RSI_Zeus_CL_Handling,Zeus Mk II CL PHB Flight Blade,Flight Blade PHB de Zeus Mk II CL,
nueva,item_name_FLBL_RSI_Zeus_CL_Speed,Zeus Mk II CL TSB Flight Blade,Flight Blade TSB de Zeus Mk II CL,
nueva,item_name_FLBL_RSI_Zeus_CL_Standard,Zeus Mk II CL Standard Flight Blade,Flight Blade estándar de Zeus Mk II CL,
nueva,item_name_FLBL_RSI_Zeus_ES_Handling,Zeus Mk II ES PHB Flight Blade,Flight Blade PHB de Zeus Mk II ES,
nueva,item_name_FLBL_RSI_Zeus_ES_Speed,Zeus Mk II ES TSB Flight Blade,Flight Blade TSB de Zeus Mk II ES,
nueva,item_name_FLBL_RSI_Zeus_ES_Standard,Zeus Mk II ES Standard Flight Blade,Flight Blade estándar de Zeus Mk II ES,
nueva,"sectorsweep_HoldPosition_Timer,P",Await Further Instruction ,Espere mas instrucciones,
nueva,"sectorsweep_PatrolPoint_Timer,P",Reach Patrol Area ,Llegar a la zona de patrulla ,
nueva,"sectorsweep_Rendevouz_Timer,P",Reach Rendezvous ,Llegar al punto de encuentro ,
nueva,vehicle_DescRSI_Constellation_Mk5_Andromeda,"Manufacturer: RSI\nFocus: Medium Freight / Gunship\n\nThe Constellation Mk V Centaurus reimages RSI's classic, versatile multi-crew ship for a new generation. Its bold new look honors the last-generation Constellation while updating the design to take advantage of the increased size to feature a larger crew mess and cargo bay. Bigger turrets and missiles racks provide additional defense, and an updated snub-fighter docking port is the perfect home for the RSI Skylark. Together these changes elevate the Mk V into a truly modern ship ready and raring to go on any adventure.","Fabricante: RSI\nEnfoque: Carga media / Cañonera\n\nLa Constellation Mk V Centaurus reinventa la clásica y versátil nave multitripulación de RSI para una nueva generación. Su audaz nuevo aspecto honra a la Constellation de la generación anterior y actualiza el diseño para aprovechar el mayor tamaño con un comedor de tripulación y una bodega de carga más grandes. Las torretas y los bastidores de misiles más grandes ofrecen defensa adicional, y un puerto de acoplamiento de cazas auxiliares actualizado es el hogar perfecto para la RSI Skylark. En conjunto, estos cambios elevan a la Mk V a una nave verdaderamente moderna, lista y con ganas de embarcarse en cualquier aventura.",
nueva,vehicle_DescRSI_Constellation_Mk5_Aquila,"Manufacturer: RSI\nFocus: Expedition\n\nThe Constellation Aquila Mk V reimages RSI's classic multi-crew explorer for a new generation. Its bold new look honors the original while updating the design to take advantage of the increased size to feature an enhanced component suite, individual rooms for crewmembers, a tier three medical bed, and a larger cargo bay. Bigger turrets and missiles racks provide additional defense, and an updated snub-fighter docking port is the perfect home for the RSI Skylark. Get ready to traverse distant frontiers in a truly modern ship, and discover for yourself why explorers love to captain the Aquila Mk V.","Fabricante: RSI\nEnfoque: Expedición\n\nLa Constellation Aquila Mk V reinventa el clásico explorador multitripulación de RSI para una nueva generación. Su audaz nuevo aspecto honra a la original y actualiza el diseño para aprovechar el mayor tamaño con un conjunto de componentes mejorado, habitaciones individuales para la tripulación, una cama médica de nivel tres y una bodega de carga más grande. Las torretas y los bastidores de misiles más grandes ofrecen defensa adicional, y un puerto de acoplamiento de cazas auxiliares actualizado es el hogar perfecto para la RSI Skylark. Prepárate para cruzar fronteras lejanas en una nave verdaderamente moderna y descubre por ti mismo por qué a los exploradores les encanta capitanear la Aquila Mk V.",
nueva,vehicle_DescRSI_Constellation_Mk5_Taurus,"Manufacturer: RSI\nFocus: Medium Freight\n\nThe Constellation Taurus Mk V reimages RSI's classic multi-crew freighter for a new generation. Its bold new look honors the original while updating the design to take advantage of the increased size to feature a larger crew mess and cargo bay. Bigger turrets and missiles racks provide additional defense, and an updated snub-fighter docking port is the perfect home for the RSI Skylark. Together these changes elevate the Taurus Mk V into a truly modern ship ready to help traders make their mark in the 'verse.","Fabricante: RSI\nEnfoque: Carga media\n\nLa Constellation Taurus Mk V reinventa el clásico carguero multitripulación de RSI para una nueva generación. Su audaz nuevo aspecto honra a la original y actualiza el diseño para aprovechar el mayor tamaño con un comedor de tripulación y una bodega de carga más grandes. Las torretas y los bastidores de misiles más grandes ofrecen defensa adicional, y un puerto de acoplamiento de cazas auxiliares actualizado es el hogar perfecto para la RSI Skylark. En conjunto, estos cambios elevan a la Taurus Mk V a una nave verdaderamente moderna, lista para ayudar a los comerciantes a dejar su huella en el 'verso.",
nueva,vehicle_DescRSI_Skylark,"Manufacturer: RSI\nFocus: Snub Fighter\n\nThe Skylark snub fighter was built to be the ultimate companion for the Constellation Mk V. With a complimentary style and shape, the Skylark can be docked and accessed directly from its parent ship. It also features highly maneuverable thrusters to keep it nimble and a spirited weapons package that includes a robust missile payload.","Fabricante: RSI\nEnfoque: Caza auxiliar\n\nEl caza auxiliar Skylark fue construido para ser el compañero definitivo de la Constellation Mk V. Con un estilo y una forma complementarios, el Skylark puede acoplarse y accederse directamente desde su nave nodriza. También cuenta con propulsores muy maniobrables que lo mantienen ágil y un enérgico paquete de armas que incluye una robusta carga de misiles.",
nueva,vehicle_NameRSI_Constellation_Mk5_Andromeda,RSI Constellation Mk V Centaurus,RSI Constellation Mk V Centaurus,
nueva,vehicle_NameRSI_Constellation_Mk5_Andromeda_short,Constelltn. MkV Cntr,Constelltn. MkV Cntr,
nueva,vehicle_NameRSI_Constellation_Mk5_Aquila,RSI Constellation Mk V Aquila,RSI Constellation Mk V Aquila,
nueva,vehicle_NameRSI_Constellation_Mk5_Aquila_short,Consteltn. MkV Aq.,Consteltn. MkV Aq.,
nueva,vehicle_NameRSI_Constellation_Mk5_Taurus,RSI Constellation Mk V Taurus,RSI Constellation Mk V Taurus,
nueva,vehicle_NameRSI_Constellation_Mk5_Taurus_short,Constelltn. MkV Tau.,Constelltn. MkV Tau.,
nueva,vehicle_NameRSI_Skylark,RSI Skylark,RSI Skylark,
nueva,vehicle_NameRSI_Skylark_short,Skylark,Skylark,
cambiada,"BHG_Certification_Super_Desc,P","--------------------------------------------------------\n----------------- BOUNTY CONTRACT -----------------\n--------------------------------------------------------\n\nBOUNTY HUNTERS GUILD\nPROCESSING & DISTRIBUTION\n\nThe Bounty Hunters Guild has authorized an official bounty.\n\nNAME: ~mission(TargetName) \nSYSTEM: ~mission(System) \nRISK ASSESSMENT: Extreme\nLAST KNOWN LOCATION: ~mission(Location)\nKNOWN AFFILIATIONS: <None>\nNOTES: As acknowledgment of your expertise in the craft, the Bounty Hunters Guild would like to offer you the chance to earn a Master Tracker License.\n\nThis license would signify that you are qualified to track and apprehend Extreme-Risk Targets (ERT). These are criminals who travel in powerful ships with heavy escorts. This class of bounty only gets assigned to the most experienced of trackers.\n\nTo successfully complete this certification process, you must apprehend an ERT ranked criminal by the name of <EM4>~mission(TargetName)</EM4> last seen at <EM4>~mission(Location|Address)</EM4>.\n\n\nBOUNTY HUNTERS GUILD\nIn Pursuit of Justice\n\nThe Bounty Hunters Guild is a security service sanctioned by the Mercenary Guild and authorized to operate in both the UEE and beyond in accordance with Xenotrade Authority Acts.\n\n<EM4>Reputation Awarded:</EM4> 50","--------------------------------------------------------\n----------------- CONTRATO DE RECOMPENSA -----------------\n--------------------------------------------------------\n\nBOUNTY HUNTERS GUILD\nPROCESAMIENTO Y DISTRIBUCIÓN\n\nLa Bounty Hunters Guild ha autorizado una recompensa oficial.\n\nNOMBRE: ~mission(TargetName) \nSISTEMA: ~mission(System) \nEVALUACIÓN DE RIESGO: Extremo\nÚLTIMA UBICACIÓN CONOCIDA: ~mission(Location)\nAFILIACIONES CONOCIDAS: <Ninguna>\nNOTAS: Como reconocimiento a tu experiencia en el oficio, la Bounty Hunters Guild desea ofrecerte la oportunidad de obtener una Licencia de Rastreador Maestro.\n\nEsta licencia significaría que estás cualificado para rastrear y capturar objetivos de riesgo extremo (ERT). Se trata de criminales que viajan en naves potentes con escoltas pesados. Esta clase de recompensa solo se asigna a los rastreadores más experimentados.\n\nPara completar con éxito este proceso de certificación, debes capturar a un criminal clasificado como ERT llamado <EM4>~mission(TargetName)</EM4> visto por última vez en <EM4>~mission(Location|Address)</EM4>.\n\n\nBOUNTY HUNTERS GUILD\nEn busca de la justicia\n\nLa Bounty Hunters Guild es un servicio de seguridad autorizado por la Mercenary Guild y autorizado para operar tanto en la UEE como más allá, de acuerdo con los Xenotrade Authority Acts.\n\n<EM3>DETALLES DE MISION</EM3>\n<EM4>Tipo de encuentro:</EM4> Nave\n<EM4>Tipo de misión:</EM4> Única\n<EM4>Rep:</EM4> 50","--------------------------------------------------------\n----------------- CONTRATO DE RECOMPENSA -----------------\n--------------------------------------------------------\n\nBOUNTY HUNTERS GUILD\nPROCESAMIENTO Y DISTRIBUCIÓN\n\nLa Bounty Hunters Guild ha autorizado una recompensa oficial.\n\nNOMBRE: ~mission(TargetName) \nSISTEMA: ~mission(System) \nEVALUACIÓN DE RIESGO: Extremo\nÚLTIMA UBICACIÓN CONOCIDA: ~mission(Location)\nAFILIACIONES CONOCIDAS: <Ninguna>\nNOTAS: Como reconocimiento a tu experiencia en el oficio, la Bounty Hunters Guild desea ofrecerte la oportunidad de obtener una Licencia de Rastreador Maestro.\n\nEsta licencia significaría que estás cualificado para rastrear y capturar objetivos de riesgo extremo (ERT). Se trata de criminales que viajan en naves subcapitales con escoltas pesados. Esta clase de recompensa solo se asigna a los rastreadores más experimentados.\n\nPara completar con éxito este proceso de certificación, debes capturar a un criminal clasificado como ERT llamado <EM4>~mission(TargetName)</EM4> visto por última vez en <EM4>~mission(Location|Address)</EM4>.\n\n\nBOUNTY HUNTERS GUILD\nEn busca de la justicia\n\nLa Bounty Hunters Guild es un servicio de seguridad autorizado por la Mercenary Guild y autorizado para operar tanto en la UEE como más allá, de acuerdo con los Xenotrade Authority Acts.\n\n<EM3>DETALLES DE MISION</EM3>\n<EM4>Tipo de encuentro:</EM4> Nave\n<EM4>Tipo de misión:</EM4> Única\n<EM4>Rep:</EM4> 50"
cambiada,Foxwell_EliminateAll_Allies_desc_001,"Got word that outlaws are attempting to overrun <EM4>~mission(Location|Address)</EM4>. There’s local security forces there, but they’re struggling to stop that attack.\n\nNeed a contractor to hustle there and help take care of the aggressors. Bring plenty of gear, and be careful when engaging targets. Don’t want to hear about any security team members getting caught in your crossfire.    \n\n\nEugene Walton\nFoxwell Enforcement\n'Security, Your Way'\n\nFoxwell Enforcement is a bonded security specialist licensed to operate throughout the UEE. We are always looking for new operators to join our family. If you or anyone you know is interested, please reach out to one of our contract representatives.\n\n<EM4>Reputation Awarded:</EM4> 100\n\n<EM4>Potential Blueprints</EM4>\n<EM4>Awarded from Jr. Contractor level variants</EM4>\n- Antium Helmet Jet\n- Antium Core Maroon\n- Antium Legs Maroon\n- Antium Helmet Maroon\n- Antium Helmet Moss Camo\n- Antium Arms Moss Camo\n- Antium Core Moss Camo\n- Antium Legs Moss Camo\n","Nos informaron que un grupo de forajidos está intentando tomar el control de <EM4>~mission(Location|Address)</EM4>. Hay fuerzas de seguridad locales en el lugar, pero están teniendo dificultades para detener el ataque.\n\nNecesitamos un contratista que se dirija allí de inmediato y ayude a eliminar a los agresores. Lleva suficiente equipo y ten cuidado al enfrentarte a los objetivos. No queremos recibir informes de que miembros del equipo de seguridad hayan caído por fuego amigo.\n\n\nEugene Walton\nFoxwell Enforcement\n'Seguridad, a tu manera'\n\nFoxwell Enforcement es un especialista en seguridad acreditado con licencia para operar en toda la UEE. Siempre estamos buscando nuevos operadores para unirse a nuestra familia. Si tú o alguien que conoces está interesado, comunícate con uno de nuestros representantes de contratos.\n\n<EM3>BLUEPRINTS POTENCIALES</EM3>\n- Antium Jet (Casco)\n- Antium Moss Camo (Brazos)\n- Antium Maroon (Coraza)\n- Antium Moss Camo (Coraza)\n- Antium Maroon (Casco)\n- Antium Camo Musgo (Casco)\n- Pantalones Antium Maroon\n- Pantalones Antium Camo Musgo\n\n<EM3>DETALLES DE MISION</EM3>\n<EM4>Tipo de misión:</EM4> Cadena\n<EM4>Dificultad (1-7):</EM4> Combate 3/7 | Complejidad 3/7 | Riesgo 3/7 | Conocimiento 3/7\n<EM4>Hostiles:</EM4> Atacantes x10, Defensores x4, Hostiles x5\n<EM4>Contratista Jr.:</EM4> 100 Rep (Contratista)\n<EM4>Recompensa de blueprint:</EM4> Garantizado","Nos informaron que un grupo de forajidos está intentando tomar el control de <EM4>~mission(Location|Address)</EM4>. Hay fuerzas de seguridad locales en el lugar, pero están teniendo dificultades para detener el ataque.\n\nNecesitamos un contratista que se dirija allí de inmediato y ayude a eliminar a los agresores. Lleva suficiente equipo y ten cuidado al enfrentarte a los objetivos. No queremos recibir informes de que miembros del equipo de seguridad hayan caído por fuego amigo.\n\n\nEugene Walton\nFoxwell Enforcement\n'Seguridad, a tu manera'\n\nFoxwell Enforcement es un especialista en seguridad acreditado con licencia para operar en toda la UEE. Siempre estamos buscando nuevos operadores para unirse a nuestra familia. Si tú o alguien que conoces está interesado, comunícate con uno de nuestros representantes de contratos.\n\n<EM3>BLUEPRINTS POTENCIALES</EM3>\n- Antium Maroon (Brazos)\n- Antium Moss Camo (Brazos)\n- Antium Maroon (Coraza)\n- Antium Moss Camo (Coraza)\n- Antium Maroon (Casco)\n- Antium Camo Musgo (Casco)\n- Pantalones Antium Maroon\n- Pantalones Antium Camo Musgo\n\n<EM3>DETALLES DE MISION</EM3>\n<EM4>Tipo de misión:</EM4> Cadena\n<EM4>Dificultad (1-7):</EM4> Combate 3/7 | Complejidad 3/7 | Riesgo 3/7 | Conocimiento 3/7\n<EM4>Hostiles:</EM4> Atacantes x10, Defensores x4, Hostiles x5\n<EM4>Contratista Jr.:</EM4> 100 Rep (Contratista)\n<EM4>Recompensa de blueprint:</EM4> Garantizado"
cambiada,Foxwell_EliminateAll_NonHostiles_desc_001,"We’ve been contracted to take care of a delicate situation. A gang has settled into <EM4>~mission(Location|Address)</EM4> that we need to get cleared out. Only issue is that there’s still some civilians there too. \n\nLooking for someone with the skills and good trigger sense to get rid of those outlaws without harming any innocent people. If that’s you, grab your gear and get over there. \n\n\nEugene Walton\nFoxwell Enforcement\n'Security, Your Way'\n\nFoxwell Enforcement is a bonded security specialist licensed to operate throughout the UEE. We are always looking for new operators to join our family. If you or anyone you know is interested, please reach out to one of our contract representatives.\n\n<EM4>Reputation Awarded:</EM4> 200\n\n<EM4>Potential Blueprints</EM4>\n<EM4>Awarded from Sr. Contractor level variants</EM4>\n- Antium Helmet Jet\n- Antium Core Maroon\n- Antium Legs Maroon\n- Antium Helmet Maroon\n- Antium Helmet Moss Camo\n- Antium Arms Moss Camo\n- Antium Core Moss Camo\n- Antium Legs Moss Camo\n","Nos han contratado para manejar una situación delicada. Una banda se ha asentado en <EM4>~mission(Location|Address)</EM4> y necesitamos despejar la zona. El único problema es que aún hay civiles en el lugar.\n\nBuscamos a alguien con las habilidades y el buen criterio para eliminar a los forajidos sin dañar a ningún inocente. Si crees que puedes hacerlo, toma tu equipo y dirígete allí.\n\n\nEugene Walton\nFoxwell Enforcement\n'Seguridad, a tu manera'\n\nFoxwell Enforcement es un especialista en seguridad acreditado con licencia para operar en toda la UEE. Siempre estamos buscando nuevos operadores para unirse a nuestra familia. Si tú o alguien que conoces está interesado, comunícate con uno de nuestros representantes de contratos.\n\n<EM3>BLUEPRINTS POTENCIALES</EM3>\n- Antium Jet (Casco)\n- Antium Moss Camo (Brazos)\n- Antium Maroon (Coraza)\n- Antium Moss Camo (Coraza)\n- Antium Maroon (Casco)\n- Antium Camo Musgo (Casco)\n- Pantalones Antium Maroon\n- Pantalones Antium Camo Musgo\n\n<EM3>DETALLES DE MISION</EM3>\n<EM4>Tipo de misión:</EM4> Cadena\n<EM4>Dificultad (1-7):</EM4> Combate 3/7 | Complejidad 4/7 | Riesgo 3/7 | Conocimiento 3/7\n<EM4>Hostiles:</EM4> Hostiles x13\n<EM4>Aliados:</EM4> Civiles x4\n<EM4>Contratista Sr.:</EM4> 200 Rep (Contratista)\n<EM4>Recompensa de blueprint:</EM4> Garantizado","Nos han contratado para manejar una situación delicada. Una banda se ha asentado en <EM4>~mission(Location|Address)</EM4> y necesitamos despejar la zona. El único problema es que aún hay civiles en el lugar.\n\nBuscamos a alguien con las habilidades y el buen criterio para eliminar a los forajidos sin dañar a ningún inocente. Si crees que puedes hacerlo, toma tu equipo y dirígete allí.\n\n\nEugene Walton\nFoxwell Enforcement\n'Seguridad, a tu manera'\n\nFoxwell Enforcement es un especialista en seguridad acreditado con licencia para operar en toda la UEE. Siempre estamos buscando nuevos operadores para unirse a nuestra familia. Si tú o alguien que conoces está interesado, comunícate con uno de nuestros representantes de contratos.\n\n<EM3>BLUEPRINTS POTENCIALES</EM3>\n- Antium Maroon (Brazos)\n- Antium Moss Camo (Brazos)\n- Antium Maroon (Coraza)\n- Antium Moss Camo (Coraza)\n- Antium Maroon (Casco)\n- Antium Camo Musgo (Casco)\n- Pantalones Antium Maroon\n- Pantalones Antium Camo Musgo\n\n<EM3>DETALLES DE MISION</EM3>\n<EM4>Tipo de misión:</EM4> Cadena\n<EM4>Dificultad (1-7):</EM4> Combate 3/7 | Complejidad 4/7 | Riesgo 3/7 | Conocimiento 3/7\n<EM4>Hostiles:</EM4> Hostiles x13\n<EM4>Aliados:</EM4> Civiles x4\n<EM4>Contratista Sr.:</EM4> 200 Rep (Contratista)\n<EM4>Recompensa de blueprint:</EM4> Garantizado"
cambiada,Foxwell_EliminateAll_OLP_M_desc_001,"We’ve been following a group of outlaws on behalf of a client, and it looks like they’ve taken a permanent pit stop on an old orbital platform. \n\nWe’re looking for a contractor who can head over to <EM4>~mission(Location|Address)</EM4> and neutralize the targets. The platform is crawling with a bunch of armed and dangerous thugs, so we’ve designated this a yellow level contract.\n\n\nEugene Walton\nFoxwell Enforcement\n'Security, Your Way'\n\nFoxwell Enforcement is a bonded security specialist licensed to operate throughout the UEE. We are always looking for new operators to join our family. If you or anyone you know is interested, please reach out to one of our contract representatives.\n\n<EM4>Reputation Awarded:</EM4> 100\n\n<EM4>Potential Blueprints</EM4>\n<EM4>Awarded from Neutral level variants</EM4>\n- Antium Helmet Jet\n- Antium Core Maroon\n- Antium Legs Maroon\n- Antium Helmet Maroon\n- Antium Helmet Moss Camo\n- Antium Arms Moss Camo\n- Antium Core Moss Camo\n- Antium Legs Moss Camo\n","Hemos estado siguiendo a un grupo de forajidos en nombre de un cliente, y parece que han hecho una parada permanente en una antigua plataforma orbital. \n\nEstamos buscando un contratista que pueda dirigirse a <EM4>~mission(Location|Address)</EM4> y neutralizar los objetivos. La plataforma está infestada de matones armados y peligrosos, por lo que hemos designado esto como un contrato de nivel amarillo.\n\n\nEugene Walton\nFoxwell Enforcement\n""Seguridad, a tu manera""\n\nFoxwell Enforcement es un especialista en seguridad acreditado con licencia para operar en toda la UEE. Siempre estamos buscando nuevos operadores para unirse a nuestra familia. Si tú o alguien que conoces está interesado, comunícate con uno de nuestros representantes de contratos.\n\n<EM3>BLUEPRINTS POTENCIALES</EM3>\n- Antium Jet (Casco)\n- Antium Moss Camo (Brazos)\n- Antium Maroon (Coraza)\n- Antium Moss Camo (Coraza)\n- Antium Maroon (Casco)\n- Antium Camo Musgo (Casco)\n- Pantalones Antium Maroon\n- Pantalones Antium Camo Musgo\n\n<EM3>DETALLES DE MISION</EM3>\n<EM4>Tipo de misión:</EM4> Cadena\n<EM4>Dificultad (1-7):</EM4> Combate 3/7 | Complejidad 3/7 | Riesgo 3/7 | Conocimiento 3/7\n<EM4>Neutro:</EM4> 100 Rep\n<EM4>Recompensa de blueprint:</EM4> Garantizado","Hemos estado siguiendo a un grupo de forajidos en nombre de un cliente, y parece que han hecho una parada permanente en una antigua plataforma orbital. \n\nEstamos buscando un contratista que pueda dirigirse a <EM4>~mission(Location|Address)</EM4> y neutralizar los objetivos. La plataforma está infestada de matones armados y peligrosos, por lo que hemos designado esto como un contrato de nivel amarillo.\n\n\nEugene Walton\nFoxwell Enforcement\n""Seguridad, a tu manera""\n\nFoxwell Enforcement es un especialista en seguridad acreditado con licencia para operar en toda la UEE. Siempre estamos buscando nuevos operadores para unirse a nuestra familia. Si tú o alguien que conoces está interesado, comunícate con uno de nuestros representantes de contratos.\n\n<EM3>BLUEPRINTS POTENCIALES</EM3>\n- Antium Maroon (Brazos)\n- Antium Moss Camo (Brazos)\n- Antium Maroon (Coraza)\n- Antium Moss Camo (Coraza)\n- Antium Maroon (Casco)\n- Antium Camo Musgo (Casco)\n- Pantalones Antium Maroon\n- Pantalones Antium Camo Musgo\n\n<EM3>DETALLES DE MISION</EM3>\n<EM4>Tipo de misión:</EM4> Cadena\n<EM4>Dificultad (1-7):</EM4> Combate 3/7 | Complejidad 3/7 | Riesgo 3/7 | Conocimiento 3/7\n<EM4>Neutro:</EM4> 100 Rep\n<EM4>Recompensa de blueprint:</EM4> Garantizado"
cambiada,Foxwell_EliminateAll_PAF_M_desc_001,"We’ve been tracking a group of outlaws who’ve been causing trouble for one of our clients. Seems they’ve taken up residence at an old Hathor facility. Don’t know what their plans with that old facility are but our client is eager to have them taken care of.\n\nLooking for someone to go to <EM4>~mission(Location|Address)</EM4> and neutralize these targets.\n\n\nEugene Walton\nFoxwell Enforcement\n'Security, Your Way'\n\nFoxwell Enforcement is a bonded security specialist licensed to operate throughout the UEE. We are always looking for new operators to join our family. If you or anyone you know is interested, please reach out to one of our contract representatives.\n\n<EM4>Reputation Awarded:</EM4> 100\n\n<EM4>Potential Blueprints</EM4>\n<EM4>Awarded from Neutral level variants</EM4>\n- Antium Helmet Jet\n- Antium Core Maroon\n- Antium Legs Maroon\n- Antium Helmet Maroon\n- Antium Helmet Moss Camo\n- Antium Arms Moss Camo\n- Antium Core Moss Camo\n- Antium Legs Moss Camo\n","Hemos estado rastreando a un grupo de forajidos que han estado causando problemas a uno de nuestros clientes. Parece que se han instalado en una antigua instalación de Hathor. No sabemos cuáles son sus planes con esa vieja instalación, pero nuestro cliente está ansioso por deshacerse de ellos.\n\nBuscamos a alguien que vaya a <EM4>~mission(Location|Address)</EM4> y neutralice estos objetivos.\n\n\nEugene Walton\nFoxwell Enforcement\n""Seguridad, a tu manera""\n\nFoxwell Enforcement es un especialista en seguridad acreditado con licencia para operar en toda la UEE. Siempre estamos buscando nuevos operadores para unirse a nuestra familia. Si tú o alguien que conoces está interesado, comunícate con uno de nuestros representantes de contratos.\n\n<EM3>BLUEPRINTS POTENCIALES</EM3>\n- Antium Jet (Casco)\n- Antium Moss Camo (Brazos)\n- Antium Maroon (Coraza)\n- Antium Moss Camo (Coraza)\n- Antium Maroon (Casco)\n- Antium Camo Musgo (Casco)\n- Pantalones Antium Maroon\n- Pantalones Antium Camo Musgo\n\n<EM3>DETALLES DE MISION</EM3>\n<EM4>Tipo de misión:</EM4> Cadena\n<EM4>Dificultad (1-7):</EM4> Combate 3/7 | Complejidad 3/7 | Riesgo 3/7 | Conocimiento 3/7\n<EM4>Neutro:</EM4> 100 Rep\n<EM4>Recompensa de blueprint:</EM4> Garantizado","Hemos estado rastreando a un grupo de forajidos que han estado causando problemas a uno de nuestros clientes. Parece que se han instalado en una antigua instalación de Hathor. No sabemos cuáles son sus planes con esa vieja instalación, pero nuestro cliente está ansioso por deshacerse de ellos.\n\nBuscamos a alguien que vaya a <EM4>~mission(Location|Address)</EM4> y neutralice estos objetivos.\n\n\nEugene Walton\nFoxwell Enforcement\n""Seguridad, a tu manera""\n\nFoxwell Enforcement es un especialista en seguridad acreditado con licencia para operar en toda la UEE. Siempre estamos buscando nuevos operadores para unirse a nuestra familia. Si tú o alguien que conoces está interesado, comunícate con uno de nuestros representantes de contratos.\n\n<EM3>BLUEPRINTS POTENCIALES</EM3>\n- Antium Maroon (Brazos)\n- Antium Moss Camo (Brazos)\n- Antium Maroon (Coraza)\n- Antium Moss Camo (Coraza)\n- Antium Maroon (Casco)\n- Antium Camo Musgo (Casco)\n- Pantalones Antium Maroon\n- Pantalones Antium Camo Musgo\n\n<EM3>DETALLES DE MISION</EM3>\n<EM4>Tipo de misión:</EM4> Cadena\n<EM4>Dificultad (1-7):</EM4> Combate 3/7 | Complejidad 3/7 | Riesgo 3/7 | Conocimiento 3/7\n<EM4>Neutro:</EM4> 100 Rep\n<EM4>Recompensa de blueprint:</EM4> Garantizado"
cambiada,Foxwell_EliminateAll_desc_001,"Looking for someone willing to take out the trash at <EM4>~mission(Location|Address)</EM4>. Guess a gang has settled in without the permission of the owners. So they’ve hired us to get them out whatever way we see fit. \n\nI’d bring plenty of ammo, if I were you. Doubt they’ll want to leave willingly. \n\n\nEugene Walton\nFoxwell Enforcement\n'Security, Your Way'\n\nFoxwell Enforcement is a bonded security specialist licensed to operate throughout the UEE. We are always looking for new operators to join our family. If you or anyone you know is interested, please reach out to one of our contract representatives.\n\n<EM4>Reputation Awarded:</EM4> 150\n\n<EM4>Potential Blueprints</EM4>\n<EM4>Awarded from Contractor level variants</EM4>\n- Antium Helmet Jet\n- Antium Core Maroon\n- Antium Legs Maroon\n- Antium Helmet Maroon\n- Antium Helmet Moss Camo\n- Antium Arms Moss Camo\n- Antium Core Moss Camo\n- Antium Legs Moss Camo\n","Buscamos a alguien dispuesto a deshacerse de la basura en <EM4>~mission(Location|Address)</EM4>. Parece que una banda se ha instalado sin el permiso de los propietarios. Así que nos han contratado para sacarlos de allí por cualquier medio que consideremos necesario. \n\nYo llevaría munición de sobra si fuera tú. Dudo que quieran irse por las buenas. \n\n\nEugene Walton\nFoxwell Enforcement\n""Seguridad, a tu manera""\n\nFoxwell Enforcement es un especialista en seguridad acreditado con licencia para operar en toda la UEE. Siempre estamos buscando nuevos operadores para unirse a nuestra familia. Si tú o alguien que conoces está interesado, comunícate con uno de nuestros representantes de contratos.\n\n<EM3>BLUEPRINTS POTENCIALES</EM3>\n- Antium Jet (Casco)\n- Antium Moss Camo (Brazos)\n- Antium Maroon (Coraza)\n- Antium Moss Camo (Coraza)\n- Antium Maroon (Casco)\n- Antium Camo Musgo (Casco)\n- Pantalones Antium Maroon\n- Pantalones Antium Camo Musgo\n\n<EM3>DETALLES DE MISION</EM3>\n<EM4>Tipo de misión:</EM4> Cadena\n<EM4>Dificultad (1-7):</EM4> Combate 3/7 | Complejidad 3/7 | Riesgo 3/7 | Conocimiento 3/7\n<EM4>Hostiles:</EM4> Juggernauts x1, Francotiradores x5, Soldados x12\n<EM4>Contratista:</EM4> 150 Rep\n<EM4>Recompensa de blueprint:</EM4> Garantizado","Buscamos a alguien dispuesto a deshacerse de la basura en <EM4>~mission(Location|Address)</EM4>. Parece que una banda se ha instalado sin el permiso de los propietarios. Así que nos han contratado para sacarlos de allí por cualquier medio que consideremos necesario. \n\nYo llevaría munición de sobra si fuera tú. Dudo que quieran irse por las buenas. \n\n\nEugene Walton\nFoxwell Enforcement\n""Seguridad, a tu manera""\n\nFoxwell Enforcement es un especialista en seguridad acreditado con licencia para operar en toda la UEE. Siempre estamos buscando nuevos operadores para unirse a nuestra familia. Si tú o alguien que conoces está interesado, comunícate con uno de nuestros representantes de contratos.\n\n<EM3>BLUEPRINTS POTENCIALES</EM3>\n- Antium Maroon (Brazos)\n- Antium Moss Camo (Brazos)\n- Antium Maroon (Coraza)\n- Antium Moss Camo (Coraza)\n- Antium Maroon (Casco)\n- Antium Camo Musgo (Casco)\n- Pantalones Antium Maroon\n- Pantalones Antium Camo Musgo\n\n<EM3>DETALLES DE MISION</EM3>\n<EM4>Tipo de misión:</EM4> Cadena\n<EM4>Dificultad (1-7):</EM4> Combate 3/7 | Complejidad 3/7 | Riesgo 3/7 | Conocimiento 3/7\n<EM4>Hostiles:</EM4> Juggernauts x1, Francotiradores x5, Soldados x12\n<EM4>Contratista:</EM4> 150 Rep\n<EM4>Recompensa de blueprint:</EM4> Garantizado"
cambiada,Foxwell_EliminateSpecific_NonHostiles_desc_001,"Got a line on a bounty named <EM4>~mission(TargetName)</EM4>. Someone spotted them along with known criminal accomplices at <EM4>~mission(Location|Address)</EM4>. Need you to get there before they get going. \n\n<EM4>~mission(TargetName|Last)</EM4> has a reputation for only showing their face in places with civs. Really need you to take down this bounty without there being any civilian collateral damage. Foxwell can’t afford to be caught in the shitstorm that would erupt over the loss of innocent life. \n\n\nEugene Walton\nFoxwell Enforcement\n'Security, Your Way'\n\nFoxwell Enforcement is a bonded security specialist licensed to operate throughout the UEE. We are always looking for new operators to join our family. If you or anyone you know is interested, please reach out to one of our contract representatives.\n\n<EM4>Reputation Awarded:</EM4> 100\n\n<EM4>Potential Blueprints</EM4>\n<EM4>Awarded from Jr. Contractor level variants</EM4>\n- Antium Helmet Jet\n- Antium Core Maroon\n- Antium Legs Maroon\n- Antium Helmet Maroon\n- Antium Helmet Moss Camo\n- Antium Arms Moss Camo\n- Antium Core Moss Camo\n- Antium Legs Moss Camo\n","Tenemos información sobre un objetivo con recompensa llamado <EM4>~mission(TargetName)</EM4>. Alguien lo vio junto con conocidos cómplices criminales en <EM4>~mission(Location|Address)</EM4>. Necesitamos que llegues antes de que se escapen. \n\n<EM4>~mission(TargetName|Last)</EM4> tiene fama de solo dejarse ver en lugares con civiles. Realmente necesitamos que elimines a este objetivo sin causar daños colaterales a civiles. Foxwell no puede permitirse verse atrapado en la tormenta que se desataría por la pérdida de vidas inocentes. \n\n\nEugene Walton\nFoxwell Enforcement\n""Seguridad, a tu manera""\n\nFoxwell Enforcement es un especialista en seguridad acreditado con licencia para operar en toda la UEE. Siempre estamos buscando nuevos operadores para unirse a nuestra familia. Si tú o alguien que conoces está interesado, comunícate con uno de nuestros representantes de contratos.\n\n<EM3>BLUEPRINTS POTENCIALES</EM3>\n- Antium Jet (Casco)\n- Antium Moss Camo (Brazos)\n- Antium Maroon (Coraza)\n- Antium Moss Camo (Coraza)\n- Antium Maroon (Casco)\n- Antium Camo Musgo (Casco)\n- Pantalones Antium Maroon\n- Pantalones Antium Camo Musgo\n\n<EM3>DETALLES DE MISION</EM3>\n<EM4>Tipo de misión:</EM4> Cadena\n<EM4>Dificultad (1-7):</EM4> Combate 4/7 | Complejidad 4/7 | Riesgo 4/7 | Conocimiento 3/7\n<EM4>Hostiles:</EM4> Hostiles x14\n<EM4>Aliados:</EM4> Civiles x4\n<EM4>Contratista Jr.:</EM4> 100 Rep (Contratista)\n<EM4>Recompensa de blueprint:</EM4> Garantizado","Tenemos información sobre un objetivo con recompensa llamado <EM4>~mission(TargetName)</EM4>. Alguien lo vio junto con conocidos cómplices criminales en <EM4>~mission(Location|Address)</EM4>. Necesitamos que llegues antes de que se escapen. \n\n<EM4>~mission(TargetName|Last)</EM4> tiene fama de solo dejarse ver en lugares con civiles. Realmente necesitamos que elimines a este objetivo sin causar daños colaterales a civiles. Foxwell no puede permitirse verse atrapado en la tormenta que se desataría por la pérdida de vidas inocentes. \n\n\nEugene Walton\nFoxwell Enforcement\n""Seguridad, a tu manera""\n\nFoxwell Enforcement es un especialista en seguridad acreditado con licencia para operar en toda la UEE. Siempre estamos buscando nuevos operadores para unirse a nuestra familia. Si tú o alguien que conoces está interesado, comunícate con uno de nuestros representantes de contratos.\n\n<EM3>BLUEPRINTS POTENCIALES</EM3>\n- Antium Maroon (Brazos)\n- Antium Moss Camo (Brazos)\n- Antium Maroon (Coraza)\n- Antium Moss Camo (Coraza)\n- Antium Maroon (Casco)\n- Antium Camo Musgo (Casco)\n- Pantalones Antium Maroon\n- Pantalones Antium Camo Musgo\n\n<EM3>DETALLES DE MISION</EM3>\n<EM4>Tipo de misión:</EM4> Cadena\n<EM4>Dificultad (1-7):</EM4> Combate 4/7 | Complejidad 4/7 | Riesgo 4/7 | Conocimiento 3/7\n<EM4>Hostiles:</EM4> Hostiles x14\n<EM4>Aliados:</EM4> Civiles x4\n<EM4>Contratista Jr.:</EM4> 100 Rep (Contratista)\n<EM4>Recompensa de blueprint:</EM4> Garantizado"
cambiada,Foxwell_EliminateSpecific_desc_001,"Looking to execute a bounty on <EM4>~mission(TargetName)</EM4>. We’ve learned that they’re currently hiding out with some confederates at <EM4>~mission(Location|Address)</EM4>. \n\nI’d be prepared to deal with the lowlifes hanging around <EM4>~mission(TargetName|Last)</EM4>, but our only real concern is that you land the target. \n    \n\nEugene Walton\nFoxwell Enforcement\n'Security, Your Way'\n\nFoxwell Enforcement is a bonded security specialist licensed to operate throughout the UEE. We are always looking for new operators to join our family. If you or anyone you know is interested, please reach out to one of our contract representatives.\n\n<EM4>Reputation Awarded:</EM4> 100\n\n<EM4>Potential Blueprints</EM4>\n<EM4>Awarded from Jr. Contractor level variants</EM4>\n- Antium Helmet Jet\n- Antium Core Maroon\n- Antium Legs Maroon\n- Antium Helmet Maroon\n- Antium Helmet Moss Camo\n- Antium Arms Moss Camo\n- Antium Core Moss Camo\n- Antium Legs Moss Camo\n","Buscamos ejecutar una recompensa sobre <EM4>~mission(TargetName)</EM4>. Hemos descubierto que actualmente se esconde con algunos cómplices en <EM4>~mission(Location|Address)</EM4>. \n\nYo me prepararía para lidiar con los indeseables que rondan a <EM4>~mission(TargetName|Last)</EM4>, pero nuestra única verdadera preocupación es que captures al objetivo. \n    \n\nEugene Walton\nFoxwell Enforcement\n""Seguridad, a tu manera""\n\nFoxwell Enforcement es un especialista en seguridad acreditado con licencia para operar en toda la UEE. Siempre estamos buscando nuevos operadores para unirse a nuestra familia. Si tú o alguien que conoces está interesado, comunícate con uno de nuestros representantes de contratos.\n\n<EM3>BLUEPRINTS POTENCIALES</EM3>\n- Antium Jet (Casco)\n- Antium Moss Camo (Brazos)\n- Antium Maroon (Coraza)\n- Antium Moss Camo (Coraza)\n- Antium Maroon (Casco)\n- Antium Camo Musgo (Casco)\n- Pantalones Antium Maroon\n- Pantalones Antium Camo Musgo\n\n<EM3>DETALLES DE MISION</EM3>\n<EM4>Tipo de misión:</EM4> Cadena\n<EM4>Dificultad (1-7):</EM4> Combate 4/7 | Complejidad 3/7 | Riesgo 4/7 | Conocimiento 3/7\n<EM4>Hostiles:</EM4> Hostiles x13, Objetivos x1\n<EM4>Contratista Jr.:</EM4> 100 Rep (Contratista)\n<EM4>Recompensa de blueprint:</EM4> Garantizado","Buscamos ejecutar una recompensa sobre <EM4>~mission(TargetName)</EM4>. Hemos descubierto que actualmente se esconde con algunos cómplices en <EM4>~mission(Location|Address)</EM4>. \n\nYo me prepararía para lidiar con los indeseables que rondan a <EM4>~mission(TargetName|Last)</EM4>, pero nuestra única verdadera preocupación es que captures al objetivo. \n    \n\nEugene Walton\nFoxwell Enforcement\n""Seguridad, a tu manera""\n\nFoxwell Enforcement es un especialista en seguridad acreditado con licencia para operar en toda la UEE. Siempre estamos buscando nuevos operadores para unirse a nuestra familia. Si tú o alguien que conoces está interesado, comunícate con uno de nuestros representantes de contratos.\n\n<EM3>BLUEPRINTS POTENCIALES</EM3>\n- Antium Maroon (Brazos)\n- Antium Moss Camo (Brazos)\n- Antium Maroon (Coraza)\n- Antium Moss Camo (Coraza)\n- Antium Maroon (Casco)\n- Antium Camo Musgo (Casco)\n- Pantalones Antium Maroon\n- Pantalones Antium Camo Musgo\n\n<EM3>DETALLES DE MISION</EM3>\n<EM4>Tipo de misión:</EM4> Cadena\n<EM4>Dificultad (1-7):</EM4> Combate 4/7 | Complejidad 3/7 | Riesgo 4/7 | Conocimiento 3/7\n<EM4>Hostiles:</EM4> Hostiles x13, Objetivos x1\n<EM4>Contratista Jr.:</EM4> 100 Rep (Contratista)\n<EM4>Recompensa de blueprint:</EM4> Garantizado"
cambiada,Foxwell_HaulCargo_AToB_OLP_desc_01,"Looking for a contractor with the right skills and ship for an important mission. Outlaws ambushed a Hull C carrying a <EM4>~mission(CargoGradeToken)</EM4> load of cargo and took it to <EM4>~mission(Location|Address)</EM4>. We’ve been hired to get it all back.  \n\nThe cargo is being stored somewhere at a defunct Hathor facility. The place is big and crawling with outlaws. Need someone to retrieve the goods from the freight elevator there and deliver it all back to the <EM4>freight elevator at ~mission(Destination|Address)</EM4>. Don’t think this will be a walk in the park. Bring lots of ammo and a ship that can handle <EM4>~mission(MissionMaxSCUSize) cargo containers</EM4>. \n\nIt also wouldn't hurt to bring a <EM4>handheld tractor beam</EM4> with you.   \n\n\nEugene Walton\nFoxwell Enforcement\n'Security, Your Way'\n\nFoxwell Enforcement is a bonded security specialist licensed to operate throughout the UEE. We are always looking for new operators to join our family. If you or anyone you know is interested, please reach out to one of our contract representatives.\n\n<EM4>Potential Blueprints</EM4>\n- Antium Helmet Jet\n- Antium Core Maroon\n- Antium Legs Maroon\n- Antium Helmet Maroon\n- Antium Helmet Moss Camo\n- Antium Arms Moss Camo\n- Antium Core Moss Camo\n- Antium Legs Moss Camo\n","Buscamos un contratista con las habilidades y la nave adecuadas para una misión importante. Unos forajidos tendieron una emboscada a un Hull C que transportaba una carga de <EM4>~mission(CargoGradeToken)</EM4> y la llevaron a <EM4>~mission(Location|Address)</EM4>. Nos han contratado para recuperarla toda.  \n\nLa carga está almacenada en alguna parte de una instalación abandonada de Hathor. El lugar es grande y está infestado de forajidos. Necesitamos a alguien que recupere la mercancía desde el montacargas de carga allí y la entregue de vuelta en el <EM4>montacargas de carga en ~mission(Destination|Address)</EM4>. No creas que será un paseo. Trae mucha munición y una nave que pueda manejar contenedores de <EM4>~mission(MissionMaxSCUSize)</EM4>. \n\nTampoco estaría de más traer un <EM4>haz de tractor portátil</EM4>.   \n\n\nEugene Walton\nFoxwell Enforcement\n'Seguridad, a tu manera'\n\nFoxwell Enforcement es un especialista en seguridad con fianza, autorizado para operar en toda la UEE. Siempre estamos buscando nuevos operadores para unirse a nuestra familia. Si tú o alguien que conozcas está interesado, ponte en contacto con uno de nuestros representantes de contratos.\n\n<EM3>BLUEPRINTS POTENCIALES</EM3>\n- Antium Jet (Casco)\n- Antium Moss Camo (Brazos)\n- Antium Maroon (Coraza)\n- Antium Moss Camo (Coraza)\n- Antium Maroon (Casco)\n- Antium Camo Musgo (Casco)\n- Pantalones Antium Maroon\n- Pantalones Antium Camo Musgo\n\n<EM3>DETALLES DE MISION</EM3>\n<EM4>Tipo de misión:</EM4> Estándar\n<EM4>Dificultad (1-7):</EM4> Combate 5/7 | Complejidad 5/7 | Riesgo 5/7 | Conocimiento 4/7\n<EM4>Recompensa de blueprint:</EM4> Garantizado","Buscamos un contratista con las habilidades y la nave adecuadas para una misión importante. Unos forajidos tendieron una emboscada a un Hull C que transportaba una carga de <EM4>~mission(CargoGradeToken)</EM4> y la llevaron a <EM4>~mission(Location|Address)</EM4>. Nos han contratado para recuperarla toda.  \n\nLa carga está almacenada en alguna parte de una instalación abandonada de Hathor. El lugar es grande y está infestado de forajidos. Necesitamos a alguien que recupere la mercancía desde el montacargas de carga allí y la entregue de vuelta en el <EM4>montacargas de carga en ~mission(Destination|Address)</EM4>. No creas que será un paseo. Trae mucha munición y una nave que pueda manejar contenedores de <EM4>~mission(MissionMaxSCUSize)</EM4>. \n\nTampoco estaría de más traer un <EM4>haz de tractor portátil</EM4>.   \n\n\nEugene Walton\nFoxwell Enforcement\n'Seguridad, a tu manera'\n\nFoxwell Enforcement es un especialista en seguridad con fianza, autorizado para operar en toda la UEE. Siempre estamos buscando nuevos operadores para unirse a nuestra familia. Si tú o alguien que conozcas está interesado, ponte en contacto con uno de nuestros representantes de contratos.\n\n<EM3>BLUEPRINTS POTENCIALES</EM3>\n- Antium Maroon (Brazos)\n- Antium Moss Camo (Brazos)\n- Antium Maroon (Coraza)\n- Antium Moss Camo (Coraza)\n- Antium Maroon (Casco)\n- Antium Camo Musgo (Casco)\n- Pantalones Antium Maroon\n- Pantalones Antium Camo Musgo\n\n<EM3>DETALLES DE MISION</EM3>\n<EM4>Tipo de misión:</EM4> Estándar\n<EM4>Dificultad (1-7):</EM4> Combate 5/7 | Complejidad 5/7 | Riesgo 5/7 | Conocimiento 4/7\n<EM4>Recompensa de blueprint:</EM4> Garantizado"
cambiada,Foxwell_HaulCargo_AToB_PAF_desc_01,"A crew recently raided a distribution center and made off with <EM4>~mission(CargoGradeToken) load of cargo</EM4>. Foxwell has been hired to get all those goods back. We’re getting reports of these outlaws using old Hathor facilities as stash houses and we believe the stolen items are currently at <EM4>~mission(Location|Address)</EM4>.\n\nIf interested, you’ll need a ship that can handle <EM4>~mission(MissionMaxSCUSize) cargo containers</EM4>. Doubt you’ll be able to slip in and out of that PAF without being noticed either, so best be prepared to clear the location. Once safe, grab the goods from the freight elevator and deliver them to the <EM4>freight elevator at ~mission(Destination|Address)</EM4>. \n\nIt also wouldn't hurt to bring a <EM4>handheld tractor beam</EM4> with you.   \n\n\nEugene Walton\nFoxwell Enforcement\n'Security, Your Way'\n\nFoxwell Enforcement is a bonded security specialist licensed to operate throughout the UEE. We are always looking for new operators to join our family. If you or anyone you know is interested, please reach out to one of our contract representatives.\n\n<EM4>Potential Blueprints</EM4>\n- Antium Helmet Jet\n- Antium Core Maroon\n- Antium Legs Maroon\n- Antium Helmet Maroon\n- Antium Helmet Moss Camo\n- Antium Arms Moss Camo\n- Antium Core Moss Camo\n- Antium Legs Moss Camo\n","Una banda saqueó recientemente un centro de distribución y se llevó una <EM4>carga de ~mission(CargoGradeToken)</EM4>. Foxwell ha sido contratada para recuperar todos esos bienes. Recibimos informes de que estos forajidos usan antiguas instalaciones de Hathor como almacenes, y creemos que los artículos robados están actualmente en <EM4>~mission(Location|Address)</EM4>.\n\nSi te interesa, necesitarás una nave que pueda manejar contenedores de <EM4>~mission(MissionMaxSCUSize)</EM4>. Dudo que puedas entrar y salir de esa PAF sin que te vean, así que mejor prepárate para despejar la ubicación. Una vez segura, toma la mercancía desde el montacargas de carga y entrégala en el <EM4>montacargas de carga en ~mission(Destination|Address)</EM4>. \n\nTampoco estaría de más traer un <EM4>haz de tractor portátil</EM4>.   \n\n\nEugene Walton\nFoxwell Enforcement\n'Seguridad, a tu manera'\n\nFoxwell Enforcement es un especialista en seguridad con fianza, autorizado para operar en toda la UEE. Siempre estamos buscando nuevos operadores para unirse a nuestra familia. Si tú o alguien que conozcas está interesado, ponte en contacto con uno de nuestros representantes de contratos.\n\n<EM3>BLUEPRINTS POTENCIALES</EM3>\n- Antium Jet (Casco)\n- Antium Moss Camo (Brazos)\n- Antium Maroon (Coraza)\n- Antium Moss Camo (Coraza)\n- Antium Maroon (Casco)\n- Antium Camo Musgo (Casco)\n- Pantalones Antium Maroon\n- Pantalones Antium Camo Musgo\n\n<EM3>DETALLES DE MISION</EM3>\n<EM4>Tipo de misión:</EM4> Estándar\n<EM4>Dificultad (1-7):</EM4> Combate 5/7 | Complejidad 5/7 | Riesgo 4/7 | Conocimiento 4/7\n<EM4>Recompensa de blueprint:</EM4> Garantizado","Una banda saqueó recientemente un centro de distribución y se llevó una <EM4>carga de ~mission(CargoGradeToken)</EM4>. Foxwell ha sido contratada para recuperar todos esos bienes. Recibimos informes de que estos forajidos usan antiguas instalaciones de Hathor como almacenes, y creemos que los artículos robados están actualmente en <EM4>~mission(Location|Address)</EM4>.\n\nSi te interesa, necesitarás una nave que pueda manejar contenedores de <EM4>~mission(MissionMaxSCUSize)</EM4>. Dudo que puedas entrar y salir de esa PAF sin que te vean, así que mejor prepárate para despejar la ubicación. Una vez segura, toma la mercancía desde el montacargas de carga y entrégala en el <EM4>montacargas de carga en ~mission(Destination|Address)</EM4>. \n\nTampoco estaría de más traer un <EM4>haz de tractor portátil</EM4>.   \n\n\nEugene Walton\nFoxwell Enforcement\n'Seguridad, a tu manera'\n\nFoxwell Enforcement es un especialista en seguridad con fianza, autorizado para operar en toda la UEE. Siempre estamos buscando nuevos operadores para unirse a nuestra familia. Si tú o alguien que conozcas está interesado, ponte en contacto con uno de nuestros representantes de contratos.\n\n<EM3>BLUEPRINTS POTENCIALES</EM3>\n- Antium Maroon (Brazos)\n- Antium Moss Camo (Brazos)\n- Antium Maroon (Coraza)\n- Antium Moss Camo (Coraza)\n- Antium Maroon (Casco)\n- Antium Camo Musgo (Casco)\n- Pantalones Antium Maroon\n- Pantalones Antium Camo Musgo\n\n<EM3>DETALLES DE MISION</EM3>\n<EM4>Tipo de misión:</EM4> Estándar\n<EM4>Dificultad (1-7):</EM4> Combate 5/7 | Complejidad 5/7 | Riesgo 4/7 | Conocimiento 4/7\n<EM4>Recompensa de blueprint:</EM4> Garantizado"
cambiada,Foxwell_HaulCargo_MultiToSingle_desc_01,"Something weird is going on at the old Hathor mining facilities. Both the platform alignment facilities and orbital laser platforms have been abandoned and gathering dust for decades, but outlaws have started using them as a base of operations.\n\nWe’ve been hired by a concerned party who’s recently lost a lot of important cargo to one such gang. Currently, their stuff is stashed at <EM4>~mission(Location1|Address)</EM4> and <EM4>~mission(Location2|Address)</EM4>, but there’s a growing fear that the gang may be offloading their goods soon. That’s why we’ve been hired to hit both of those Hathor facilities, retrieve the cargo from the freight elevators, and bring it to the freight elevator at <EM4>~mission(Destination|Address)</EM4>. \n\nHere’s the specifics on what to grab from each location. Doesn’t matter in what order you do this, as long as it all gets collected and delivered. Just be sure to bring a ship that can handle <EM4>~mission(MissionMaxSCUSize) cargo containers</EM4>.  It also wouldn't hurt to bring a <EM4>handheld tractor beam</EM4> with you.   \n\n~mission(MultiToSingleToken)\n\nFoxwell hasn’t been able to scout these locations, but if I were you, I’d expect to face some serious armed resistance. Best bring a bunch of gear and some friends.\n\n\nEugene Walton\nFoxwell Enforcement\n'Security, Your Way'\n\nFoxwell Enforcement is a bonded security specialist licensed to operate throughout the UEE. We are always looking for new operators to join our family. If you or anyone you know is interested, please reach out to one of our contract representatives.\n\n<EM4>Potential Blueprints</EM4>\n- Antium Helmet Jet\n- Antium Core Maroon\n- Antium Legs Maroon\n- Antium Helmet Maroon\n- Antium Helmet Moss Camo\n- Antium Arms Moss Camo\n- Antium Core Moss Camo\n- Antium Legs Moss Camo\n","Algo raro está ocurriendo en las antiguas instalaciones mineras de Hathor. Tanto las instalaciones de alineación de plataforma (PAF) como las plataformas láser orbitales (OLP) han estado abandonadas y acumulando polvo durante décadas, pero los forajidos han empezado a usarlas como base de operaciones.\n\nNos ha contratado una parte interesada que ha perdido recientemente mucha carga importante a manos de una de esas bandas. Actualmente, sus cosas están guardadas en <EM4>~mission(Location1|Address)</EM4> y <EM4>~mission(Location2|Address)</EM4>, pero crece el temor de que la banda pueda trasladar los bienes pronto. Por eso nos han contratado para golpear ambas instalaciones de Hathor, recuperar la carga desde los montacargas de carga y llevarla al montacargas de carga en <EM4>~mission(Destination|Address)</EM4>. \n\nAquí tienes los detalles de qué recoger en cada ubicación. No importa en qué orden lo hagas, siempre que todo se recoja y se entregue. Solo asegúrate de traer una nave que pueda manejar contenedores de <EM4>~mission(MissionMaxSCUSize)</EM4>.  Tampoco estaría de más traer un <EM4>haz de tractor portátil</EM4>.   \n\n~mission(MultiToSingleToken)\n\nFoxwell no ha podido explorar estas ubicaciones, pero si fuera tú, esperaría enfrentarme a una resistencia armada seria. Mejor trae buen equipo y, si puedes, algunos colegas.\n\n\nEugene Walton\nFoxwell Enforcement\n'Seguridad, a tu manera'\n\nFoxwell Enforcement es un especialista en seguridad con fianza, autorizado para operar en toda la UEE. Siempre estamos buscando nuevos operadores para unirse a nuestra familia. Si tú o alguien que conozcas está interesado, ponte en contacto con uno de nuestros representantes de contratos.\n\n<EM3>BLUEPRINTS POTENCIALES</EM3>\n- Antium Jet (Casco)\n- Antium Moss Camo (Brazos)\n- Antium Maroon (Coraza)\n- Antium Moss Camo (Coraza)\n- Antium Maroon (Casco)\n- Antium Camo Musgo (Casco)\n- Pantalones Antium Maroon\n- Pantalones Antium Camo Musgo\n\n<EM3>DETALLES DE MISION</EM3>\n<EM4>Tipo de misión:</EM4> Estándar\n<EM4>Dificultad (1-7):</EM4> Combate 5/7 | Complejidad 5/7 | Riesgo 4/7 | Conocimiento 4/7\n<EM4>Recompensa de blueprint:</EM4> Garantizado","Algo raro está ocurriendo en las antiguas instalaciones mineras de Hathor. Tanto las instalaciones de alineación de plataforma (PAF) como las plataformas láser orbitales (OLP) han estado abandonadas y acumulando polvo durante décadas, pero los forajidos han empezado a usarlas como base de operaciones.\n\nNos ha contratado una parte interesada que ha perdido recientemente mucha carga importante a manos de una de esas bandas. Actualmente, sus cosas están guardadas en <EM4>~mission(Location1|Address)</EM4> y <EM4>~mission(Location2|Address)</EM4>, pero crece el temor de que la banda pueda trasladar los bienes pronto. Por eso nos han contratado para golpear ambas instalaciones de Hathor, recuperar la carga desde los montacargas de carga y llevarla al montacargas de carga en <EM4>~mission(Destination|Address)</EM4>. \n\nAquí tienes los detalles de qué recoger en cada ubicación. No importa en qué orden lo hagas, siempre que todo se recoja y se entregue. Solo asegúrate de traer una nave que pueda manejar contenedores de <EM4>~mission(MissionMaxSCUSize)</EM4>.  Tampoco estaría de más traer un <EM4>haz de tractor portátil</EM4>.   \n\n~mission(MultiToSingleToken)\n\nFoxwell no ha podido explorar estas ubicaciones, pero si fuera tú, esperaría enfrentarme a una resistencia armada seria. Mejor trae buen equipo y, si puedes, algunos colegas.\n\n\nEugene Walton\nFoxwell Enforcement\n'Seguridad, a tu manera'\n\nFoxwell Enforcement es un especialista en seguridad con fianza, autorizado para operar en toda la UEE. Siempre estamos buscando nuevos operadores para unirse a nuestra familia. Si tú o alguien que conozcas está interesado, ponte en contacto con uno de nuestros representantes de contratos.\n\n<EM3>BLUEPRINTS POTENCIALES</EM3>\n- Antium Maroon (Brazos)\n- Antium Moss Camo (Brazos)\n- Antium Maroon (Coraza)\n- Antium Moss Camo (Coraza)\n- Antium Maroon (Casco)\n- Antium Camo Musgo (Casco)\n- Pantalones Antium Maroon\n- Pantalones Antium Camo Musgo\n\n<EM3>DETALLES DE MISION</EM3>\n<EM4>Tipo de misión:</EM4> Estándar\n<EM4>Dificultad (1-7):</EM4> Combate 5/7 | Complejidad 5/7 | Riesgo 4/7 | Conocimiento 4/7\n<EM4>Recompensa de blueprint:</EM4> Garantizado"
cambiada,Foxwell_Mercenary_Rehire_desc_001,"Due to a corporate restructuring, Foxwell has some new vacancies that need to be filled immediately. Foxwell knows you’ve previously expressed interest in this line of work, and we’re wondering if you would want to take another crack at a contract.\n\nOne of our clients needs support at <EM4>~mission(Location|Address)</EM4> where their security forces are struggling to handle an outlaw incursion. Head there and help the local forces get rid of the problem before it’s too late. \n\nSuccessfully complete this contract, and Foxwell would be happy to send more work your way.\n\n\nEugene Walton\nFoxwell Enforcement\n'Security, Your Way'\n\nFoxwell Enforcement is a bonded security specialist licensed to operate throughout the UEE. We are always looking for new operators to join our family. If you or anyone you know is interested, please reach out to one of our contract representatives.\n\n<EM4>Reputation Awarded:</EM4> 100\n\n<EM4>Potential Blueprints</EM4>\n<EM4>Awarded from Neutral level variants</EM4>\n- Antium Helmet Jet\n- Antium Core Maroon\n- Antium Legs Maroon\n- Antium Helmet Maroon\n- Antium Helmet Moss Camo\n- Antium Arms Moss Camo\n- Antium Core Moss Camo\n- Antium Legs Moss Camo\n","Debido a una reestructuración corporativa, Foxwell tiene algunas vacantes nuevas que deben cubrirse de inmediato. Foxwell sabe que anteriormente has mostrado interés en este tipo de trabajo y nos preguntamos si te gustaría intentarlo de nuevo con un contrato.\n\nUno de nuestros clientes necesita apoyo en <EM4>~mission(Location|Address)</EM4>, donde sus fuerzas de seguridad están teniendo dificultades para manejar una incursión de forajidos. Dirígete allí y ayuda a las fuerzas locales a eliminar el problema antes de que sea demasiado tarde. \n\nSi completas con éxito este contrato, Foxwell estará encantado de enviarte más trabajo.\n\n\nEugene Walton\nFoxwell Enforcement\n""Seguridad, a tu manera""\n\nFoxwell Enforcement es un especialista en seguridad acreditado con licencia para operar en toda la UEE. Siempre estamos buscando nuevos operadores para unirse a nuestra familia. Si tú o alguien que conoces está interesado, comunícate con uno de nuestros representantes de contratos.\n\n<EM3>BLUEPRINTS POTENCIALES</EM3>\n- Antium Jet (Casco)\n- Antium Moss Camo (Brazos)\n- Antium Maroon (Coraza)\n- Antium Moss Camo (Coraza)\n- Antium Maroon (Casco)\n- Antium Camo Musgo (Casco)\n- Pantalones Antium Maroon\n- Pantalones Antium Camo Musgo\n\n<EM3>DETALLES DE MISION</EM3>\n<EM4>Tipo de misión:</EM4> Cadena\n<EM4>Dificultad (1-7):</EM4> Combate 3/7 | Complejidad 3/7 | Riesgo 3/7 | Conocimiento 3/7\n<EM4>Hostiles:</EM4> Atacantes x10, Defensores x4, Hostiles x5\n<EM4>Neutro:</EM4> 100 Rep\n<EM4>Recompensa de blueprint:</EM4> Garantizado","Debido a una reestructuración corporativa, Foxwell tiene algunas vacantes nuevas que deben cubrirse de inmediato. Foxwell sabe que anteriormente has mostrado interés en este tipo de trabajo y nos preguntamos si te gustaría intentarlo de nuevo con un contrato.\n\nUno de nuestros clientes necesita apoyo en <EM4>~mission(Location|Address)</EM4>, donde sus fuerzas de seguridad están teniendo dificultades para manejar una incursión de forajidos. Dirígete allí y ayuda a las fuerzas locales a eliminar el problema antes de que sea demasiado tarde. \n\nSi completas con éxito este contrato, Foxwell estará encantado de enviarte más trabajo.\n\n\nEugene Walton\nFoxwell Enforcement\n""Seguridad, a tu manera""\n\nFoxwell Enforcement es un especialista en seguridad acreditado con licencia para operar en toda la UEE. Siempre estamos buscando nuevos operadores para unirse a nuestra familia. Si tú o alguien que conoces está interesado, comunícate con uno de nuestros representantes de contratos.\n\n<EM3>BLUEPRINTS POTENCIALES</EM3>\n- Antium Maroon (Brazos)\n- Antium Moss Camo (Brazos)\n- Antium Maroon (Coraza)\n- Antium Moss Camo (Coraza)\n- Antium Maroon (Casco)\n- Antium Camo Musgo (Casco)\n- Pantalones Antium Maroon\n- Pantalones Antium Camo Musgo\n\n<EM3>DETALLES DE MISION</EM3>\n<EM4>Tipo de misión:</EM4> Cadena\n<EM4>Dificultad (1-7):</EM4> Combate 3/7 | Complejidad 3/7 | Riesgo 3/7 | Conocimiento 3/7\n<EM4>Hostiles:</EM4> Atacantes x10, Defensores x4, Hostiles x5\n<EM4>Neutro:</EM4> 100 Rep\n<EM4>Recompensa de blueprint:</EM4> Garantizado"
cambiada,Foxwell_ShipAmbush_E_desc_001,"An outlaw who’s been on the run finally returned to the system. Seems like they hoped that disappearing for a bit would make us forget about them. They’re not even trying to hide their identity or vary their routine which means we know exactly where they’re going to be.\n\nLatest intel indicates that they’re flying a <EM4>~mission(AmbushTarget)</EM4> and will be passing by <EM4>~mission(Location|Address)</EM4> soon. I’ve already scoped out an emission cloud that’s a perfect place for you to find cover, power down your ship, and wait. Only real variable is if they’ll be alone or not. We’ve heard they sometimes roll with friends that all fly single-seaters. Landing that first surprise strike will be important as this crew is battle-tested, but we’ll have reinforcements at the ready to provide support if you need them.\n\nGet this done and we'll give the main contractor a bonus payment of <EM4>~mission(ScripAmount) MG Scrip</EM4>.\n\nGood luck,\n\nEugene Walton\nDispatcher, Foxwell Enforcement\n'Security, Your Way'\n\nFoxwell Enforcement is a bonded security specialist licensed to operate throughout the UEE. We are always looking for new operators to join our family. If you or anyone you know is interested, please reach out to one of our contract representatives.\n\n<EM4>Reputation Awarded:</EM4> 100\n\n<EM4>Potential Blueprints</EM4>\n<EM4>Awarded from Jr. Contractor level variants</EM4>\n- Parallax ""Sunstone"" Energy Assault Rifle\n- Antium Arms Jet\n- Antium Core Jet\n- Antium Legs Jet\n- Parallax Rifle Battery (80 Cap)\n","Un forajido que había estado huyendo finalmente ha regresado al sistema. Parece que esperaba que desapareciendo un tiempo nos olvidaríamos de él. Ni siquiera está intentando ocultar su identidad o cambiar su rutina, lo que significa que sabemos exactamente dónde va a estar.\n\nLa información más reciente indica que está pilotando una <EM4>~mission(AmbushTarget)</EM4> y que pronto pasará por <EM4>~mission(Location|Address)</EM4>. Ya he localizado una nube de emisiones que es el lugar perfecto para ocultarte, apagar tu nave y esperar. La única variable real es si estará solo o no. Hemos oído que a veces viaja con amigos que también pilotan cazas monoplaza. Lanzar ese primer ataque sorpresa será importante, ya que su tripulación tiene experiencia en combate, pero tendremos refuerzos listos para darte apoyo si los necesitas.\n\nCumple con esto y le daremos al contratista principal un pago adicional de <EM4>~mission(ScripAmount) MG Scrip</EM4>.\n\nBuena suerte,\n\nEugene Walton\nOperador principal, Foxwell Enforcement\n'La seguridad, a tu manera'\n\nFoxwell Enforcement es un especialista en seguridad con garantía, autorizado para operar en toda la UEE. Siempre estamos buscando nuevos operadores para que se unan a nuestra familia. Si tú o alguien que conoces está interesado, ponte en contacto con uno de nuestros representantes de contratos.\n\n<EM3>BLUEPRINTS POTENCIALES</EM3>\n- Antium Jet (Brazos)\n- Antium Jet (Coraza)\n- Pantalones Antium Jet\n- Rifle de asalto energético Parallax ""Sunstone""\n- Batería de rifle Parallax (80 Cap)\n\n<EM3>OBJETO DE RECOMPENSA</EM3>\n- Bono del GM\n\n<EM3>DETALLES DE MISION</EM3>\n<EM4>Tipo de misión:</EM4> Cadena\n<EM4>Dificultad (1-7):</EM4> Combate 3/7 | Complejidad 4/7 | Riesgo 4/7 | Conocimiento 4/7\n<EM4>Hostiles:</EM4> Pilotos de élite x1, Aliados hostiles x2, Oleada hostil x7, Objetivos x2\n<EM4>Piloto de élite:</EM4> Sí\n<EM4>Contratista Jr.:</EM4> 100 Rep (Contratista)\n<EM4>Recompensa de blueprint:</EM4> Garantizado","Un forajido que había estado huyendo finalmente ha regresado al sistema. Parece que esperaba que desapareciendo un tiempo nos olvidaríamos de él. Ni siquiera está intentando ocultar su identidad o cambiar su rutina, lo que significa que sabemos exactamente dónde va a estar.\n\nLa información más reciente indica que está pilotando una <EM4>~mission(AmbushTarget)</EM4> y que pronto pasará por <EM4>~mission(Location|Address)</EM4>. Ya he localizado una nube de emisiones que es el lugar perfecto para ocultarte, apagar tu nave y esperar. La única variable real es si estará solo o no. Hemos oído que a veces viaja con amigos que también pilotan cazas monoplaza. Lanzar ese primer ataque sorpresa será importante, ya que su tripulación tiene experiencia en combate, pero tendremos refuerzos listos para darte apoyo si los necesitas.\n\nCumple con esto y le daremos al contratista principal un pago adicional de <EM4>~mission(ScripAmount) MG Scrip</EM4>.\n\nBuena suerte,\n\nEugene Walton\nOperador principal, Foxwell Enforcement\n'La seguridad, a tu manera'\n\nFoxwell Enforcement es un especialista en seguridad con garantía, autorizado para operar en toda la UEE. Siempre estamos buscando nuevos operadores para que se unan a nuestra familia. Si tú o alguien que conoces está interesado, ponte en contacto con uno de nuestros representantes de contratos.\n\n<EM3>BLUEPRINTS POTENCIALES</EM3>\n- Antium Jet (Brazos)\n- Antium Jet (Coraza)\n- Antium Jet (Casco)\n- Pantalones Antium Jet\n- Rifle de asalto energético Parallax ""Sunstone""\n- Batería de rifle Parallax (80 Cap)\n\n<EM3>OBJETO DE RECOMPENSA</EM3>\n- Bono del GM\n\n<EM3>DETALLES DE MISION</EM3>\n<EM4>Tipo de misión:</EM4> Cadena\n<EM4>Dificultad (1-7):</EM4> Combate 3/7 | Complejidad 4/7 | Riesgo 4/7 | Conocimiento 4/7\n<EM4>Hostiles:</EM4> Pilotos de élite x1, Aliados hostiles x2, Oleada hostil x7, Objetivos x2\n<EM4>Piloto de élite:</EM4> Sí\n<EM4>Contratista Jr.:</EM4> 100 Rep (Contratista)\n<EM4>Recompensa de blueprint:</EM4> Garantizado"
cambiada,Foxwell_ShipAmbush_H_desc_001,"Recently, a <EM4>~mission(AmbushTarget)</EM4> baited Foxwell forces with a bogus rescue beacon. By the time our forces realized what was happening, a squad of ships unleashed a devastating attack and only one Foxwell contractor survived. Their scan logs identified the bait ship, and we’ve had scouts monitoring them ever since.\n\nOur surveillance has revealed the squad has a regular flight pattern that we think we can exploit. There’s a sizable emission cloud at <EM4>~mission(Location|Address)</EM4> that makes it an ideal spot to post up. Think you have what it takes to handle this for us? \n\nIt’ll be you against the <EM4>~mission(AmbushTarget)</EM4>, other large craft, and a sizable escort. Wish I could be more specific than that but this crew regularly rotates ships in and out of the squad. Would be smart to bring some support, so you don’t get overwhelmed by their numbers.   \n\nComplete the job and we'll give the main contractor a bonus payment of <EM4>~mission(ScripAmount) MG Scrip</EM4>.\n\nGood luck,\n\nEugene Walton\nDispatcher, Foxwell Enforcement\n'Security, Your Way'\n\nFoxwell Enforcement is a bonded security specialist licensed to operate throughout the UEE. We are always looking for new operators to join our family. If you or anyone you know is interested, please reach out to one of our contract representatives.\n\n<EM4>Reputation Awarded:</EM4> 200\n\n<EM4>Potential Blueprints</EM4>\n<EM4>Awarded from Sr. Contractor level variants</EM4>\n- Parallax ""Sunstone"" Energy Assault Rifle\n- Antium Arms Jet\n- Antium Core Jet\n- Antium Legs Jet\n- Parallax Rifle Battery (80 Cap)\n","Recientemente, una <EM4>~mission(AmbushTarget)</EM4> atrajo a las fuerzas de Foxwell con una baliza de rescate falsa. Para cuando nuestras fuerzas se dieron cuenta de lo que estaba ocurriendo, una escuadra de naves desató un ataque devastador y solo una contratista de Foxwell sobrevivió. Sus registros de escaneo identificaron la nave señuelo, y desde entonces hemos mantenido vigilancia sobre ella.\n\nNuestra vigilancia ha revelado que la escuadra sigue un patrón de vuelo regular que creemos que podemos aprovechar. Hay una nube de emisiones considerable en <EM4>~mission(Location|Address)</EM4> que la convierte en un lugar ideal para apostarse. ¿Crees tener lo necesario para encargarte de esto?\n\nTe enfrentarás a la <EM4>~mission(AmbushTarget)</EM4>, otras naves grandes y una escolta considerable. Ojalá pudiera ser más específico, pero esta tripulación rota las naves de la escuadra con frecuencia. Sería inteligente traer apoyo, para que no te abrumen con su número.\n\nCompleta el trabajo y le daremos al contratista principal un pago adicional de <EM4>~mission(ScripAmount) MG Scrip</EM4>.\n\nBuena suerte,\n\nEugene Walton\nOperador principal, Foxwell Enforcement\n'La seguridad, a tu manera'\n\nFoxwell Enforcement es una empresa especializada en seguridad con licencia para operar en todo el espacio de la UEE. Siempre estamos buscando nuevos operadores para que se unan a nuestra familia. Si tú o alguien que conoces está interesado, por favor contacta con uno de nuestros representantes de contratos.\n\n<EM3>BLUEPRINTS POTENCIALES</EM3>\n- Antium Jet (Brazos)\n- Antium Jet (Coraza)\n- Pantalones Antium Jet\n- Rifle de asalto energético Parallax ""Sunstone""\n- Batería de rifle Parallax (80 Cap)\n\n<EM3>OBJETO DE RECOMPENSA</EM3>\n- Bono del GM\n\n<EM3>DETALLES DE MISION</EM3>\n<EM4>Tipo de misión:</EM4> Cadena\n<EM4>Dificultad (1-7):</EM4> Combate 5/7 | Complejidad 5/7 | Riesgo 5/7 | Conocimiento 4/7\n<EM4>Hostiles:</EM4> Pilotos de élite x1, Aliados hostiles x1, Oleada hostil x12, Objetivos x5\n<EM4>Piloto de élite:</EM4> Sí\n<EM4>Contratista Sr.:</EM4> 200 Rep (Contratista)\n<EM4>Recompensa de blueprint:</EM4> Garantizado","Recientemente, una <EM4>~mission(AmbushTarget)</EM4> atrajo a las fuerzas de Foxwell con una baliza de rescate falsa. Para cuando nuestras fuerzas se dieron cuenta de lo que estaba ocurriendo, una escuadra de naves desató un ataque devastador y solo una contratista de Foxwell sobrevivió. Sus registros de escaneo identificaron la nave señuelo, y desde entonces hemos mantenido vigilancia sobre ella.\n\nNuestra vigilancia ha revelado que la escuadra sigue un patrón de vuelo regular que creemos que podemos aprovechar. Hay una nube de emisiones considerable en <EM4>~mission(Location|Address)</EM4> que la convierte en un lugar ideal para apostarse. ¿Crees tener lo necesario para encargarte de esto?\n\nTe enfrentarás a la <EM4>~mission(AmbushTarget)</EM4>, otras naves grandes y una escolta considerable. Ojalá pudiera ser más específico, pero esta tripulación rota las naves de la escuadra con frecuencia. Sería inteligente traer apoyo, para que no te abrumen con su número.\n\nCompleta el trabajo y le daremos al contratista principal un pago adicional de <EM4>~mission(ScripAmount) MG Scrip</EM4>.\n\nBuena suerte,\n\nEugene Walton\nOperador principal, Foxwell Enforcement\n'La seguridad, a tu manera'\n\nFoxwell Enforcement es una empresa especializada en seguridad con licencia para operar en todo el espacio de la UEE. Siempre estamos buscando nuevos operadores para que se unan a nuestra familia. Si tú o alguien que conoces está interesado, por favor contacta con uno de nuestros representantes de contratos.\n\n<EM3>BLUEPRINTS POTENCIALES</EM3>\n- Antium Jet (Brazos)\n- Antium Jet (Coraza)\n- Antium Jet (Casco)\n- Pantalones Antium Jet\n- Rifle de asalto energético Parallax ""Sunstone""\n- Batería de rifle Parallax (80 Cap)\n\n<EM3>OBJETO DE RECOMPENSA</EM3>\n- Bono del GM\n\n<EM3>DETALLES DE MISION</EM3>\n<EM4>Tipo de misión:</EM4> Cadena\n<EM4>Dificultad (1-7):</EM4> Combate 5/7 | Complejidad 5/7 | Riesgo 5/7 | Conocimiento 4/7\n<EM4>Hostiles:</EM4> Pilotos de élite x1, Aliados hostiles x1, Oleada hostil x12, Objetivos x5\n<EM4>Piloto de élite:</EM4> Sí\n<EM4>Contratista Sr.:</EM4> 200 Rep (Contratista)\n<EM4>Recompensa de blueprint:</EM4> Garantizado"
cambiada,Foxwell_ShipAmbush_M_desc_001,"Foxwell has been tracking a <EM4>~mission(AmbushTarget)</EM4> used by outlaws and discovered a pattern to its movements. The ship should be passing by <EM4>~mission(Location|Address)</EM4> soon.\n\nLooking for a contractor willing to hustle there, hide in the emission cloud, and then spring the trap when the time is right. There’s usually escort ships with the <EM4>~mission(AmbushTarget)</EM4>. Careful not to jump the gun and blow your cover. The element of surprise is crucial from what I’ve read.\n\nPull this off and we'll give the main contractor a bonus payment of <EM4>~mission(ScripAmount) MG Scrip</EM4>.\n\nGood luck,\n\nEugene Walton\nDispatcher, Foxwell Enforcement\n'Security, Your Way'\n\nFoxwell Enforcement is a bonded security specialist licensed to operate throughout the UEE. We are always looking for new operators to join our family. If you or anyone you know is interested, please reach out to one of our contract representatives.\n\n<EM4>Reputation Awarded:</EM4> 150\n\n<EM4>Potential Blueprints</EM4>\n<EM4>Awarded from Contractor level variants</EM4>\n- Parallax ""Sunstone"" Energy Assault Rifle\n- Antium Arms Jet\n- Antium Core Jet\n- Antium Legs Jet\n- Parallax Rifle Battery (80 Cap)\n","Foxwell ha estado rastreando una <EM4>~mission(AmbushTarget)</EM4> utilizada por forajidos y ha descubierto un patrón en sus movimientos. La nave debería pasar pronto por <EM4>~mission(Location|Address)</EM4>.\n\nBuscamos un contratista dispuesto a llegar rápidamente, esconderse en la nube de emisiones y luego tender la emboscada cuando llegue el momento. Normalmente hay naves escolta acompañando a la <EM4>~mission(AmbushTarget)</EM4>. Ten cuidado de no actuar demasiado pronto y arruinar el factor sorpresa. Por lo que he leído, el elemento sorpresa es crucial.\n\nSi lo logras, le daremos al contratista principal un pago adicional de <EM4>~mission(ScripAmount) MG Scrip</EM4>.\n\nBuena suerte,\n\nEugene Walton\nOperador principal, Foxwell Enforcement\n'La seguridad, a tu manera'\n\nFoxwell Enforcement es una empresa especializada en seguridad con licencia para operar en todo el espacio de la UEE. Siempre estamos buscando nuevos operadores para que se unan a nuestra familia. Si tú o alguien que conoces está interesado, por favor contacta con uno de nuestros representantes de contratos.\n\n<EM3>BLUEPRINTS POTENCIALES</EM3>\n- Antium Jet (Brazos)\n- Antium Jet (Coraza)\n- Pantalones Antium Jet\n- Rifle de asalto energético Parallax ""Sunstone""\n- Batería de rifle Parallax (80 Cap)\n\n<EM3>OBJETO DE RECOMPENSA</EM3>\n- Bono del GM\n\n<EM3>DETALLES DE MISION</EM3>\n<EM4>Tipo de misión:</EM4> Cadena\n<EM4>Dificultad (1-7):</EM4> Combate 4/7 | Complejidad 4/7 | Riesgo 5/7 | Conocimiento 4/7\n<EM4>Hostiles:</EM4> Pilotos de élite x1, Aliados hostiles x1, Oleada hostil x5, Objetivos x3\n<EM4>Piloto de élite:</EM4> Sí\n<EM4>Contratista:</EM4> 150 Rep\n<EM4>Recompensa de blueprint:</EM4> Garantizado","Foxwell ha estado rastreando una <EM4>~mission(AmbushTarget)</EM4> utilizada por forajidos y ha descubierto un patrón en sus movimientos. La nave debería pasar pronto por <EM4>~mission(Location|Address)</EM4>.\n\nBuscamos un contratista dispuesto a llegar rápidamente, esconderse en la nube de emisiones y luego tender la emboscada cuando llegue el momento. Normalmente hay naves escolta acompañando a la <EM4>~mission(AmbushTarget)</EM4>. Ten cuidado de no actuar demasiado pronto y arruinar el factor sorpresa. Por lo que he leído, el elemento sorpresa es crucial.\n\nSi lo logras, le daremos al contratista principal un pago adicional de <EM4>~mission(ScripAmount) MG Scrip</EM4>.\n\nBuena suerte,\n\nEugene Walton\nOperador principal, Foxwell Enforcement\n'La seguridad, a tu manera'\n\nFoxwell Enforcement es una empresa especializada en seguridad con licencia para operar en todo el espacio de la UEE. Siempre estamos buscando nuevos operadores para que se unan a nuestra familia. Si tú o alguien que conoces está interesado, por favor contacta con uno de nuestros representantes de contratos.\n\n<EM3>BLUEPRINTS POTENCIALES</EM3>\n- Antium Jet (Brazos)\n- Antium Jet (Coraza)\n- Antium Jet (Casco)\n- Pantalones Antium Jet\n- Rifle de asalto energético Parallax ""Sunstone""\n- Batería de rifle Parallax (80 Cap)\n\n<EM3>OBJETO DE RECOMPENSA</EM3>\n- Bono del GM\n\n<EM3>DETALLES DE MISION</EM3>\n<EM4>Tipo de misión:</EM4> Cadena\n<EM4>Dificultad (1-7):</EM4> Combate 4/7 | Complejidad 4/7 | Riesgo 5/7 | Conocimiento 4/7\n<EM4>Hostiles:</EM4> Pilotos de élite x1, Aliados hostiles x1, Oleada hostil x5, Objetivos x3\n<EM4>Piloto de élite:</EM4> Sí\n<EM4>Contratista:</EM4> 150 Rep\n<EM4>Recompensa de blueprint:</EM4> Garantizado"
cambiada,Foxwell_ShipAmbush_S_desc_001,"We’ve received a handful of comms about recent attacks undertaken by an <EM4>~mission(AmbushTarget)</EM4> and its escort ships. After opening a file, we started tracking the ship’s movements and noticed that it frequently passes an emission cloud near <EM4>~mission(Location|Address)</EM4>. We want to use that to our advantage to launch a surprise attack. \n\nOnce on site, you should hide in the emission cloud to cloak your signature enough to allow you to make the first strike. Unfortunately, Foxwell can’t provide additional reinforcements for this operation, so you’ll be responsible for bringing any support forces. You might need the help too. The crew of the ~mission(AmbushTarget) is aggressive and battle hardened.        \n\nYou get this taken care of for us and there's a bonus payment of <EM4>~mission(ScripAmount) MG Scrip</EM4> in it for the main contractor.\n\nGood luck,\n\nEugene Walton\nDispatcher, Foxwell Enforcement\n'Security, Your Way'\n\nFoxwell Enforcement is a bonded security specialist licensed to operate throughout the UEE. We are always looking for new operators to join our family. If you or anyone you know is interested, please reach out to one of our contract representatives.\n\n<EM4>Reputation Awarded:</EM4> 300\n\n<EM4>Potential Blueprints</EM4>\n<EM4>Awarded from Head Contractor level variants</EM4>\n- Parallax ""Sunstone"" Energy Assault Rifle\n- Antium Arms Jet\n- Antium Core Jet\n- Antium Legs Jet\n- Parallax Rifle Battery (80 Cap)\n","Hemos recibido varias comunicaciones sobre ataques recientes realizados por una <EM4>~mission(AmbushTarget)</EM4> y sus naves escolta. Al abrir un expediente, comenzamos a rastrear los movimientos de la nave y notamos que pasa con frecuencia por una nube de emisiones cerca de <EM4>~mission(Location|Address)</EM4>. Queremos aprovechar eso para lanzar un ataque sorpresa.\n\nUna vez en el lugar, deberías esconderte en la nube de emisiones para ocultar tu firma lo suficiente como para lanzar el primer golpe. Desafortunadamente, Foxwell no puede proporcionar refuerzos adicionales para esta operación, así que serás responsable de traer tus propias fuerzas de apoyo. Y puede que las necesites. La tripulación de la ~mission(AmbushTarget) es agresiva y está curtida en combate.\n\nSi te encargas de esto por nosotros, habrá un pago adicional de <EM4>~mission(ScripAmount) MG Scrip</EM4> para el contratista principal.\n\nBuena suerte,\n\nEugene Walton\nOperador principal, Foxwell Enforcement\n'La seguridad, a tu manera'\n\nFoxwell Enforcement es una empresa especializada en seguridad con licencia para operar en todo el espacio de la UEE. Siempre estamos buscando nuevos operadores para que se unan a nuestra familia. Si tú o alguien que conoces está interesado, por favor contacta con uno de nuestros representantes de contratos.\n\n<EM3>BLUEPRINTS POTENCIALES</EM3>\n- Antium Jet (Brazos)\n- Antium Jet (Coraza)\n- Pantalones Antium Jet\n- Rifle de asalto energético Parallax ""Sunstone""\n- Batería de rifle Parallax (80 Cap)\n\n<EM3>OBJETO DE RECOMPENSA</EM3>\n- Bono del GM\n\n<EM3>DETALLES DE MISION</EM3>\n<EM4>Tipo de misión:</EM4> Cadena\n<EM4>Dificultad (1-7):</EM4> Combate 7/7 | Complejidad 7/7 | Riesgo 7/7 | Conocimiento 6/7\n<EM4>Hostiles:</EM4> Pilotos de élite x1, Aliados hostiles x1, Oleada hostil x6, Objetivos x1\n<EM4>Piloto de élite:</EM4> Sí\n<EM4>Contratista Principal:</EM4> 300 Rep (Contratista)\n<EM4>Recompensa de blueprint:</EM4> Garantizado","Hemos recibido varias comunicaciones sobre ataques recientes realizados por una <EM4>~mission(AmbushTarget)</EM4> y sus naves escolta. Al abrir un expediente, comenzamos a rastrear los movimientos de la nave y notamos que pasa con frecuencia por una nube de emisiones cerca de <EM4>~mission(Location|Address)</EM4>. Queremos aprovechar eso para lanzar un ataque sorpresa.\n\nUna vez en el lugar, deberías esconderte en la nube de emisiones para ocultar tu firma lo suficiente como para lanzar el primer golpe. Desafortunadamente, Foxwell no puede proporcionar refuerzos adicionales para esta operación, así que serás responsable de traer tus propias fuerzas de apoyo. Y puede que las necesites. La tripulación de la ~mission(AmbushTarget) es agresiva y está curtida en combate.\n\nSi te encargas de esto por nosotros, habrá un pago adicional de <EM4>~mission(ScripAmount) MG Scrip</EM4> para el contratista principal.\n\nBuena suerte,\n\nEugene Walton\nOperador principal, Foxwell Enforcement\n'La seguridad, a tu manera'\n\nFoxwell Enforcement es una empresa especializada en seguridad con licencia para operar en todo el espacio de la UEE. Siempre estamos buscando nuevos operadores para que se unan a nuestra familia. Si tú o alguien que conoces está interesado, por favor contacta con uno de nuestros representantes de contratos.\n\n<EM3>BLUEPRINTS POTENCIALES</EM3>\n- Antium Jet (Brazos)\n- Antium Jet (Coraza)\n- Antium Jet (Casco)\n- Pantalones Antium Jet\n- Rifle de asalto energético Parallax ""Sunstone""\n- Batería de rifle Parallax (80 Cap)\n\n<EM3>OBJETO DE RECOMPENSA</EM3>\n- Bono del GM\n\n<EM3>DETALLES DE MISION</EM3>\n<EM4>Tipo de misión:</EM4> Cadena\n<EM4>Dificultad (1-7):</EM4> Combate 7/7 | Complejidad 7/7 | Riesgo 7/7 | Conocimiento 6/7\n<EM4>Hostiles:</EM4> Pilotos de élite x1, Aliados hostiles x1, Oleada hostil x6, Objetivos x1\n<EM4>Piloto de élite:</EM4> Sí\n<EM4>Contratista Principal:</EM4> 300 Rep (Contratista)\n<EM4>Recompensa de blueprint:</EM4> Garantizado"
cambiada,Foxwell_ShipAmbush_VE_desc_001,"Care to help us ghost a bad guy? \n\nWe’ve been hired to hunt down an outlaw flying a <EM4>~mission(AmbushTarget)</EM4>. Shouldn’t be too hard since they take the same flightpath each day. That makes them a prime target for an ambush if I ever saw one. I’ve analyzed the route and determined that <EM4>~mission(Location|Address)</EM4> is the ideal spot to strike. There’s an emission cloud there that’ll be perfect to hide your ship’s signature while you wait.   \n\nJob is simple if you’re interested. Head to the location, hide out, power down, and then wait for them to fly by. Sometimes they roll alone but they often have other single-seat ships with them. Shouldn’t be too hard to handle for a pro. Plus, we’ll still have reinforcements nearby and ready to deploy once it pops off.\n\nPull this off and we'll give the main contractor a bonus payment of <EM4>~mission(ScripAmount) MG Scrip</EM4>.\n\nGood luck,\n\n\nEugene Walton\nDispatcher, Foxwell Enforcement\n'Security, Your Way'\n\nFoxwell Enforcement is a bonded security specialist licensed to operate throughout the UEE. We are always looking for new operators to join our family. If you or anyone you know is interested, please reach out to one of our contract representatives.\n\n<EM4>Reputation Awarded:</EM4> 100\n\n<EM4>Potential Blueprints</EM4>\n<EM4>Awarded from Neutral level variants</EM4>\n- Parallax ""Sunstone"" Energy Assault Rifle\n- Antium Arms Jet\n- Antium Core Jet\n- Antium Legs Jet\n- Parallax Rifle Battery (80 Cap)\n","¿Te apetece ayudarnos a hacer desaparecer a un tipo peligroso? \n\nNos han contratado para cazar a un forajido que pilota un <EM4>~mission(AmbushTarget)</EM4>. No debería ser muy difícil, ya que sigue la misma ruta de vuelo cada día. Eso lo convierte en un objetivo perfecto para una emboscada. He analizado la ruta y determinado que <EM4>~mission(Location|Address)</EM4> es el lugar ideal para atacar. Hay una nube de emisiones allí que será perfecta para ocultar la firma de tu nave mientras esperas.   \n\nEl trabajo es sencillo si te interesa. Ve al lugar, escóndete, apaga sistemas, y espera a que pase. A veces vuela solo, pero a menudo lo acompañan otras naves monoplaza. No debería ser difícil de manejar para un profesional. Además, tendremos refuerzos cerca listos para desplegarse cuando empiece todo.\n\nSi lo consigues, le daremos al contratista principal un pago adicional de <EM4>~mission(ScripAmount) MG Scrip</EM4>.\n\nBuena suerte,\n\n\nEugene Walton\nDespachador, Foxwell Enforcement\n'Seguridad, a tu manera'\n\nFoxwell Enforcement es un especialista en seguridad acreditado y autorizado para operar en toda la UEE. Siempre estamos buscando nuevos operativos para unirse a nuestra familia. Si tú o alguien que conoces está interesado, por favor contacta con uno de nuestros representantes de contratos.\n\n<EM3>BLUEPRINTS POTENCIALES</EM3>\n- Antium Jet (Brazos)\n- Antium Jet (Coraza)\n- Pantalones Antium Jet\n- Rifle de asalto energético Parallax ""Sunstone""\n- Batería de rifle Parallax (80 Cap)\n\n<EM3>OBJETO DE RECOMPENSA</EM3>\n- Bono del GM\n\n<EM3>DETALLES DE MISION</EM3>\n<EM4>Tipo de misión:</EM4> Cadena\n<EM4>Dificultad (1-7):</EM4> Combate 3/7 | Complejidad 4/7 | Riesgo 4/7 | Conocimiento 4/7\n<EM4>Hostiles:</EM4> Pilotos de élite x1, Aliados hostiles x1, Oleada hostil x6, Objetivos x2\n<EM4>Piloto de élite:</EM4> Sí\n<EM4>Neutro:</EM4> 100 Rep\n<EM4>Recompensa de blueprint:</EM4> Garantizado","¿Te apetece ayudarnos a hacer desaparecer a un tipo peligroso? \n\nNos han contratado para cazar a un forajido que pilota un <EM4>~mission(AmbushTarget)</EM4>. No debería ser muy difícil, ya que sigue la misma ruta de vuelo cada día. Eso lo convierte en un objetivo perfecto para una emboscada. He analizado la ruta y determinado que <EM4>~mission(Location|Address)</EM4> es el lugar ideal para atacar. Hay una nube de emisiones allí que será perfecta para ocultar la firma de tu nave mientras esperas.   \n\nEl trabajo es sencillo si te interesa. Ve al lugar, escóndete, apaga sistemas, y espera a que pase. A veces vuela solo, pero a menudo lo acompañan otras naves monoplaza. No debería ser difícil de manejar para un profesional. Además, tendremos refuerzos cerca listos para desplegarse cuando empiece todo.\n\nSi lo consigues, le daremos al contratista principal un pago adicional de <EM4>~mission(ScripAmount) MG Scrip</EM4>.\n\nBuena suerte,\n\n\nEugene Walton\nDespachador, Foxwell Enforcement\n'Seguridad, a tu manera'\n\nFoxwell Enforcement es un especialista en seguridad acreditado y autorizado para operar en toda la UEE. Siempre estamos buscando nuevos operativos para unirse a nuestra familia. Si tú o alguien que conoces está interesado, por favor contacta con uno de nuestros representantes de contratos.\n\n<EM3>BLUEPRINTS POTENCIALES</EM3>\n- Antium Jet (Brazos)\n- Antium Jet (Coraza)\n- Antium Jet (Casco)\n- Pantalones Antium Jet\n- Rifle de asalto energético Parallax ""Sunstone""\n- Batería de rifle Parallax (80 Cap)\n\n<EM3>OBJETO DE RECOMPENSA</EM3>\n- Bono del GM\n\n<EM3>DETALLES DE MISION</EM3>\n<EM4>Tipo de misión:</EM4> Cadena\n<EM4>Dificultad (1-7):</EM4> Combate 3/7 | Complejidad 4/7 | Riesgo 4/7 | Conocimiento 4/7\n<EM4>Hostiles:</EM4> Pilotos de élite x1, Aliados hostiles x1, Oleada hostil x6, Objetivos x2\n<EM4>Piloto de élite:</EM4> Sí\n<EM4>Neutro:</EM4> 100 Rep\n<EM4>Recompensa de blueprint:</EM4> Garantizado"
cambiada,Foxwell_ShipAmbush_VH_desc_001,"Foxwell got word from an important client that outlaws have put together a squad that’s been stalking the system with sub-capital ships and escort fighters. Our client is concerned that if left unchecked, outlaws will create more of these attack squads and destabilize system security. We’ve been hired to wipe out this group before that happens. \n\nWe need a confident and skilled contractor for this task. Good news is that we have a plan in place. One of the ships used by this squad, a <EM4>~mission(AmbushTarget)</EM4>, was stolen from our client, who’s still able to track its movements. They’ve shared the location data with us and we’ve discovered that this squad often goes by <EM4>~mission(Location|Address)</EM4>. We’ve scouted the location and discovered a large emission cloud makes an ideal spot for an ambush.  \n\nNot going to lie, this isn’t going to be easy. We don’t have any additional forces available to deploy, so it would be good to bring your own support. \n\nYou manage to pull this off, I've arranged for a bonus payment of <EM4>~mission(ScripAmount) MG Scrip</EM4> for the main contractor.\n\nGood luck,\n\nEugene Walton\nDispatcher, Foxwell Enforcement\n'Security, Your Way'\n\nFoxwell Enforcement is a bonded security specialist licensed to operate throughout the UEE. We are always looking for new operators to join our family. If you or anyone you know is interested, please reach out to one of our contract representatives.\n\n<EM4>Reputation Awarded:</EM4> 250\n\n<EM4>Potential Blueprints</EM4>\n<EM4>Awarded from Veteran Contractor level variants</EM4>\n- Parallax ""Sunstone"" Energy Assault Rifle\n- Antium Arms Jet\n- Antium Core Jet\n- Antium Legs Jet\n- Parallax Rifle Battery (80 Cap)\n","Foxwell recibió información de un cliente importante de que un grupo de forajidos ha formado una escuadra que acecha el sistema con naves subcapitales y cazas escolta. Nuestro cliente teme que, si no se los detiene, los forajidos formarán más de estas escuadras de ataque y desestabilizarán la seguridad del sistema. Nos han contratado para eliminar a este grupo antes de que eso ocurra.\n\nNecesitamos un contratista con confianza y experiencia para esta tarea. La buena noticia es que ya tenemos un plan. Una de las naves utilizadas por esta escuadra, una <EM4>~mission(AmbushTarget)</EM4>, fue robada a nuestro cliente, quien aún puede rastrear sus movimientos. Nos compartieron los datos de ubicación y descubrimos que esta escuadra suele pasar por <EM4>~mission(Location|Address)</EM4>. Exploramos la zona y encontramos que una gran nube de emisiones la convierte en el lugar ideal para una emboscada.\n\nNo voy a mentirte, esto no será fácil. No tenemos fuerzas adicionales para desplegar, así que sería buena idea que traigas tu propio apoyo.\n\nSi lo logras, he acordado un pago adicional de <EM4>~mission(ScripAmount) MG Scrip</EM4> para el contratista principal.\n\nBuena suerte,\n\nEugene Walton\nOperador principal, Foxwell Enforcement\n'La seguridad, a tu manera'\n\nFoxwell Enforcement es una empresa especializada en seguridad con licencia para operar en todo el espacio de la UEE. Siempre estamos buscando nuevos operadores para que se unan a nuestra familia. Si tú o alguien que conoces está interesado, por favor contacta con uno de nuestros representantes de contratos.\n\n<EM3>BLUEPRINTS POTENCIALES</EM3>\n- Antium Jet (Brazos)\n- Antium Jet (Coraza)\n- Pantalones Antium Jet\n- Rifle de asalto energético Parallax ""Sunstone""\n- Batería de rifle Parallax (80 Cap)\n\n<EM3>OBJETO DE RECOMPENSA</EM3>\n- Bono del GM\n\n<EM3>DETALLES DE MISION</EM3>\n<EM4>Tipo de misión:</EM4> Cadena\n<EM4>Dificultad (1-7):</EM4> Combate 6/7 | Complejidad 5/7 | Riesgo 7/7 | Conocimiento 5/7\n<EM4>Hostiles:</EM4> Pilotos de élite x1, Aliados hostiles x1, Oleada hostil x11, Objetivos x3\n<EM4>Piloto de élite:</EM4> Sí\n<EM4>Contratista Veterano:</EM4> 250 Rep (Contratista)\n<EM4>Recompensa de blueprint:</EM4> Garantizado","Foxwell recibió información de un cliente importante de que un grupo de forajidos ha formado una escuadra que acecha el sistema con naves subcapitales y cazas escolta. Nuestro cliente teme que, si no se los detiene, los forajidos formarán más de estas escuadras de ataque y desestabilizarán la seguridad del sistema. Nos han contratado para eliminar a este grupo antes de que eso ocurra.\n\nNecesitamos un contratista con confianza y experiencia para esta tarea. La buena noticia es que ya tenemos un plan. Una de las naves utilizadas por esta escuadra, una <EM4>~mission(AmbushTarget)</EM4>, fue robada a nuestro cliente, quien aún puede rastrear sus movimientos. Nos compartieron los datos de ubicación y descubrimos que esta escuadra suele pasar por <EM4>~mission(Location|Address)</EM4>. Exploramos la zona y encontramos que una gran nube de emisiones la convierte en el lugar ideal para una emboscada.\n\nNo voy a mentirte, esto no será fácil. No tenemos fuerzas adicionales para desplegar, así que sería buena idea que traigas tu propio apoyo.\n\nSi lo logras, he acordado un pago adicional de <EM4>~mission(ScripAmount) MG Scrip</EM4> para el contratista principal.\n\nBuena suerte,\n\nEugene Walton\nOperador principal, Foxwell Enforcement\n'La seguridad, a tu manera'\n\nFoxwell Enforcement es una empresa especializada en seguridad con licencia para operar en todo el espacio de la UEE. Siempre estamos buscando nuevos operadores para que se unan a nuestra familia. Si tú o alguien que conoces está interesado, por favor contacta con uno de nuestros representantes de contratos.\n\n<EM3>BLUEPRINTS POTENCIALES</EM3>\n- Antium Jet (Brazos)\n- Antium Jet (Coraza)\n- Antium Jet (Casco)\n- Pantalones Antium Jet\n- Rifle de asalto energético Parallax ""Sunstone""\n- Batería de rifle Parallax (80 Cap)\n\n<EM3>OBJETO DE RECOMPENSA</EM3>\n- Bono del GM\n\n<EM3>DETALLES DE MISION</EM3>\n<EM4>Tipo de misión:</EM4> Cadena\n<EM4>Dificultad (1-7):</EM4> Combate 6/7 | Complejidad 5/7 | Riesgo 7/7 | Conocimiento 5/7\n<EM4>Hostiles:</EM4> Pilotos de élite x1, Aliados hostiles x1, Oleada hostil x11, Objetivos x3\n<EM4>Piloto de élite:</EM4> Sí\n<EM4>Contratista Veterano:</EM4> 250 Rep (Contratista)\n<EM4>Recompensa de blueprint:</EM4> Garantizado"
cambiada,"Foxwell_bombingrun_E_desc_001,P","We've just received the location of an outlaw outpost where some up-and-coming criminals have been hanging out. Now, our client says there's no reason to engage these folks directly. Instead you will be targeting their supply lines.\n\nFly on over to <EM4>~mission(Location|Address)</EM4> and take out their fuel stores while dealing with any minimal resistance they may put up. It will be your call on how much you engage with the hostile forces, just don't forget that your main objective is ensuring those fuel tanks are out of action.\n\nThis is a yellow level contract so pay will be proportionate.\n\nGood luck,\n\nEugene Walton\nDispatcher, Foxwell Enforcement\n'Security, Your Way'\n\nFoxwell Enforcement is a bonded security specialist licensed to operate throughout the UEE. We are always looking for new operators to join our family. If you or anyone you know is interested, please reach out to one of our contract representatives.\n\n<EM4>Reputation Awarded:</EM4> 100\n\n<EM4>Potential Blueprints</EM4>\n<EM4>Awarded from Jr. Contractor level variants</EM4>\n- Antium Helmet Jet\n- Antium Core Maroon\n- Antium Legs Maroon\n- Antium Helmet Maroon\n- Antium Helmet Moss Camo\n- Antium Arms Moss Camo\n- Antium Core Moss Camo\n- Antium Legs Moss Camo\n","Acabamos de recibir la ubicación de un puesto avanzado de forajidos donde algunos criminales emergentes han estado reuniéndose. Ahora bien, nuestro cliente dice que no hay necesidad de enfrentarse directamente a esta gente. En su lugar, atacarás sus líneas de suministro.\n\nVuela hasta <EM4>~mission(Location|Address)</EM4> y destruye sus depósitos de combustible mientras te ocupas de cualquier resistencia mínima que puedan ofrecer. Tú decides cuánto enfrentarte a las fuerzas hostiles, pero no olvides que tu objetivo principal es asegurarte de que esos tanques de combustible queden fuera de servicio.\n\nEste es un contrato de nivel amarillo, así que el pago será proporcional.\n\nBuena suerte,\n\nEugene Walton\nDespachador, Foxwell Enforcement\n'Seguridad, a tu manera'\n\nFoxwell Enforcement es un especialista en seguridad autorizado para operar en toda la UEE. Siempre estamos buscando nuevos operadores que se unan a nuestra familia. Si tú o alguien que conozcas está interesado, ponte en contacto con uno de nuestros representantes de contratos.\n\n<EM3>BLUEPRINTS POTENCIALES</EM3>\n- Antium Jet (Casco)\n- Antium Moss Camo (Brazos)\n- Antium Maroon (Coraza)\n- Antium Moss Camo (Coraza)\n- Antium Maroon (Casco)\n- Antium Camo Musgo (Casco)\n- Pantalones Antium Maroon\n- Pantalones Antium Camo Musgo\n\n<EM3>DETALLES DE MISION</EM3>\n<EM4>Tipo de misión:</EM4> Cadena\n<EM4>Dificultad (1-7):</EM4> Combate 4/7 | Complejidad 4/7 | Riesgo 4/7 | Conocimiento 4/7\n<EM4>Hostiles:</EM4> Hostiles x3\n<EM4>Contratista Jr.:</EM4> 100 Rep (Contratista)\n<EM4>Recompensa de blueprint:</EM4> Garantizado","Acabamos de recibir la ubicación de un puesto avanzado de forajidos donde algunos criminales emergentes han estado reuniéndose. Ahora bien, nuestro cliente dice que no hay necesidad de enfrentarse directamente a esta gente. En su lugar, atacarás sus líneas de suministro.\n\nVuela hasta <EM4>~mission(Location|Address)</EM4> y destruye sus depósitos de combustible mientras te ocupas de cualquier resistencia mínima que puedan ofrecer. Tú decides cuánto enfrentarte a las fuerzas hostiles, pero no olvides que tu objetivo principal es asegurarte de que esos tanques de combustible queden fuera de servicio.\n\nEste es un contrato de nivel amarillo, así que el pago será proporcional.\n\nBuena suerte,\n\nEugene Walton\nDespachador, Foxwell Enforcement\n'Seguridad, a tu manera'\n\nFoxwell Enforcement es un especialista en seguridad autorizado para operar en toda la UEE. Siempre estamos buscando nuevos operadores que se unan a nuestra familia. Si tú o alguien que conozcas está interesado, ponte en contacto con uno de nuestros representantes de contratos.\n\n<EM3>BLUEPRINTS POTENCIALES</EM3>\n- Antium Maroon (Brazos)\n- Antium Moss Camo (Brazos)\n- Antium Maroon (Coraza)\n- Antium Moss Camo (Coraza)\n- Antium Maroon (Casco)\n- Antium Camo Musgo (Casco)\n- Pantalones Antium Maroon\n- Pantalones Antium Camo Musgo\n\n<EM3>DETALLES DE MISION</EM3>\n<EM4>Tipo de misión:</EM4> Cadena\n<EM4>Dificultad (1-7):</EM4> Combate 4/7 | Complejidad 4/7 | Riesgo 4/7 | Conocimiento 4/7\n<EM4>Hostiles:</EM4> Hostiles x3\n<EM4>Contratista Jr.:</EM4> 100 Rep (Contratista)\n<EM4>Recompensa de blueprint:</EM4> Garantizado"
cambiada,"Foxwell_bombingrun_H_desc_001,P","An opportunity has presented itself for a client to take action against a group of criminals who have been harassing their business.\n\nAccording to reports, this group of outlaws are currently laying low at <EM4>~mission(Location|Address)</EM4>. The client thinks this is a good time to catch them off guard and bring them to justice. The job is to take out their fuel tanks and putting an end to their smuggling operations once and for all.\n\nThese folks are not to be underestimated. You better bring some backup and fly low to avoid the turrets. Priority as always is the fuel tanks.\n\nGood luck,\n\nEugene Walton\nDispatcher, Foxwell Enforcement\n'Security, Your Way'\n\nFoxwell Enforcement is a bonded security specialist licensed to operate throughout the UEE. We are always looking for new operators to join our family. If you or anyone you know is interested, please reach out to one of our contract representatives.\n\n<EM4>Reputation Awarded:</EM4> 200\n\n<EM4>Potential Blueprints</EM4>\n<EM4>Awarded from Sr. Contractor level variants</EM4>\n- Antium Helmet Jet\n- Antium Core Maroon\n- Antium Legs Maroon\n- Antium Helmet Maroon\n- Antium Helmet Moss Camo\n- Antium Arms Moss Camo\n- Antium Core Moss Camo\n- Antium Legs Moss Camo\n","Ha surgido una oportunidad para que un cliente tome medidas contra un grupo de criminales que ha estado acosando su negocio.\n\nSegún los informes, este grupo de forajidos se está ocultando actualmente en <EM4>~mission(Location|Address)</EM4>. El cliente cree que es un buen momento para pillarlos desprevenidos y llevarlos ante la justicia. El trabajo consiste en destruir sus tanques de combustible y poner fin a sus operaciones de contrabando de una vez por todas.\n\nNo hay que subestimar a esta gente. Será mejor que traigas refuerzos y vueles bajo para evitar las torretas. La prioridad, como siempre, son los tanques de combustible.\n\nBuena suerte,\n\nEugene Walton\nDespachador, Foxwell Enforcement\n'Seguridad, a tu manera'\n\nFoxwell Enforcement es un especialista en seguridad autorizado para operar en toda la UEE. Siempre estamos buscando nuevos operadores que se unan a nuestra familia. Si tú o alguien que conozcas está interesado, ponte en contacto con uno de nuestros representantes de contratos.\n\n<EM3>BLUEPRINTS POTENCIALES</EM3>\n- Antium Jet (Casco)\n- Antium Moss Camo (Brazos)\n- Antium Maroon (Coraza)\n- Antium Moss Camo (Coraza)\n- Antium Maroon (Casco)\n- Antium Camo Musgo (Casco)\n- Pantalones Antium Maroon\n- Pantalones Antium Camo Musgo\n\n<EM3>DETALLES DE MISION</EM3>\n<EM4>Tipo de misión:</EM4> Cadena\n<EM4>Dificultad (1-7):</EM4> Combate 4/7 | Complejidad 4/7 | Riesgo 5/7 | Conocimiento 4/7\n<EM4>Hostiles:</EM4> Hostiles x7\n<EM4>Contratista Sr.:</EM4> 200 Rep (Contratista)\n<EM4>Recompensa de blueprint:</EM4> Garantizado","Ha surgido una oportunidad para que un cliente tome medidas contra un grupo de criminales que ha estado acosando su negocio.\n\nSegún los informes, este grupo de forajidos se está ocultando actualmente en <EM4>~mission(Location|Address)</EM4>. El cliente cree que es un buen momento para pillarlos desprevenidos y llevarlos ante la justicia. El trabajo consiste en destruir sus tanques de combustible y poner fin a sus operaciones de contrabando de una vez por todas.\n\nNo hay que subestimar a esta gente. Será mejor que traigas refuerzos y vueles bajo para evitar las torretas. La prioridad, como siempre, son los tanques de combustible.\n\nBuena suerte,\n\nEugene Walton\nDespachador, Foxwell Enforcement\n'Seguridad, a tu manera'\n\nFoxwell Enforcement es un especialista en seguridad autorizado para operar en toda la UEE. Siempre estamos buscando nuevos operadores que se unan a nuestra familia. Si tú o alguien que conozcas está interesado, ponte en contacto con uno de nuestros representantes de contratos.\n\n<EM3>BLUEPRINTS POTENCIALES</EM3>\n- Antium Maroon (Brazos)\n- Antium Moss Camo (Brazos)\n- Antium Maroon (Coraza)\n- Antium Moss Camo (Coraza)\n- Antium Maroon (Casco)\n- Antium Camo Musgo (Casco)\n- Pantalones Antium Maroon\n- Pantalones Antium Camo Musgo\n\n<EM3>DETALLES DE MISION</EM3>\n<EM4>Tipo de misión:</EM4> Cadena\n<EM4>Dificultad (1-7):</EM4> Combate 4/7 | Complejidad 4/7 | Riesgo 5/7 | Conocimiento 4/7\n<EM4>Hostiles:</EM4> Hostiles x7\n<EM4>Contratista Sr.:</EM4> 200 Rep (Contratista)\n<EM4>Recompensa de blueprint:</EM4> Garantizado"
cambiada,"Foxwell_bombingrun_M_desc_001,P","We're in need of a sharp contractor for a hit and run operation. Client says some local thugs have been congregating in concerning numbers and we have been tasked with disrupting their base of operations.\n\nGet on over to <EM4>~mission(Location|Address)</EM4> and take out their fuel tanks. If you're successful we can set these folks plans back a while, and most importantly, without having to deal with them directly.\n\nReports are showing there's a couple of ships buzzing around the area and some defense turrets. Just focus on the fuel tanks and you should be alright.\n\nGood luck,\n\nEugene Walton\nDispatcher, Foxwell Enforcement\n'Security, Your Way'\n\nFoxwell Enforcement is a bonded security specialist licensed to operate throughout the UEE. We are always looking for new operators to join our family. If you or anyone you know is interested, please reach out to one of our contract representatives.\n\n<EM4>Reputation Awarded:</EM4> 150\n\n<EM4>Potential Blueprints</EM4>\n<EM4>Awarded from Contractor level variants</EM4>\n- Antium Helmet Jet\n- Antium Core Maroon\n- Antium Legs Maroon\n- Antium Helmet Maroon\n- Antium Helmet Moss Camo\n- Antium Arms Moss Camo\n- Antium Core Moss Camo\n- Antium Legs Moss Camo\n","Necesitamos un contratista rápido para una operación de golpe y fuga. El cliente dice que algunos matones locales se han estado reuniendo en números preocupantes y se nos ha encargado interrumpir su base de operaciones.\n\nDirígete a <EM4>~mission(Location|Address)</EM4> y destruye sus tanques de combustible. Si lo consigues, podremos retrasar sus planes durante un tiempo y, lo más importante, sin tener que enfrentarnos directamente a ellos.\n\nLos informes indican que hay un par de naves patrullando la zona y algunas torretas defensivas. Solo céntrate en los tanques de combustible y deberías estar bien.\n\nBuena suerte,\n\nEugene Walton\nDespachador, Foxwell Enforcement\n'Seguridad, a tu manera'\n\nFoxwell Enforcement es un especialista en seguridad autorizado para operar en toda la UEE. Siempre estamos buscando nuevos operadores que se unan a nuestra familia. Si tú o alguien que conozcas está interesado, ponte en contacto con uno de nuestros representantes de contratos.\n\n<EM3>BLUEPRINTS POTENCIALES</EM3>\n- Antium Jet (Casco)\n- Antium Moss Camo (Brazos)\n- Antium Maroon (Coraza)\n- Antium Moss Camo (Coraza)\n- Antium Maroon (Casco)\n- Antium Camo Musgo (Casco)\n- Pantalones Antium Maroon\n- Pantalones Antium Camo Musgo\n\n<EM3>DETALLES DE MISION</EM3>\n<EM4>Tipo de misión:</EM4> Cadena\n<EM4>Dificultad (1-7):</EM4> Combate 4/7 | Complejidad 4/7 | Riesgo 4/7 | Conocimiento 4/7\n<EM4>Hostiles:</EM4> Hostiles x4\n<EM4>Contratista:</EM4> 150 Rep\n<EM4>Recompensa de blueprint:</EM4> Garantizado","Necesitamos un contratista rápido para una operación de golpe y fuga. El cliente dice que algunos matones locales se han estado reuniendo en números preocupantes y se nos ha encargado interrumpir su base de operaciones.\n\nDirígete a <EM4>~mission(Location|Address)</EM4> y destruye sus tanques de combustible. Si lo consigues, podremos retrasar sus planes durante un tiempo y, lo más importante, sin tener que enfrentarnos directamente a ellos.\n\nLos informes indican que hay un par de naves patrullando la zona y algunas torretas defensivas. Solo céntrate en los tanques de combustible y deberías estar bien.\n\nBuena suerte,\n\nEugene Walton\nDespachador, Foxwell Enforcement\n'Seguridad, a tu manera'\n\nFoxwell Enforcement es un especialista en seguridad autorizado para operar en toda la UEE. Siempre estamos buscando nuevos operadores que se unan a nuestra familia. Si tú o alguien que conozcas está interesado, ponte en contacto con uno de nuestros representantes de contratos.\n\n<EM3>BLUEPRINTS POTENCIALES</EM3>\n- Antium Maroon (Brazos)\n- Antium Moss Camo (Brazos)\n- Antium Maroon (Coraza)\n- Antium Moss Camo (Coraza)\n- Antium Maroon (Casco)\n- Antium Camo Musgo (Casco)\n- Pantalones Antium Maroon\n- Pantalones Antium Camo Musgo\n\n<EM3>DETALLES DE MISION</EM3>\n<EM4>Tipo de misión:</EM4> Cadena\n<EM4>Dificultad (1-7):</EM4> Combate 4/7 | Complejidad 4/7 | Riesgo 4/7 | Conocimiento 4/7\n<EM4>Hostiles:</EM4> Hostiles x4\n<EM4>Contratista:</EM4> 150 Rep\n<EM4>Recompensa de blueprint:</EM4> Garantizado"
cambiada,"Foxwell_bombingrun_S_desc_001,P","We are looking for a highly competent mercenary team to assist with a challenging demolition for a VIP client.\n\nThe outlaws operating at <EM4>~mission(Location|Address)</EM4> has been identified as a threat of growing concern in the area and to help deal with this situation your team is being tasked with taking out the fuel tanks at the location. \n\nHowever, it won't be as easy as just slipping in and out - expect to deal with multiple hostiles and turrets that will be expecting you. The stronger your crew the better your chances at completing this operation successfully.\n\nGood luck,\n\nEugene Walton\nDispatcher, Foxwell Enforcement\n'Security, Your Way'\n\nFoxwell Enforcement is a bonded security specialist licensed to operate throughout the UEE. We are always looking for new operators to join our family. If you or anyone you know is interested, please reach out to one of our contract representatives.\n\n<EM4>Reputation Awarded:</EM4> 300\n\n<EM4>Potential Blueprints</EM4>\n<EM4>Awarded from Head Contractor level variants</EM4>\n- Antium Helmet Jet\n- Antium Core Maroon\n- Antium Legs Maroon\n- Antium Helmet Maroon\n- Antium Helmet Moss Camo\n- Antium Arms Moss Camo\n- Antium Core Moss Camo\n- Antium Legs Moss Camo\n","Buscamos un equipo de mercenarios altamente competente para ayudar con una demolición complicada para un cliente VIP.\n\nLos forajidos que operan en <EM4>~mission(Location|Address)</EM4> han sido identificados como una amenaza creciente en la zona y, para hacer frente a esta situación, tu equipo tiene la misión de destruir los tanques de combustible en la ubicación.\n\nSin embargo, no será tan fácil como entrar y salir sin más: espera enfrentarte a múltiples hostiles y torretas que estarán preparadas para recibiros. Cuanto más fuerte sea tu tripulación, mayores serán las posibilidades de completar la operación con éxito.\n\nBuena suerte,\n\nEugene Walton\nDespachador, Foxwell Enforcement\n'Seguridad, a tu manera'\n\nFoxwell Enforcement es un especialista en seguridad autorizado para operar en toda la UEE. Siempre estamos buscando nuevos operadores que se unan a nuestra familia. Si tú o alguien que conozcas está interesado, ponte en contacto con uno de nuestros representantes de contratos.\n\n<EM3>BLUEPRINTS POTENCIALES</EM3>\n- Antium Jet (Casco)\n- Antium Moss Camo (Brazos)\n- Antium Maroon (Coraza)\n- Antium Moss Camo (Coraza)\n- Antium Maroon (Casco)\n- Antium Camo Musgo (Casco)\n- Pantalones Antium Maroon\n- Pantalones Antium Camo Musgo\n\n<EM3>DETALLES DE MISION</EM3>\n<EM4>Tipo de misión:</EM4> Cadena\n<EM4>Dificultad (1-7):</EM4> Combate 5/7 | Complejidad 4/7 | Riesgo 5/7 | Conocimiento 4/7\n<EM4>Hostiles:</EM4> Hostiles x7\n<EM4>Contratista Principal:</EM4> 300 Rep (Contratista)\n<EM4>Recompensa de blueprint:</EM4> Garantizado","Buscamos un equipo de mercenarios altamente competente para ayudar con una demolición complicada para un cliente VIP.\n\nLos forajidos que operan en <EM4>~mission(Location|Address)</EM4> han sido identificados como una amenaza creciente en la zona y, para hacer frente a esta situación, tu equipo tiene la misión de destruir los tanques de combustible en la ubicación.\n\nSin embargo, no será tan fácil como entrar y salir sin más: espera enfrentarte a múltiples hostiles y torretas que estarán preparadas para recibiros. Cuanto más fuerte sea tu tripulación, mayores serán las posibilidades de completar la operación con éxito.\n\nBuena suerte,\n\nEugene Walton\nDespachador, Foxwell Enforcement\n'Seguridad, a tu manera'\n\nFoxwell Enforcement es un especialista en seguridad autorizado para operar en toda la UEE. Siempre estamos buscando nuevos operadores que se unan a nuestra familia. Si tú o alguien que conozcas está interesado, ponte en contacto con uno de nuestros representantes de contratos.\n\n<EM3>BLUEPRINTS POTENCIALES</EM3>\n- Antium Maroon (Brazos)\n- Antium Moss Camo (Brazos)\n- Antium Maroon (Coraza)\n- Antium Moss Camo (Coraza)\n- Antium Maroon (Casco)\n- Antium Camo Musgo (Casco)\n- Pantalones Antium Maroon\n- Pantalones Antium Camo Musgo\n\n<EM3>DETALLES DE MISION</EM3>\n<EM4>Tipo de misión:</EM4> Cadena\n<EM4>Dificultad (1-7):</EM4> Combate 5/7 | Complejidad 4/7 | Riesgo 5/7 | Conocimiento 4/7\n<EM4>Hostiles:</EM4> Hostiles x7\n<EM4>Contratista Principal:</EM4> 300 Rep (Contratista)\n<EM4>Recompensa de blueprint:</EM4> Garantizado"
cambiada,"Foxwell_bombingrun_VE_desc_001,P","A bunch of outlaws have been harassing our client and recently things have taken a turn for the worse. They've taken over their property and we've exhausted all other options.\n\nWe need a decent pilot to head to <EM4>~mission(Location|Address)</EM4> and take out their fuel tanks. If you can cut off their supplies, you can pave the way for the client to take back their property.\n\nThis shouldn't be a tough one. You might run into a ship or two and maybe a few turrets, but you've been authorized to use lethal force. All we need for you to do is get in there, get the fuel tanks, and get out.\n\nGood luck,\n\nEugene Walton\nDispatcher, Foxwell Enforcement\n'Security, Your Way'\n\nFoxwell Enforcement is a bonded security specialist licensed to operate throughout the UEE. We are always looking for new operators to join our family. If you or anyone you know is interested, please reach out to one of our contract representatives.\n\n<EM4>Reputation Awarded:</EM4> 100\n\n<EM4>Potential Blueprints</EM4>\n<EM4>Awarded from Neutral level variants</EM4>\n- Antium Helmet Jet\n- Antium Core Maroon\n- Antium Legs Maroon\n- Antium Helmet Maroon\n- Antium Helmet Moss Camo\n- Antium Arms Moss Camo\n- Antium Core Moss Camo\n- Antium Legs Moss Camo\n","Un grupo de forajidos ha estado acosando a nuestro cliente y recientemente la situación ha empeorado. Han tomado el control de su propiedad y hemos agotado todas las demás opciones.\n\nNecesitamos un piloto competente que se dirija a <EM4>~mission(Location|Address)</EM4> y destruya sus tanques de combustible. Si consigues cortar sus suministros, podrás allanar el camino para que el cliente recupere su propiedad.\n\nEsto no debería ser demasiado difícil. Puede que te encuentres con una o dos naves y quizá algunas torretas, pero estás autorizado a usar fuerza letal. Todo lo que necesitamos es que entres, destruyas los tanques de combustible y salgas.\n\nBuena suerte,\n\nEugene Walton\nDespachador, Foxwell Enforcement\n'Seguridad, a tu manera'\n\nFoxwell Enforcement es un especialista en seguridad autorizado para operar en toda la UEE. Siempre estamos buscando nuevos operadores que se unan a nuestra familia. Si tú o alguien que conozcas está interesado, ponte en contacto con uno de nuestros representantes de contratos.\n\n<EM3>BLUEPRINTS POTENCIALES</EM3>\n- Antium Jet (Casco)\n- Antium Moss Camo (Brazos)\n- Antium Maroon (Coraza)\n- Antium Moss Camo (Coraza)\n- Antium Maroon (Casco)\n- Antium Camo Musgo (Casco)\n- Pantalones Antium Maroon\n- Pantalones Antium Camo Musgo\n\n<EM3>DETALLES DE MISION</EM3>\n<EM4>Tipo de misión:</EM4> Cadena\n<EM4>Dificultad (1-7):</EM4> Combate 4/7 | Complejidad 4/7 | Riesgo 4/7 | Conocimiento 4/7\n<EM4>Hostiles:</EM4> Hostiles x2\n<EM4>Neutro:</EM4> 100 Rep\n<EM4>Recompensa de blueprint:</EM4> Garantizado","Un grupo de forajidos ha estado acosando a nuestro cliente y recientemente la situación ha empeorado. Han tomado el control de su propiedad y hemos agotado todas las demás opciones.\n\nNecesitamos un piloto competente que se dirija a <EM4>~mission(Location|Address)</EM4> y destruya sus tanques de combustible. Si consigues cortar sus suministros, podrás allanar el camino para que el cliente recupere su propiedad.\n\nEsto no debería ser demasiado difícil. Puede que te encuentres con una o dos naves y quizá algunas torretas, pero estás autorizado a usar fuerza letal. Todo lo que necesitamos es que entres, destruyas los tanques de combustible y salgas.\n\nBuena suerte,\n\nEugene Walton\nDespachador, Foxwell Enforcement\n'Seguridad, a tu manera'\n\nFoxwell Enforcement es un especialista en seguridad autorizado para operar en toda la UEE. Siempre estamos buscando nuevos operadores que se unan a nuestra familia. Si tú o alguien que conozcas está interesado, ponte en contacto con uno de nuestros representantes de contratos.\n\n<EM3>BLUEPRINTS POTENCIALES</EM3>\n- Antium Maroon (Brazos)\n- Antium Moss Camo (Brazos)\n- Antium Maroon (Coraza)\n- Antium Moss Camo (Coraza)\n- Antium Maroon (Casco)\n- Antium Camo Musgo (Casco)\n- Pantalones Antium Maroon\n- Pantalones Antium Camo Musgo\n\n<EM3>DETALLES DE MISION</EM3>\n<EM4>Tipo de misión:</EM4> Cadena\n<EM4>Dificultad (1-7):</EM4> Combate 4/7 | Complejidad 4/7 | Riesgo 4/7 | Conocimiento 4/7\n<EM4>Hostiles:</EM4> Hostiles x2\n<EM4>Neutro:</EM4> 100 Rep\n<EM4>Recompensa de blueprint:</EM4> Garantizado"
cambiada,"Foxwell_bombingrun_VH_desc_001,P","Foxwell have been hired by a client to take part in a multi-stage operation on a known outlaw base at <EM4>~mission(Location|Address)</EM4> and need a strong pilot to play their part in this.\n\nYou, and whatever additional support ships you arrange, will be tasked with taking out the fuel tanks located there to set the stage for the rest of the operation to follow. \n\nUnfortunately, this place is swarming with ships and anti-air turrets. So make sure you and your people are ready, and remember, the fuel tanks are your priority. No need to be a hero.\n\nGood luck,\n\nEugene Walton\nDispatcher, Foxwell Enforcement\n'Security, Your Way'\n\nFoxwell Enforcement is a bonded security specialist licensed to operate throughout the UEE. We are always looking for new operators to join our family. If you or anyone you know is interested, please reach out to one of our contract representatives.\n\n<EM4>Reputation Awarded:</EM4> 250\n\n<EM4>Potential Blueprints</EM4>\n<EM4>Awarded from Veteran Contractor level variants</EM4>\n- Antium Helmet Jet\n- Antium Core Maroon\n- Antium Legs Maroon\n- Antium Helmet Maroon\n- Antium Helmet Moss Camo\n- Antium Arms Moss Camo\n- Antium Core Moss Camo\n- Antium Legs Moss Camo\n","Foxwell ha sido contratada por un cliente para participar en una operación de varias fases en una base de forajidos conocida en <EM4>~mission(Location|Address)</EM4> y necesita un piloto competente para desempeñar su papel.\n\nTú, y cualquier nave de apoyo que consigas reunir, tendréis la misión de destruir los tanques de combustible ubicados allí para preparar el terreno para el resto de la operación.\n\nDesafortunadamente, el lugar está lleno de naves y torretas antiaéreas. Así que asegúrate de que tú y tu gente estáis preparados y recuerda que los tanques de combustible son la prioridad. No hace falta hacerse el héroe.\n\nBuena suerte,\n\nEugene Walton\nDespachador, Foxwell Enforcement\n'Seguridad, a tu manera'\n\nFoxwell Enforcement es un especialista en seguridad autorizado para operar en toda la UEE. Siempre estamos buscando nuevos operadores que se unan a nuestra familia. Si tú o alguien que conozcas está interesado, ponte en contacto con uno de nuestros representantes de contratos.\n\n<EM3>BLUEPRINTS POTENCIALES</EM3>\n- Antium Jet (Casco)\n- Antium Moss Camo (Brazos)\n- Antium Maroon (Coraza)\n- Antium Moss Camo (Coraza)\n- Antium Maroon (Casco)\n- Antium Camo Musgo (Casco)\n- Pantalones Antium Maroon\n- Pantalones Antium Camo Musgo\n\n<EM3>DETALLES DE MISION</EM3>\n<EM4>Tipo de misión:</EM4> Cadena\n<EM4>Dificultad (1-7):</EM4> Combate 5/7 | Complejidad 4/7 | Riesgo 5/7 | Conocimiento 4/7\n<EM4>Hostiles:</EM4> Hostiles x7\n<EM4>Contratista Veterano:</EM4> 250 Rep (Contratista)\n<EM4>Recompensa de blueprint:</EM4> Garantizado","Foxwell ha sido contratada por un cliente para participar en una operación de varias fases en una base de forajidos conocida en <EM4>~mission(Location|Address)</EM4> y necesita un piloto competente para desempeñar su papel.\n\nTú, y cualquier nave de apoyo que consigas reunir, tendréis la misión de destruir los tanques de combustible ubicados allí para preparar el terreno para el resto de la operación.\n\nDesafortunadamente, el lugar está lleno de naves y torretas antiaéreas. Así que asegúrate de que tú y tu gente estáis preparados y recuerda que los tanques de combustible son la prioridad. No hace falta hacerse el héroe.\n\nBuena suerte,\n\nEugene Walton\nDespachador, Foxwell Enforcement\n'Seguridad, a tu manera'\n\nFoxwell Enforcement es un especialista en seguridad autorizado para operar en toda la UEE. Siempre estamos buscando nuevos operadores que se unan a nuestra familia. Si tú o alguien que conozcas está interesado, ponte en contacto con uno de nuestros representantes de contratos.\n\n<EM3>BLUEPRINTS POTENCIALES</EM3>\n- Antium Maroon (Brazos)\n- Antium Moss Camo (Brazos)\n- Antium Maroon (Coraza)\n- Antium Moss Camo (Coraza)\n- Antium Maroon (Casco)\n- Antium Camo Musgo (Casco)\n- Pantalones Antium Maroon\n- Pantalones Antium Camo Musgo\n\n<EM3>DETALLES DE MISION</EM3>\n<EM4>Tipo de misión:</EM4> Cadena\n<EM4>Dificultad (1-7):</EM4> Combate 5/7 | Complejidad 4/7 | Riesgo 5/7 | Conocimiento 4/7\n<EM4>Hostiles:</EM4> Hostiles x7\n<EM4>Contratista Veterano:</EM4> 250 Rep (Contratista)\n<EM4>Recompensa de blueprint:</EM4> Garantizado"
cambiada,Item_NameConstellation_Paint_FW2955_Grey_Black_Red_Camo,Constellation Mk IV Nightbreak Livery,Pintura Nightbreak para Constellation Mk IV,Pintura Nightbreak para Constellation
cambiada,ORS_Construct_Medium_Desc,"Hullo,\n\nCrusader have been in touch to say that the scale of the damage to their platforms is greater than they initially thought and they'll need more propulsors than they originally estimated for.\n\nWe're contracting out their request to anyone with an available Item Fabricator standing by. Though I guess you could source the propulsors some other way, but that's on you.\n\nOnce ready, deliver them to <EM4>~mission(Destination|Target|Address)</EM4>. Payment sent on completion.\n\nTa very much,\nHal Grimsby\nContracts Manager\n\nCORNERSTONE DEVELOPMENTS\n""Building on the Foundations of our Past.""\n\n<EM4>Scenario Progress Points 8,400</EM4>","Hola,\n\nEn Crusader nos han comunicado que el alcance de los daños en sus plataformas es mayor de lo que pensaban inicialmente y que necesitarán más propulsores de los que habían estimado.\n\nEstamos subcontratando su solicitud a cualquiera que disponga de un Fabricador de objetos. Aunque también puedes conseguir los propulsores por otros medios, eso ya depende de ti.\n\nCuando los tengas listos, entrégalos en <EM4>~mission(Destination|Target|Address)</EM4>. El pago se realizará al completar el encargo.\n\nMuchas gracias,\nHal Grimsby\nResponsable de contratos\n\nCORNERSTONE MAINTENANCE\n""Construyendo sobre los cimientos de nuestro pasado.""\n\n<EM3>DETALLES DE MISION</EM3>\n<EM4>Tipo de misión:</EM4> Estándar\n<EM4>Dificultad (1-7):</EM4> Combate 4/7 | Complejidad 5/7 | Riesgo 5/7 | Conocimiento 4/7\n<EM4>Rep:</EM4> 8,400","Hola,\n\nEn Crusader nos han comunicado que el alcance de los daños en sus plataformas es mayor de lo que pensaban inicialmente y que necesitarán más propulsores de los que habían estimado.\n\nEstamos subcontratando su solicitud a cualquiera que disponga de un Fabricador de objetos. Aunque también puedes conseguir los propulsores por otros medios, eso ya depende de ti.\n\nCuando los tengas listos, entrégalos en <EM4>~mission(Destination|Target|Address)</EM4>. El pago se realizará al completar el encargo.\n\nMuchas gracias,\nHal Grimsby\nResponsable de contratos\n\nCORNERSTONE MAINTENANCE\n""Construyendo sobre los cimientos de nuestro pasado.""\n\n<EM3>BLUEPRINTS POTENCIALES</EM3>\n- Propulsor TH-01\n\n<EM3>DETALLES DE MISION</EM3>\n<EM4>Tipo de misión:</EM4> Estándar\n<EM4>Dificultad (1-7):</EM4> Combate 4/7 | Complejidad 5/7 | Riesgo 5/7 | Conocimiento 4/7\n<EM4>Rep:</EM4> 8,400\n<EM4>Recompensa de blueprint:</EM4> Garantizado"
cambiada,ORS_Construct_Medium_Title,Orison Relief: Medium Fabrication Order,"Socorro en Orison: Pedido de fabricación mediano <EM4>[8,400 Rep]</EM4>","Socorro en Orison: Pedido de fabricación mediano <EM4>[BP]</EM4> <EM4>[8,400 Rep]</EM4>"
cambiada,ORS_Construct_Small_Desc,"Now then,\n \nAfter the Nine Tails attack, the folks at Crusader could do with more than just a helping hand. What they need are proper propulsors to help replace the ones damaged in the attacks.\n \nWe've attached a blueprint for the TH-01 Propulsor that you can access at an <EM4>Item Fabricator.</EM4> Just search for it on the fabricator's terminal and you'll be able to see what materials are needed. Up to you whether you go out and find those materials yourself or buy them from a trader. (And if you don't have a fabricator yet, you'll have to purchase one at a shop, unload it at a freight elevator, and then set it up in a hangar or ship's cargo bay.) \n \nOnce you're done bring them to <EM4>~mission(Destination|Target|Address)</EM4> and one of the team will sort out the rest.\n \nTa very much,\nHal Grimsby\nContracts Manager\n\nCORNERSTONE DEVELOPMENTS\n""Building on the Foundations of our Past.""\n\n\n<EM4>Scenario Progress Points 4,200</EM4>","Bien,\n\nTras el ataque de los Nine Tails, la gente de Crusader necesita algo más que una simple ayuda. Lo que necesitan son propulsores para sustituir los que resultaron dañados en los ataques.\n\nHemos adjuntado un plano con los materiales necesarios para fabricarlos. Depende de ti si sales a buscarlos o los compras a un comerciante. En cualquier caso, necesitarás acceso a un Fabricador de objetos para crearlos.\n\nCuando los tengas, llévalos a <EM4>~mission(Destination|Target|Address)</EM4> y el equipo se encargará del resto.\n\nMuchas gracias,\nHal Grimsby\nResponsable de contratos\n\nCORNERSTONE MAINTENANCE\n""Construyendo sobre los cimientos de nuestro pasado.""\n\n<EM3>DETALLES DE MISION</EM3>\n<EM4>Tipo de misión:</EM4> Estándar\n<EM4>Dificultad (1-7):</EM4> Combate 4/7 | Complejidad 5/7 | Riesgo 5/7 | Conocimiento 4/7\n<EM4>Rep:</EM4> 4,200","Bien,\n\nTras el ataque de los Nine Tails, la gente de Crusader necesita algo más que una simple ayuda. Lo que necesitan son propulsores para sustituir los que resultaron dañados en los ataques.\n\nHemos adjuntado un plano con los materiales necesarios para fabricarlos. Depende de ti si sales a buscarlos o los compras a un comerciante. En cualquier caso, necesitarás acceso a un Fabricador de objetos para crearlos.\n\nCuando los tengas, llévalos a <EM4>~mission(Destination|Target|Address)</EM4> y el equipo se encargará del resto.\n\nMuchas gracias,\nHal Grimsby\nResponsable de contratos\n\nCORNERSTONE MAINTENANCE\n""Construyendo sobre los cimientos de nuestro pasado.""\n\n<EM3>BLUEPRINTS POTENCIALES</EM3>\n- Propulsor TH-01\n\n<EM3>DETALLES DE MISION</EM3>\n<EM4>Tipo de misión:</EM4> Estándar\n<EM4>Dificultad (1-7):</EM4> Combate 4/7 | Complejidad 5/7 | Riesgo 5/7 | Conocimiento 4/7\n<EM4>Rep:</EM4> 4,200\n<EM4>Recompensa de blueprint:</EM4> Garantizado"
cambiada,ORS_Construct_Small_Title,Orison Relief: Small Fabrication Order,"Socorro en Orison: Pedido de fabricación pequeño <EM4>[4,200 Rep]</EM4>","Socorro en Orison: Pedido de fabricación pequeño <EM4>[BP]</EM4> <EM4>[4,200 Rep]</EM4>"
cambiada,"SP_Wait_Obj,P",Wait for Dispatch,Esperar el despliegue,Esperar el despliegue: %ls
cambiada,destroyprobelegal_desc,~mission(Contractor|DestroyProbeDescription)\n\n<EM4>Reputation Awarded:</EM4> 100\n\n<EM4>Potential Blueprints</EM4>\n<EM4>Awarded from Neutral level variants</EM4>\n- Antium Helmet Jet\n- Antium Core Maroon\n- Antium Legs Maroon\n- Antium Helmet Maroon\n- Antium Helmet Moss Camo\n- Antium Arms Moss Camo\n- Antium Core Moss Camo\n- Antium Legs Moss Camo\n,~mission(Contractor|DestroyProbeDescription)\n\n<EM3>BLUEPRINTS POTENCIALES</EM3>\n- Antium Jet (Casco)\n- Antium Moss Camo (Brazos)\n- Antium Maroon (Coraza)\n- Antium Moss Camo (Coraza)\n- Antium Maroon (Casco)\n- Antium Camo Musgo (Casco)\n- Pantalones Antium Maroon\n- Pantalones Antium Camo Musgo\n\n<EM3>DETALLES DE MISION</EM3>\n<EM4>Tipo de misión:</EM4> Cadena\n<EM4>Dificultad (1-7):</EM4> Combate 2/7 | Complejidad 2/7 | Riesgo 2/7 | Conocimiento 2/7\n<EM4>Neutro:</EM4> 100 Rep\n<EM4>Recompensa de blueprint:</EM4> Garantizado,~mission(Contractor|DestroyProbeDescription)\n\n<EM3>BLUEPRINTS POTENCIALES</EM3>\n- Antium Maroon (Brazos)\n- Antium Moss Camo (Brazos)\n- Antium Maroon (Coraza)\n- Antium Moss Camo (Coraza)\n- Antium Maroon (Casco)\n- Antium Camo Musgo (Casco)\n- Pantalones Antium Maroon\n- Pantalones Antium Camo Musgo\n\n<EM3>DETALLES DE MISION</EM3>\n<EM4>Tipo de misión:</EM4> Cadena\n<EM4>Dificultad (1-7):</EM4> Combate 2/7 | Complejidad 2/7 | Riesgo 2/7 | Conocimiento 2/7\n<EM4>Neutro:</EM4> 100 Rep\n<EM4>Recompensa de blueprint:</EM4> Garantizado
cambiada,foxwell_DefendShip_E_desc_001,"Foxwell is looking for an available combat pilot to provide immediate assistance to a ~mission(Ship) under attack over by ~mission(Location|Address). We have not identified the perpetrators in the attack, but have been assured it is a small force.\n\nPlease dispatch quickly and clear out all hostiles. We need the client to make it through this as they haven't paid us yet.\n\nGood luck,\n\nEugene Walton\nFoxwell Enforcement\n'Security, Your Way'\n\nFoxwell Enforcement is a bonded security specialist licensed to operate throughout the UEE. We are always looking for new operators to join our family. If you or anyone you know is interested, please reach out to one of our contract representatives.\n\n<EM4>Reputation Awarded:</EM4> 100\n\n<EM4>Potential Blueprints</EM4>\n<EM4>Awarded from Neutral level variants</EM4>\n- Antium Helmet Jet\n- Antium Core Maroon\n- Antium Legs Maroon\n- Antium Helmet Maroon\n- Antium Helmet Moss Camo\n- Antium Arms Moss Camo\n- Antium Core Moss Camo\n- Antium Legs Moss Camo\n","Foxwell está buscando un piloto de combate disponible para proporcionar asistencia inmediata a una ~mission(Ship) bajo ataque cerca de ~mission(Location|Address). No hemos identificado a los responsables del ataque, pero nos han asegurado que es una fuerza pequeña.\n\nPor favor, envíen refuerzos rápidamente y eliminen a todos los hostiles. Necesitamos que el cliente sobreviva, ya que aún no nos ha pagado.\n\nBuena suerte,\n\nEugene Walton\nFoxwell Enforcement\n'Seguridad, a tu manera'\n\nFoxwell Enforcement es un especialista en seguridad con licencia para operar en toda la UEE. Siempre estamos buscando nuevos operadores para unirse a nuestra familia. Si tú o alguien que conozcas está interesado, por favor, contacta a uno de nuestros representantes de contratos.\n\n<EM3>BLUEPRINTS POTENCIALES</EM3>\n- Antium Jet (Casco)\n- Antium Moss Camo (Brazos)\n- Antium Maroon (Coraza)\n- Antium Moss Camo (Coraza)\n- Antium Maroon (Casco)\n- Antium Camo Musgo (Casco)\n- Pantalones Antium Maroon\n- Pantalones Antium Camo Musgo\n\n<EM3>DETALLES DE MISION</EM3>\n<EM4>Tipo de misión:</EM4> Cadena\n<EM4>Dificultad (1-7):</EM4> Combate 3/7 | Complejidad 4/7 | Riesgo 5/7 | Conocimiento 4/7\n<EM4>Hostiles:</EM4> Hostiles x3\n<EM4>Aliados:</EM4> Naves a defender x1\n<EM4>Neutro:</EM4> 100 Rep\n<EM4>Recompensa de blueprint:</EM4> Garantizado","Foxwell está buscando un piloto de combate disponible para proporcionar asistencia inmediata a una ~mission(Ship) bajo ataque cerca de ~mission(Location|Address). No hemos identificado a los responsables del ataque, pero nos han asegurado que es una fuerza pequeña.\n\nPor favor, envíen refuerzos rápidamente y eliminen a todos los hostiles. Necesitamos que el cliente sobreviva, ya que aún no nos ha pagado.\n\nBuena suerte,\n\nEugene Walton\nFoxwell Enforcement\n'Seguridad, a tu manera'\n\nFoxwell Enforcement es un especialista en seguridad con licencia para operar en toda la UEE. Siempre estamos buscando nuevos operadores para unirse a nuestra familia. Si tú o alguien que conozcas está interesado, por favor, contacta a uno de nuestros representantes de contratos.\n\n<EM3>BLUEPRINTS POTENCIALES</EM3>\n- Antium Maroon (Brazos)\n- Antium Moss Camo (Brazos)\n- Antium Maroon (Coraza)\n- Antium Moss Camo (Coraza)\n- Antium Maroon (Casco)\n- Antium Camo Musgo (Casco)\n- Pantalones Antium Maroon\n- Pantalones Antium Camo Musgo\n\n<EM3>DETALLES DE MISION</EM3>\n<EM4>Tipo de misión:</EM4> Cadena\n<EM4>Dificultad (1-7):</EM4> Combate 3/7 | Complejidad 4/7 | Riesgo 5/7 | Conocimiento 4/7\n<EM4>Hostiles:</EM4> Hostiles x3\n<EM4>Aliados:</EM4> Naves a defender x1\n<EM4>Neutro:</EM4> 100 Rep\n<EM4>Recompensa de blueprint:</EM4> Garantizado"
cambiada,foxwell_DefendShip_H_desc_001,"An emergency contract just came in about a fight near ~mission(Location|Address). Apparently a group of ships were ambushed by outlaws led by ~mission(TargetName), who's been wanted on multiple planets for murder and ship theft. Foxwell's looking for top tier combat pilots to go and protect the clients against them.\n\nThis one's been flagged as a red level contract so it's really dangerous. If you have people you could bring, you probably should. If you do, you should also let them know about Foxwell's hiring policies. \n\nEugene Walton\nFoxwell Enforcement\n'Security, Your Way'\n\nFoxwell Enforcement is a bonded security specialist licensed to operate throughout the UEE. We are always looking for new operators to join our family. If you or anyone you know is interested, please reach out to one of our contract representatives.\n\n<EM4>Reputation Awarded:</EM4> 200\n\n<EM4>Potential Blueprints</EM4>\n- Antium Helmet Jet\n- Antium Core Maroon\n- Antium Legs Maroon\n- Antium Helmet Maroon\n- Antium Helmet Moss Camo\n- Antium Arms Moss Camo\n- Antium Core Moss Camo\n- Antium Legs Moss Camo\n","Un contrato de emergencia acaba de llegar sobre una pelea cerca de ~mission(Location|Address). Aparentemente, un grupo de naves fue emboscado por forajidos liderados por ~mission(TargetName), quien ha sido buscado en varios planetas por asesinato y robo de naves. Foxwell está buscando pilotos de combate de primer nivel para proteger a los clientes contra ellos.\n\nEste contrato ha sido marcado como de nivel rojo, por lo que es realmente peligroso. Si tienes personas que puedas traer, probablemente deberías. Si lo haces, también deberías informarles sobre las políticas de contratación de Foxwell.\n\nEugene Walton\nFoxwell Enforcement\n'Seguridad, a tu manera'\n\nFoxwell Enforcement es un especialista en seguridad con licencia para operar en toda la UEE. Siempre estamos buscando nuevos operadores para unirse a nuestra familia. Si tú o alguien que conozcas está interesado, por favor, contacta a uno de nuestros representantes de contratos.\n\n<EM3>BLUEPRINTS POTENCIALES</EM3>\n- Antium Jet (Casco)\n- Antium Moss Camo (Brazos)\n- Antium Maroon (Coraza)\n- Antium Moss Camo (Coraza)\n- Antium Maroon (Casco)\n- Antium Camo Musgo (Casco)\n- Pantalones Antium Maroon\n- Pantalones Antium Camo Musgo\n\n<EM3>DETALLES DE MISION</EM3>\n<EM4>Tipo de misión:</EM4> Cadena\n<EM4>Dificultad (1-7):</EM4> Combate 5/7 | Complejidad 5/7 | Riesgo 6/7 | Conocimiento 5/7\n<EM4>Hostiles:</EM4> Hostiles x4\n<EM4>Aliados:</EM4> Naves a defender x1\n<EM4>Contratista:</EM4> 200 Rep\n<EM4>Contratista Sr.:</EM4> 200 Rep (Contratista)\n<EM4>Contratista Jr.:</EM4> 200 Rep (Contratista)\n<EM4>Recompensa de blueprint:</EM4> Garantizado","Un contrato de emergencia acaba de llegar sobre una pelea cerca de ~mission(Location|Address). Aparentemente, un grupo de naves fue emboscado por forajidos liderados por ~mission(TargetName), quien ha sido buscado en varios planetas por asesinato y robo de naves. Foxwell está buscando pilotos de combate de primer nivel para proteger a los clientes contra ellos.\n\nEste contrato ha sido marcado como de nivel rojo, por lo que es realmente peligroso. Si tienes personas que puedas traer, probablemente deberías. Si lo haces, también deberías informarles sobre las políticas de contratación de Foxwell.\n\nEugene Walton\nFoxwell Enforcement\n'Seguridad, a tu manera'\n\nFoxwell Enforcement es un especialista en seguridad con licencia para operar en toda la UEE. Siempre estamos buscando nuevos operadores para unirse a nuestra familia. Si tú o alguien que conozcas está interesado, por favor, contacta a uno de nuestros representantes de contratos.\n\n<EM3>BLUEPRINTS POTENCIALES</EM3>\n- Antium Maroon (Brazos)\n- Antium Moss Camo (Brazos)\n- Antium Maroon (Coraza)\n- Antium Moss Camo (Coraza)\n- Antium Maroon (Casco)\n- Antium Camo Musgo (Casco)\n- Pantalones Antium Maroon\n- Pantalones Antium Camo Musgo\n\n<EM3>DETALLES DE MISION</EM3>\n<EM4>Tipo de misión:</EM4> Cadena\n<EM4>Dificultad (1-7):</EM4> Combate 5/7 | Complejidad 5/7 | Riesgo 6/7 | Conocimiento 5/7\n<EM4>Hostiles:</EM4> Hostiles x4\n<EM4>Aliados:</EM4> Naves a defender x1\n<EM4>Contratista:</EM4> 200 Rep\n<EM4>Contratista Sr.:</EM4> 200 Rep (Contratista)\n<EM4>Contratista Jr.:</EM4> 200 Rep (Contratista)\n<EM4>Recompensa de blueprint:</EM4> Garantizado"
cambiada,foxwell_DefendShip_M_desc_001,"Got an orange level contract for any available combat pilots. A ~mission(Ship) is under attack around ~mission(Location|Address) and is in desperate need for assistance. We're not sure how many perpetrators there are, but they seem motivated and dangerous so exercise caution.\n\nOnce on site, engage and destroy any hostiles you encounter and protect the client. Once they've transferred the credits, we'll route you your payment.\n\nEugene Walton\nFoxwell Enforcement\n'Security, Your Way'\n\nFoxwell Enforcement is a bonded security specialist licensed to operate throughout the UEE. We are always looking for new operators to join our family. If you or anyone you know is interested, please reach out to one of our contract representatives.\n\n<EM4>Reputation Awarded:</EM4> 150\n\n<EM4>Potential Blueprints</EM4>\n- Antium Helmet Jet\n- Antium Core Maroon\n- Antium Legs Maroon\n- Antium Helmet Maroon\n- Antium Helmet Moss Camo\n- Antium Arms Moss Camo\n- Antium Core Moss Camo\n- Antium Legs Moss Camo\n","Tenemos un contrato de nivel naranja para cualquier piloto de combate disponible. Una ~mission(Ship) está bajo ataque cerca de ~mission(Location|Address) y necesita desesperadamente ayuda. No estamos seguros de cuántos atacantes hay, pero parecen ser muy peligrosos, así que ten cuidado.\n\nUna vez en el sitio, elimina a los hostiles que encuentres y protege al cliente. Una vez que hayan transferido los créditos, te enviaremos el pago.\n\nEugene Walton\nFoxwell Enforcement\n'Seguridad, a tu manera'\n\nFoxwell Enforcement es un especialista en seguridad con licencia para operar en toda la UEE. Siempre estamos buscando nuevos operadores para unirse a nuestra familia. Si tú o alguien que conozcas está interesado, por favor, contacta a uno de nuestros representantes de contratos.\n\n<EM3>BLUEPRINTS POTENCIALES</EM3>\n- Antium Jet (Casco)\n- Antium Moss Camo (Brazos)\n- Antium Maroon (Coraza)\n- Antium Moss Camo (Coraza)\n- Antium Maroon (Casco)\n- Antium Camo Musgo (Casco)\n- Pantalones Antium Maroon\n- Pantalones Antium Camo Musgo\n\n<EM3>DETALLES DE MISION</EM3>\n<EM4>Tipo de misión:</EM4> Cadena\n<EM4>Dificultad (1-7):</EM4> Combate 4/7 | Complejidad 4/7 | Riesgo 5/7 | Conocimiento 4/7\n<EM4>Hostiles:</EM4> Hostiles x4\n<EM4>Aliados:</EM4> Naves a defender x1\n<EM4>Contratista Jr.:</EM4> 150 Rep (Contratista)\n<EM4>Contratista:</EM4> 150 Rep\n<EM4>Recompensa de blueprint:</EM4> Garantizado","Tenemos un contrato de nivel naranja para cualquier piloto de combate disponible. Una ~mission(Ship) está bajo ataque cerca de ~mission(Location|Address) y necesita desesperadamente ayuda. No estamos seguros de cuántos atacantes hay, pero parecen ser muy peligrosos, así que ten cuidado.\n\nUna vez en el sitio, elimina a los hostiles que encuentres y protege al cliente. Una vez que hayan transferido los créditos, te enviaremos el pago.\n\nEugene Walton\nFoxwell Enforcement\n'Seguridad, a tu manera'\n\nFoxwell Enforcement es un especialista en seguridad con licencia para operar en toda la UEE. Siempre estamos buscando nuevos operadores para unirse a nuestra familia. Si tú o alguien que conozcas está interesado, por favor, contacta a uno de nuestros representantes de contratos.\n\n<EM3>BLUEPRINTS POTENCIALES</EM3>\n- Antium Maroon (Brazos)\n- Antium Moss Camo (Brazos)\n- Antium Maroon (Coraza)\n- Antium Moss Camo (Coraza)\n- Antium Maroon (Casco)\n- Antium Camo Musgo (Casco)\n- Pantalones Antium Maroon\n- Pantalones Antium Camo Musgo\n\n<EM3>DETALLES DE MISION</EM3>\n<EM4>Tipo de misión:</EM4> Cadena\n<EM4>Dificultad (1-7):</EM4> Combate 4/7 | Complejidad 4/7 | Riesgo 5/7 | Conocimiento 4/7\n<EM4>Hostiles:</EM4> Hostiles x4\n<EM4>Aliados:</EM4> Naves a defender x1\n<EM4>Contratista Jr.:</EM4> 150 Rep (Contratista)\n<EM4>Contratista:</EM4> 150 Rep\n<EM4>Recompensa de blueprint:</EM4> Garantizado"
cambiada,item_DescSTV_Paint_Silver_Blue,"Ground adventures never looked so good with the Blue Carbon livery, which gives the STV a sleek carbon-fiber finish trimmed with vibrant blue.","Las aventuras terrestres nunca se vieron tan bien con la pintura Blue Carbon, que le da al STV un elegante acabado de fibra de carbono adornado con un azul vibrante.","Las aventuras terrestrés nunca se vieron tan bien con la decoracion Blue Steel, que le da al STV un elegante acabado plateado adornado con un azul vibrante."
cambiada,item_Desc_rsi_utility_heavy_backpack_01_01_01,"Item Type: Heavy Backpack\nCarrying Capacity: 180K µSCU\nCore Compatibility: Heavy\n\nThe Zeus Exploration Suit has been designed to honor some of the earliest space pioneers, the RSI crews who developed and tested the Zeus, the first commercial spacecraft. While the suit is styled to match those used centuries ago with attachments for a helmet and backpack, it contains all of the modern technology and conveniences expected by present-day explorers. The Zeus offers good resistance to harsh environments and excellent storage space for sample-collecting during EVAs. ","Tipo de artículo: Mochila pesada\nCapacidad de carga: 180K µSCU\nCompatibilidad con el núcleo: Pesada\n\nEl traje de exploración Zeus ha sido diseñado para honrar a algunos de los primeros pioneros espaciales, las tripulaciones de RSI que desarrollaron y probaron el Zeus, la primera nave espacial comercial. Aunque el traje está diseñado para coincidir con los usados hace siglos, con accesorios para casco y mochila, contiene toda la tecnología moderna y las comodidades que los exploradores actuales esperan. El Zeus ofrece buena resistencia a los entornos hostiles y un excelente espacio de almacenamiento para la recolección de muestras durante las EVA.","Tipo de artículo: Mochila pesada\nCapacidad de carga: 180K SP\nCompatibilidad con el núcleo: Pesada\n\nEl traje de exploración Zeus ha sido diseñado para honrar a algunos de los primeros pioneros espaciales, las tripulaciones de RSI que desarrollaron y probaron el Zeus, la primera nave espacial comercial. Aunque el traje está diseñado para coincidir con los usados hace siglos, con accesorios para casco y mochila, contiene toda la tecnología moderna y las comodidades que los exploradores actuales esperan. El Zeus ofrece buena resistencia a los entornos hostiles y un excelente espacio de almacenamiento para la recolección de muestras durante las EVA."
cambiada,item_Desc_rsi_utility_heavy_backpack_01_01_03,"Item Type: Heavy Backpack\nCarrying Capacity: 180K µSCU\nCore Compatibility: Heavy\n\nThe Zeus Exploration Suit has been designed to honor some of the earliest space pioneers, the RSI crews who developed and tested the Zeus, the first commercial spacecraft. While the suit is styled to match those used centuries ago with attachments for a helmet and backpack, it contains all of the modern technology and conveniences expected by present-day explorers. The Zeus offers good resistance to harsh environments and excellent storage space for sample-collecting during EVAs.  The Solar variant honors the orange color scheme worn by RSI test pilots.","Tipo de artículo: Mochila pesada\nCapacidad de carga: 180K µSCU\nCompatibilidad con el núcleo: Pesada\n\nEl traje de exploración Zeus ha sido diseñado para honrar a algunos de los primeros pioneros espaciales, las tripulaciones de RSI que desarrollaron y probaron el Zeus, la primera nave espacial comercial. Aunque el traje está diseñado para coincidir con los usados hace siglos, con accesorios para casco y mochila, contiene toda la tecnología moderna y las comodidades que los exploradores actuales esperan. El Zeus ofrece buena resistencia a los entornos hostiles y un excelente espacio de almacenamiento para la recolección de muestras durante las EVA. La variante Solar honra el esquema de color naranja usado por los pilotos de prueba de RSI.","Tipo de artículo: Mochila pesada\nCapacidad de carga: 180K SP\nCompatibilidad con el núcleo: Pesada\n\nEl traje de exploración Zeus ha sido diseñado para honrar a algunos de los primeros pioneros espaciales, las tripulaciones de RSI que desarrollaron y probaron el Zeus, la primera nave espacial comercial. Aunque el traje está diseñado para coincidir con los usados hace siglos, con accesorios para casco y mochila, contiene toda la tecnología moderna y las comodidades que los exploradores actuales esperan. El Zeus ofrece buena resistencia a los entornos hostiles y un excelente espacio de almacenamiento para la recolección de muestras durante las EVA. La variante Solar honra el esquema de color naranja usado por los pilotos de prueba de RSI."
cambiada,item_Desc_rsi_utility_heavy_backpack_01_01_12,"Item Type: Heavy Backpack\nCarrying Capacity: 180K µSCU\nCore Compatibility: Heavy\n\nThe Zeus Exploration Suit has been designed to honor some of the earliest space pioneers, the RSI crews who developed and tested the Zeus, the first commercial spacecraft. While the suit is styled to match those used centuries ago with attachments for a helmet and backpack, it contains all of the modern technology and conveniences expected by present-day explorers. The Zeus offers good resistance to harsh environments and excellent storage space for sample-collecting during EVAs.  The Starscape variant honors the black color scheme worn by RSI engineers.","Tipo de artículo: Mochila pesada\nCapacidad de carga: 180K µSCU\nCompatibilidad con el núcleo: Pesada\n\nEl traje de exploración Zeus ha sido diseñado para honrar a algunos de los primeros pioneros espaciales, las tripulaciones de RSI que desarrollaron y probaron el Zeus, la primera nave espacial comercial. Aunque el traje está diseñado para coincidir con los usados hace siglos, con accesorios para casco y mochila, contiene toda la tecnología moderna y las comodidades que los exploradores actuales esperan. El Zeus ofrece buena resistencia a los entornos hostiles y un excelente espacio de almacenamiento para la recolección de muestras durante las EVA. La variante Starscape honra el esquema de color negro usado por los ingenieros de RSI.","Tipo de artículo: Mochila pesada\nCapacidad de carga: 180K SP\nCompatibilidad con el núcleo: Pesada\n\nEl traje de exploración Zeus ha sido diseñado para honrar a algunos de los primeros pioneros espaciales, las tripulaciones de RSI que desarrollaron y probaron el Zeus, la primera nave espacial comercial. Aunque el traje está diseñado para coincidir con los usados hace siglos, con accesorios para casco y mochila, contiene toda la tecnología moderna y las comodidades que los exploradores actuales esperan. El Zeus ofrece buena resistencia a los entornos hostiles y un excelente espacio de almacenamiento para la recolección de muestras durante las EVA. La variante Starscape honra el esquema de color negro usado por los ingenieros de RSI."
cambiada,item_Desc_rsi_utility_heavy_helmet_01_01_01,"Item Type: Heavy Armor\nDamage Reduction: 25%\nTemp. Rating: -150 / 175 °C\nRadiation Protection: 33600 REM\nRadiation Scrub Rate: 147.42 REM/s\n\nThe Zeus Exploration Suit has been designed to honor some of the earliest space pioneers, the RSI crews who developed and tested the Zeus, the first commercial spacecraft. While the suit is styled to match those used centuries ago with attachments for a helmet and backpack, it contains all of the modern technology and conveniences expected by present-day explorers. The Zeus offers good resistance to harsh environments and excellent storage space for sample-collecting during EVAs. This helmet is only compatible with the Zeus Exploration Suit.","Tipo de artículo: Armadura pesada\nReducción de daño: 25%\nRango de temperatura: -150 / 175 °C\nProtección contra radiación: 33600 REM\nTasa de limpieza de radiación: 147.42 REM/s\n\nEl traje de exploración Zeus ha sido diseñado para honrar a algunos de los primeros pioneros espaciales, las tripulaciones de RSI que desarrollaron y probaron el Zeus, la primera nave espacial comercial. Aunque el traje está estilizado para coincidir con los usados hace siglos con accesorios para casco y mochila, contiene toda la tecnología moderna y comodidades que esperan los exploradores actuales. El Zeus ofrece buena resistencia a ambientes hostiles y un excelente espacio de almacenamiento para la recolección de muestras durante las EVAs. Este casco es compatible únicamente con el traje de exploración Zeus.","Tipo de artículo: Armadura pesada\nReducción de daño: 40%\nRango de temperatura: -150 / 175 °C\nProtección contra radiación: 33600 REM\nTasa de limpieza de radiación: 147.42 REM/s\n\nEl traje de exploración Zeus ha sido diseñado para honrar a algunos de los primeros pioneros espaciales, las tripulaciones de RSI que desarrollaron y probaron el Zeus, la primera nave espacial comercial. Aunque el traje está estilizado para coincidir con los usados hace siglos con accesorios para casco y mochila, contiene toda la tecnología moderna y comodidades que esperan los exploradores actuales. El Zeus ofrece buena resistencia a ambientes hostiles y un excelente espacio de almacenamiento para la recolección de muestras durante las EVAs. Este casco es compatible únicamente con el traje de exploración Zeus."
cambiada,item_Desc_rsi_utility_heavy_helmet_01_01_03,"Item Type: Heavy Armor\nDamage Reduction: 25%\nTemp. Rating: -150 / 175 °C\nRadiation Protection: 33600 REM\nRadiation Scrub Rate: 147.42 REM/s\n\nThe Zeus Exploration Suit has been designed to honor some of the earliest space pioneers, the RSI crews who developed and tested the Zeus, the first commercial spacecraft. While the suit is styled to match those used centuries ago with attachments for a helmet and backpack, it contains all of the modern technology and conveniences expected by present-day explorers. The Zeus offers good resistance to harsh environments and excellent storage space for sample-collecting during EVAs. This helmet is only compatible with the Zeus Exploration Suit. The Solar variant honors the orange color scheme worn by RSI test pilots.","Tipo de artículo: Armadura pesada\nReducción de daño: 25%\nRango de temperatura: -150 / 175 °C\nProtección contra radiación: 33600 REM\nTasa de limpieza de radiación: 147.42 REM/s\n\nEl traje de exploración Zeus ha sido diseñado para honrar a algunos de los primeros pioneros espaciales, las tripulaciones de RSI que desarrollaron y probaron el Zeus, la primera nave espacial comercial. Aunque el traje está estilizado para coincidir con los usados hace siglos con accesorios para casco y mochila, contiene toda la tecnología moderna y comodidades que esperan los exploradores actuales. El Zeus ofrece buena resistencia a ambientes hostiles y un excelente espacio de almacenamiento para la recolección de muestras durante las EVAs. Este casco es compatible únicamente con el traje de exploración Zeus. La variante Solar honra el esquema de color naranja usado por los pilotos de prueba de RSI.","Tipo de artículo: Armadura pesada\nReducción de daño: 40%\nRango de temperatura: -150 / 175 °C\nProtección contra radiación: 33600 REM\nTasa de limpieza de radiación: 147.42 REM/s\n\nEl traje de exploración Zeus ha sido diseñado para honrar a algunos de los primeros pioneros espaciales, las tripulaciones de RSI que desarrollaron y probaron el Zeus, la primera nave espacial comercial. Aunque el traje está estilizado para coincidir con los usados hace siglos con accesorios para casco y mochila, contiene toda la tecnología moderna y comodidades que esperan los exploradores actuales. El Zeus ofrece buena resistencia a ambientes hostiles y un excelente espacio de almacenamiento para la recolección de muestras durante las EVAs. Este casco es compatible únicamente con el traje de exploración Zeus. La variante Solar honra el esquema de color naranja usado por los pilotos de prueba de RSI."
cambiada,item_Desc_rsi_utility_heavy_helmet_01_01_12,"Item Type: Heavy Armor\nDamage Reduction: 25%\nTemp. Rating: -150 / 175 °C\nRadiation Protection: 33600 REM\nRadiation Scrub Rate: 147.42 REM/s\n\nThe Zeus Exploration Suit has been designed to honor some of the earliest space pioneers, the RSI crews who developed and tested the Zeus, the first commercial spacecraft. While the suit is styled to match those used centuries ago with attachments for a helmet and backpack, it contains all of the modern technology and conveniences expected by present-day explorers. The Zeus offers good resistance to harsh environments and excellent storage space for sample-collecting during EVAs. This helmet is only compatible with the Zeus Exploration Suit. The Starscape variant honors the black color scheme worn by RSI engineers.","Tipo de artículo: Armadura pesada\nReducción de daño: 25%\nRango de temperatura: -150 / 175 °C\nProtección contra radiación: 33600 REM\nTasa de limpieza de radiación: 147.42 REM/s\n\nEl traje de exploración Zeus ha sido diseñado para honrar a algunos de los primeros pioneros espaciales, las tripulaciones de RSI que desarrollaron y probaron el Zeus, la primera nave espacial comercial. Aunque el traje está estilizado para coincidir con los usados hace siglos con accesorios para casco y mochila, contiene toda la tecnología moderna y comodidades que esperan los exploradores actuales. El Zeus ofrece buena resistencia a ambientes hostiles y un excelente espacio de almacenamiento para la recolección de muestras durante las EVAs. Este casco es compatible únicamente con el traje de exploración Zeus. La variante Starscape honra el esquema de color negro usado por los ingenieros de RSI.","Tipo de artículo: Armadura pesada\nReducción de daño: 40%\nRango de temperatura: -150 / 175 °C\nProtección contra radiación: 33600 REM\nTasa de limpieza de radiación: 147.42 REM/s\n\nEl traje de exploración Zeus ha sido diseñado para honrar a algunos de los primeros pioneros espaciales, las tripulaciones de RSI que desarrollaron y probaron el Zeus, la primera nave espacial comercial. Aunque el traje está estilizado para coincidir con los usados hace siglos con accesorios para casco y mochila, contiene toda la tecnología moderna y comodidades que esperan los exploradores actuales. El Zeus ofrece buena resistencia a ambientes hostiles y un excelente espacio de almacenamiento para la recolección de muestras durante las EVAs. Este casco es compatible únicamente con el traje de exploración Zeus. La variante Starscape honra el esquema de color negro usado por los ingenieros de RSI."
cambiada,"item_Desc_slaver_combat_medium_helmet_01_02_01,P","Item Type: Medium Armor\nDamage Reduction: 30%\nTemp. Rating: -60 / 90 °C\nRadiation Protection: 26400 REM\nRadiation Scrub Rate: 145.8 REM/s\n\nThe DustUp has your back if you’re looking to get into some trouble. Originally built to withstand explosions, it should totally protect you against some shots. The whole thing’s been reasonably tested against vacuum too, so you can feel free to EVA all you want without worrying about dying. Visor is AR crosshair compatible.\n\nThe Ultimatum edition features the signature neon pink iconography of the Nine Tails gang.","Tipo de objeto: Armadura media\nReducción de daño: 30%\nRango de temperatura: -60 / 90 °C\nProtección contra radiación: 26400 REM\nTasa de descontaminación: 145.8 REM/s\n\nLa DustUp te respalda si buscas meterte en problemas. Diseñada originalmente para soportar explosiones, debería protegerte sin problemas de algunos disparos. Además, ha sido probada razonablemente en vacío, por lo que puedes realizar EVA sin preocuparte por morir. La visera es compatible con retícula AR.\n\nLa edición Ultimatum presenta la característica iconografía rosa neón de la banda Nine Tails.","Tipo de objeto: Armadura media\nReducción de daño: 30%\nRango de temperatura: -60 / 90 °C\nProtección contra radiación: 26400 REM\nTasa de descontaminación: 145.8 REM/s\n\nLa DustUp te respalda si buscas meterte en problemas. Diseñada originalmente para soportar explosiones, debería protegerte sin problemas de algunos disparos. Además, ha sido probada razonablemente en vacío, por lo que puedes realizar EVA sin preocuparte por morir.\n\nLa edición Ultimatum presenta la característica iconografía rosa neón de la banda Nine Tails."
cambiada,item_Descklwe_lmg_energy_01_store01,"Manufacturer: Klaus & Werner\nItem Type: LMG\nClass: Energy (Laser)\n\nBattery Size: 100\nRate Of Fire: 400 rpm\nEffective Range: 40 m\n\nAttachments: Optics (S2), Barrel (S2), Underbarrel (S3)\n\nKlaus & Werner has created an iconic weapon with tried and true Demeco laser LMG. Used extensively in military engagements, this short-to-mid-range infantry favorite has been constructed with stability and accuracy at the forefront. \n\nThe Streamline edition is a subdued white finished with strokes of deep red and metallic accents.","Fabricante: Klaus & Werner\nTipo de artículo: LMG\nClase: Energía (Láser)\n\nTamaño de la batería: 100\nCadencia de fuego: 400 rpm\nAlcance efectivo: 40 m\n\nAccesorios: Óptica (S2), Cañón (S2), Bajo el cañón (S3)\n\nKlaus & Werner ha creado un arma icónica con el probado y fiable LMG láser Demeco. Utilizado ampliamente en enfrentamientos militares, este favorito de la infantería de corto a medio alcance ha sido construido con la estabilidad y la precisión como prioridad.\n\nLa edición Streamline es un blanco discreto rematado con trazos de rojo intenso y acentos metálicos.\n\n--- ESTADÍSTICAS ---\nPeso: 9.8 kg\nCadencia de fuego: 800 RPM\nModos de disparo: Auto\nDaño alfa: 11.5 (Energía)  |  DPS: 153.3\nMunición: 100\nVelocidad: 600 m/s  |  Alcance absoluto: 2.4 km",item_Nameklwe_lmg_energy_01_store01\n\n--- ESTADÍSTICAS ---\nPeso: 9.8 kg\nCadencia de fuego: 800 RPM\nModos de disparo: Auto\nDaño alfa: 11.5 (Energía)  |  DPS: 153.3\nMunición: 100\nVelocidad: 600 m/s  |  Alcance absoluto: 2.4 km
cambiada,item_NameConstellation_Paint_2950Invictus_1,Constellation Mk IV Invictus Blue and Gold Livery,Pintura Constellation Mk IV Invictus Blue and Gold,Pintura Constellation Invictus Blue and Gold
cambiada,item_NameConstellation_Paint_2950Invictus_2,Constellation Mk IV Dark Green Livery,Pintura Constellation Mk IV Dark Green,Pintura Constellation Dark Green
cambiada,item_NameConstellation_Paint_2952RedFestival_Red_Gold,Constellation Mk IV 2952 Auspicious Red Monkey Livery,Pintura Constellation Mk IV 2952 Auspicious Red Monkey,Pintura Constellation 2952 Auspicious Red Monkey
cambiada,item_NameConstellation_Paint_BlackHeron,Constellation Mk IV Black Heron Livery,Pintura Constellation Mk IV Black Heron,Pintura Constellation Black Heron
cambiada,item_NameConstellation_Paint_GoblinG_A_Red_Black,Constellation Mk IV ArcCorp Livery,Pintura Constellation Mk IV ArcCorp,Pintura Constellation ArcCorp
cambiada,item_NameConstellation_Paint_GoblinG_C_Blue_Black,Constellation Mk IV Crusader Livery,Pintura Constellation Mk IV Crusader,Pintura Constellation Crusader
cambiada,item_NameConstellation_Paint_GoblinG_H_Black_Yellow,Constellation Mk IV Hurston Livery,Pintura Constellation Mk IV Hurston,Pintura Constellation Hurston
cambiada,item_NameConstellation_Paint_GoblinG_M_White_Blue,Constellation Mk IV microTech Livery,Pintura Constellation Mk IV microTech,Pintura Constellation microTech
cambiada,item_NameConstellation_Paint_IAE2951_Blue_Black,Constellation Mk IV Stormbringer Livery,Pintura Constellation Mk IV Stormbringer,Pintura Constellation Stormbringer
cambiada,item_NameConstellation_Paint_IAE2951_Grey_White,Constellation Mk IV Polar Livery,Pintura Constellation Mk IV Polar,Pintura Constellation Polar
cambiada,item_NameConstellation_Paint_OrangeHeron,Constellation Mk IV Orange Heron Livery,Pintura Constellation Mk IV Orange Heron,Pintura Constellation Orange Heron
cambiada,item_NameConstellation_Paint_WhiteHeron,Constellation Mk IV White Heron Livery,Pintura Constellation Mk IV White Heron,Pintura Constellation White Heron
cambiada,item_NameFlair_Model_Constellation_Box,Constellation Mk IV Model Box,Caja modelo Constellation Mk IV,Caja modelo Constellation
cambiada,item_NameFlair_Model_Constellation_Gold,"Constellation Mk IV Model ""Gold""","Modelo Constellation Mk IV ""Gold""","Modelo Constellation ""Gold"""
cambiada,item_NameRSI_Constellation_Andromeda_shop,RSI Constellation Mk IV Andromeda,RSI Constellation Mk IV Andromeda,RSI Constellation Andromeda
cambiada,item_NameRSI_Constellation_Aquila_shop,RSI Constellation Mk IV Aquila,RSI Constellation Mk IV Aquila,RSI Constellation aquíla
cambiada,item_NameRSI_Constellation_Taurus_shop,RSI Constellation Mk IV Taurus,RSI Constellation Mk IV Tauro,RSI Constellation Tauro
cambiada,item_NameSTV_Paint_Silver_Blue,STV Blue Carbon Livery,Pintura STV Blue Carbon,Decoración STV Steel Azul```
cambiada,item_Name_qrt_specialist_heavy_arms_01_01_13,Antium Helmet Jet,Antium Jet (Casco),Antium Maroon (Brazos)
cambiada,item_Name_qrt_specialist_heavy_helmet_01_01_12,Antium Core Jet,Antium Jet (Coraza),Antium Jet (Casco)
cambiada,item_Name_rsi_utility_heavy_helmet_01_01_01,Zeus Exploration Helmet,Zeus (Casco),de Exploración Zeus (Casco)
cambiada,item_Name_rsi_utility_heavy_helmet_01_01_03,Zeus Exploration Helmet Solar,Zeus Solar (Casco),de Exploración Zeus Solar (Casco)
cambiada,item_Nameklwe_lmg_energy_01_store01_short,Demeco SL LMG,Ametralladora ligera Demeco SL,Ametralladora ligera Demeco RA
cambiada,vehicle_NameRSI_Constellation_Andromeda,RSI Constellation Mk IV Andromeda,RSI Constellation Mk IV Andromeda,RSI Constellation Andromeda
cambiada,vehicle_NameRSI_Constellation_Andromeda_short,Constltn. MkIV Andr.,Constltn. MkIV Andr.,Constellation Andr.
cambiada,vehicle_NameRSI_Constellation_Aquila,RSI Constellation Mk IV Aquila,RSI Constellation Mk IV Aquila,RSI Constellation Aquila
cambiada,vehicle_NameRSI_Constellation_Aquila_short,Constltn. MkIV Aqla.,Constltn. MkIV Aqla.,Constellation Aqlla.
cambiada,vehicle_NameRSI_Constellation_Phoenix,RSI Constellation Mk IV Phoenix,RSI Constellation Mk IV Phoenix,RSI Constellation Phoenix
cambiada,vehicle_NameRSI_Constellation_Phoenix_Emerald,RSI Constellation Mk IV Phoenix Emerald,RSI Constellation Mk IV Phoenix Emerald,RSI Constellation Phoenix Emerald
cambiada,vehicle_NameRSI_Constellation_Phoenix_short,Constltn. MkIV Phnx.,Constltn. MkIV Phnx.,Constellation Phnx.
cambiada,vehicle_NameRSI_Constellation_Taurus,RSI Constellation Mk IV Taurus,RSI Constellation Mk IV Taurus,RSI Constellation Taurus
cambiada,vehicle_NameRSI_Constellation_Taurus_Collector_Military,RSI Constellation Mk IV Taurus Wikelo War Special,RSI Constellation Mk IV Taurus Wikelo Especial de Guerra,RSI Constellation Taurus Wikelo Especial de Guerra
cambiada,vehicle_NameRSI_Constellation_Taurus_Collector_Military_short,Con. MkIV Tau. WAR,Con. MkIV Tau. WAR,Constltn. Tau. WAR
cambiada,vehicle_NameRSI_Constellation_Taurus_short,Constltn. MkIV Tau.,Constltn. MkIV Tau.,Constellation Tau.
